[03Dec2024 13:19:16.822] [main/INFO] [cpw.mods.modlauncher.Launcher/MODLAUNCHER]: ModLauncher running: args [--launchTarget, forgeclientuserdev, --version, 21.3.11-beta, --assetIndex, 18, --assetsDir, C:\\Users\\Admin\\.gradle\\caches\\neoformruntime\\assets, --gameDir, ., --fml.neoForgeVersion, 21.3.11-beta, --fml.fmlVersion, 5.0.1, --fml.mcVersion, 1.21.3, --fml.neoFormVersion, 20241023.131943]
[03Dec2024 13:19:16.825] [main/INFO] [cpw.mods.modlauncher.Launcher/MODLAUNCHER]: JVM identified as Oracle Corporation Java HotSpot(TM) 64-Bit Server VM 21.0.3+7-LTS-152
[03Dec2024 13:19:16.827] [main/INFO] [cpw.mods.modlauncher.Launcher/MODLAUNCHER]: ModLauncher 11.0.4+main.d2e20e43 starting: java version 21.0.3 by Oracle Corporation; OS Windows 11 arch amd64 version 10.0
[03Dec2024 13:19:16.852] [main/DEBUG] [cpw.mods.modlauncher.LaunchServiceHandler/MODLAUNCHER]: Found launch services [minecraft,forgeclient,forgedatauserdev,testharness,forgeserverdev,forgeserveruserdev,forgejunitdev,forgeclientdev,forgeclientuserdev,forgeserver,forgejunituserdev,forgedatadev]
[03Dec2024 13:19:16.873] [main/DEBUG] [cpw.mods.modlauncher.LaunchPluginHandler/MODLAUNCHER]: Found launch plugins: [mixin,slf4jfixer,runtime_enum_extender,accesstransformer,runtimedistcleaner]
[03Dec2024 13:19:16.885] [main/DEBUG] [cpw.mods.modlauncher.TransformationServicesHandler/MODLAUNCHER]: Discovering transformation services
[03Dec2024 13:19:16.891] [main/DEBUG] [net.neoforged.fml.loading.FMLPaths/CORE]: Path GAMEDIR is D:\MCreatorWorkspaces\mobFarms\MobFarms\run
[03Dec2024 13:19:16.891] [main/DEBUG] [net.neoforged.fml.loading.FMLPaths/CORE]: Path MODSDIR is D:\MCreatorWorkspaces\mobFarms\MobFarms\run\mods
[03Dec2024 13:19:16.891] [main/DEBUG] [net.neoforged.fml.loading.FMLPaths/CORE]: Path CONFIGDIR is D:\MCreatorWorkspaces\mobFarms\MobFarms\run\config
[03Dec2024 13:19:16.892] [main/DEBUG] [net.neoforged.fml.loading.FMLPaths/CORE]: Path FMLCONFIG is D:\MCreatorWorkspaces\mobFarms\MobFarms\run\config\fml.toml
[03Dec2024 13:19:16.947] [main/DEBUG] [net.neoforged.fml.loading.targets.CommonLaunchHandler/CORE]: Got mod coordinates mob_farms%%D:\MCreatorWorkspaces\mobFarms\MobFarms\build\classes\java\main;mob_farms%%D:\MCreatorWorkspaces\mobFarms\MobFarms\build\resources\main from env
[03Dec2024 13:19:16.952] [main/DEBUG] [net.neoforged.fml.loading.targets.CommonLaunchHandler/CORE]: Found supplied mod coordinates [{mob_farms=[D:\MCreatorWorkspaces\mobFarms\MobFarms\build\classes\java\main, D:\MCreatorWorkspaces\mobFarms\MobFarms\build\resources\main]}]
[03Dec2024 13:19:16.954] [main/DEBUG] [cpw.mods.modlauncher.TransformationServicesHandler/MODLAUNCHER]: Found additional transformation services from discovery services: 
[03Dec2024 13:19:16.960] [main/INFO] [net.neoforged.fml.loading.ImmediateWindowHandler/]: Loading ImmediateWindowProvider fmlearlywindow
[03Dec2024 13:19:17.069] [main/INFO] [EARLYDISPLAY/]: Trying GL version 4.6
[03Dec2024 13:19:17.518] [main/INFO] [EARLYDISPLAY/]: Requested GL version 4.6 got version 4.6
[03Dec2024 13:19:17.566] [main/DEBUG] [cpw.mods.modlauncher.TransformationServicesHandler/MODLAUNCHER]: Found transformer services : [mixin,fml]
[03Dec2024 13:19:17.567] [main/DEBUG] [cpw.mods.modlauncher.TransformationServicesHandler/MODLAUNCHER]: Transformation services loading
[03Dec2024 13:19:17.568] [main/DEBUG] [cpw.mods.modlauncher.TransformationServiceDecorator/MODLAUNCHER]: Loading service mixin
[03Dec2024 13:19:17.568] [main/DEBUG] [cpw.mods.modlauncher.TransformationServiceDecorator/MODLAUNCHER]: Loaded service mixin
[03Dec2024 13:19:17.568] [main/DEBUG] [cpw.mods.modlauncher.TransformationServiceDecorator/MODLAUNCHER]: Loading service fml
[03Dec2024 13:19:17.569] [main/DEBUG] [net.neoforged.fml.loading.FMLLoader/CORE]: FML 5.0.1 loading
[03Dec2024 13:19:17.569] [main/DEBUG] [net.neoforged.fml.loading.FMLLoader/CORE]: FML found ModLauncher version : 11.0.4+main.d2e20e43
[03Dec2024 13:19:17.569] [main/DEBUG] [net.neoforged.fml.loading.FMLLoader/CORE]: FML found AccessTransformer version : 11.0.1+8274f92c
[03Dec2024 13:19:17.571] [main/DEBUG] [net.neoforged.fml.loading.FMLLoader/CORE]: FML found EventBus version : null
[03Dec2024 13:19:17.571] [main/DEBUG] [net.neoforged.fml.loading.FMLLoader/CORE]: Found Runtime Dist Cleaner
[03Dec2024 13:19:17.571] [main/DEBUG] [cpw.mods.modlauncher.TransformationServiceDecorator/MODLAUNCHER]: Loaded service fml
[03Dec2024 13:19:17.571] [main/DEBUG] [cpw.mods.modlauncher.TransformationServicesHandler/MODLAUNCHER]: Configuring option handling for services
[03Dec2024 13:19:17.583] [main/DEBUG] [net.neoforged.fml.loading.FMLServiceProvider/CORE]: Received command line version data  : VersionInfo[neoForgeVersion=21.3.11-beta, fmlVersion=5.0.1, mcVersion=1.21.3, neoFormVersion=20241023.131943]
[03Dec2024 13:19:17.583] [main/DEBUG] [cpw.mods.modlauncher.TransformationServicesHandler/MODLAUNCHER]: Transformation services initializing
[03Dec2024 13:19:17.585] [main/DEBUG] [cpw.mods.modlauncher.TransformationServiceDecorator/MODLAUNCHER]: Initializing transformation service mixin
[03Dec2024 13:19:17.601] [main/DEBUG] [mixin/]: MixinService [ModLauncher] was successfully booted in cpw.mods.cl.ModuleClassLoader@27d415d9
[03Dec2024 13:19:17.614] [main/INFO] [mixin/]: SpongePowered MIXIN Subsystem Version=0.8.7 Source=union:/C:/Users/Admin/.gradle/caches/modules-2/files-2.1/net.fabricmc/sponge-mixin/0.15.2+mixin.0.8.7/2af2f021d8e02a0220dc27a7a72b4666d66d44ca/sponge-mixin-0.15.2+mixin.0.8.7.jar%23155!/ Service=ModLauncher Env=CLIENT
[03Dec2024 13:19:17.617] [main/DEBUG] [mixin/]: Initialising Mixin Platform Manager
[03Dec2024 13:19:17.617] [main/DEBUG] [mixin/]: Adding mixin platform agents for container ModLauncher Root Container(ModLauncher:4f56a0a2)
[03Dec2024 13:19:17.619] [main/DEBUG] [mixin/]: Instancing new MixinPlatformAgentMinecraftForge for ModLauncher Root Container(ModLauncher:4f56a0a2)
[03Dec2024 13:19:17.619] [main/DEBUG] [mixin/]: MixinPlatformAgentMinecraftForge rejected container ModLauncher Root Container(ModLauncher:4f56a0a2)
[03Dec2024 13:19:17.619] [main/DEBUG] [mixin/]: Instancing new MixinPlatformAgentDefault for ModLauncher Root Container(ModLauncher:4f56a0a2)
[03Dec2024 13:19:17.619] [main/DEBUG] [mixin/]: MixinPlatformAgentDefault accepted container ModLauncher Root Container(ModLauncher:4f56a0a2)
[03Dec2024 13:19:17.621] [main/DEBUG] [cpw.mods.modlauncher.TransformationServiceDecorator/MODLAUNCHER]: Initialized transformation service mixin
[03Dec2024 13:19:17.621] [main/DEBUG] [cpw.mods.modlauncher.TransformationServiceDecorator/MODLAUNCHER]: Initializing transformation service fml
[03Dec2024 13:19:17.621] [main/DEBUG] [net.neoforged.fml.loading.FMLServiceProvider/CORE]: Setting up basic FML game directories
[03Dec2024 13:19:17.622] [main/DEBUG] [net.neoforged.fml.loading.FMLPaths/CORE]: Path GAMEDIR is D:\MCreatorWorkspaces\mobFarms\MobFarms\run
[03Dec2024 13:19:17.622] [main/DEBUG] [net.neoforged.fml.loading.FMLPaths/CORE]: Path MODSDIR is D:\MCreatorWorkspaces\mobFarms\MobFarms\run\mods
[03Dec2024 13:19:17.622] [main/DEBUG] [net.neoforged.fml.loading.FMLPaths/CORE]: Path CONFIGDIR is D:\MCreatorWorkspaces\mobFarms\MobFarms\run\config
[03Dec2024 13:19:17.622] [main/DEBUG] [net.neoforged.fml.loading.FMLPaths/CORE]: Path FMLCONFIG is D:\MCreatorWorkspaces\mobFarms\MobFarms\run\config\fml.toml
[03Dec2024 13:19:17.622] [main/DEBUG] [net.neoforged.fml.loading.FMLServiceProvider/CORE]: Loading configuration
[03Dec2024 13:19:17.625] [main/DEBUG] [net.neoforged.fml.loading.FMLServiceProvider/CORE]: Preparing launch handler
[03Dec2024 13:19:17.626] [main/DEBUG] [net.neoforged.fml.loading.FMLLoader/CORE]: Using forgeclientuserdev as launch service
[03Dec2024 13:19:17.629] [main/DEBUG] [cpw.mods.modlauncher.TransformationServiceDecorator/MODLAUNCHER]: Initialized transformation service fml
[03Dec2024 13:19:17.629] [main/DEBUG] [cpw.mods.modlauncher.TransformationServicesHandler/MODLAUNCHER]: Transformation services begin scanning
[03Dec2024 13:19:17.629] [main/DEBUG] [cpw.mods.modlauncher.TransformationServiceDecorator/MODLAUNCHER]: Beginning scan trigger - transformation service mixin
[03Dec2024 13:19:17.630] [main/DEBUG] [cpw.mods.modlauncher.TransformationServiceDecorator/MODLAUNCHER]: End scan trigger - transformation service mixin
[03Dec2024 13:19:17.630] [main/DEBUG] [cpw.mods.modlauncher.TransformationServiceDecorator/MODLAUNCHER]: Beginning scan trigger - transformation service fml
[03Dec2024 13:19:17.630] [main/DEBUG] [net.neoforged.fml.loading.FMLServiceProvider/CORE]: Initiating mod scan
[03Dec2024 13:19:17.632] [main/DEBUG] [net.neoforged.fml.loading.targets.CommonLaunchHandler/CORE]: Got mod coordinates mob_farms%%D:\MCreatorWorkspaces\mobFarms\MobFarms\build\classes\java\main;mob_farms%%D:\MCreatorWorkspaces\mobFarms\MobFarms\build\resources\main from env
[03Dec2024 13:19:17.633] [main/DEBUG] [net.neoforged.fml.loading.targets.CommonLaunchHandler/CORE]: Found supplied mod coordinates [{mob_farms=[D:\MCreatorWorkspaces\mobFarms\MobFarms\build\classes\java\main, D:\MCreatorWorkspaces\mobFarms\MobFarms\build\resources\main]}]
[03Dec2024 13:19:17.647] [main/DEBUG] [net.neoforged.fml.util.ServiceLoaderUtil/CORE]: Found 4 implementations of IModFileCandidateLocator:
[03Dec2024 13:19:17.649] [main/DEBUG] [net.neoforged.fml.util.ServiceLoaderUtil/CORE]: 	       0 - [built-in] net.neoforged.fml.loading.moddiscovery.locators.NeoForgeDevProvider from loader-5.0.1.jar
[03Dec2024 13:19:17.649] [main/DEBUG] [net.neoforged.fml.util.ServiceLoaderUtil/CORE]: 	       0 - net.neoforged.fml.loading.moddiscovery.locators.ModsFolderLocator from loader-5.0.1.jar
[03Dec2024 13:19:17.649] [main/DEBUG] [net.neoforged.fml.util.ServiceLoaderUtil/CORE]: 	       0 - net.neoforged.fml.loading.moddiscovery.locators.MavenDirectoryLocator from loader-5.0.1.jar
[03Dec2024 13:19:17.649] [main/DEBUG] [net.neoforged.fml.util.ServiceLoaderUtil/CORE]: 	   -1000 - [built-in] net.neoforged.fml.loading.moddiscovery.locators.UserdevLocator from loader-5.0.1.jar
[03Dec2024 13:19:17.652] [main/DEBUG] [net.neoforged.fml.util.ServiceLoaderUtil/CORE]: Found 2 implementations of IModFileReader:
[03Dec2024 13:19:17.653] [main/DEBUG] [net.neoforged.fml.util.ServiceLoaderUtil/CORE]: 	       0 - net.neoforged.fml.loading.moddiscovery.readers.JarModsDotTomlModFileReader from loader-5.0.1.jar
[03Dec2024 13:19:17.653] [main/DEBUG] [net.neoforged.fml.util.ServiceLoaderUtil/CORE]: 	   -1000 - net.neoforged.fml.loading.moddiscovery.readers.NestedLibraryModReader from loader-5.0.1.jar
[03Dec2024 13:19:17.655] [main/DEBUG] [net.neoforged.fml.util.ServiceLoaderUtil/CORE]: Found 1 implementations of IDependencyLocator:
[03Dec2024 13:19:17.655] [main/DEBUG] [net.neoforged.fml.util.ServiceLoaderUtil/CORE]: 	       0 - net.neoforged.fml.loading.moddiscovery.locators.JarInJarDependencyLocator from loader-5.0.1.jar
[03Dec2024 13:19:17.709] [main/DEBUG] [net.neoforged.fml.loading.moddiscovery.ModFileInfo/LOADING]: Found valid mod file neoforge-21.3.11-beta-minecraft.jar with {minecraft} mods - versions {1.21.3}
[03Dec2024 13:19:17.716] [main/DEBUG] [net.neoforged.fml.loading.moddiscovery.ModFileParser/LOADING]: Considering mod file candidate D:\MCreatorWorkspaces\mobFarms\MobFarms\build\moddev\artifacts\neoforge-21.3.11-beta-minecraft.jar
[03Dec2024 13:19:17.723] [main/DEBUG] [net.neoforged.fml.loading.moddiscovery.ModFileInfo/LOADING]: Found valid mod file neoforge-21.3.11-beta-minecraft.jar with {neoforge} mods - versions {21.3.11-beta}
[03Dec2024 13:19:17.727] [main/DEBUG] [net.neoforged.fml.loading.moddiscovery.ModFileParser/LOADING]: Considering mod file candidate D:\MCreatorWorkspaces\mobFarms\MobFarms\run\mods\iris-neoforge-1.8.0-beta.6+mc1.21.2.jar
[03Dec2024 13:19:17.733] [main/DEBUG] [net.neoforged.fml.loading.moddiscovery.ModFileInfo/LOADING]: Found valid mod file iris-neoforge-1.8.0-beta.6+mc1.21.2.jar with {iris} mods - versions {1.8.0-beta.6+mc1.21.2}
[03Dec2024 13:19:17.735] [main/DEBUG] [net.neoforged.fml.loading.moddiscovery.ModFileParser/LOADING]: Considering mod file candidate D:\MCreatorWorkspaces\mobFarms\MobFarms\run\mods\sodium-neoforge-0.6.0-beta.3+mc1.21.2.jar
[03Dec2024 13:19:17.737] [main/DEBUG] [net.neoforged.fml.loading.moddiscovery.ModFileInfo/LOADING]: Found valid mod file sodium-neoforge-0.6.0-beta.3+mc1.21.2.jar with {sodium} mods - versions {0.6.0-beta.3+mc1.21.2}
[03Dec2024 13:19:17.740] [main/DEBUG] [net.neoforged.fml.loading.moddiscovery.ModListHandler/CORE]: Found mod coordinates from lists: []
[03Dec2024 13:19:17.741] [main/DEBUG] [net.neoforged.fml.loading.moddiscovery.ModFileParser/LOADING]: Considering mod file candidate D:\MCreatorWorkspaces\mobFarms\MobFarms\build\classes\java\main
[03Dec2024 13:19:17.745] [main/DEBUG] [net.neoforged.fml.loading.moddiscovery.ModFileInfo/LOADING]: Found valid mod file main with {mob_farms} mods - versions {1}
[03Dec2024 13:19:17.753] [main/DEBUG] [net.neoforged.fml.loading.moddiscovery.ModFileParser/LOADING]: Considering mod file candidate D:\MCreatorWorkspaces\mobFarms\MobFarms\build\moddev\artifacts\neoforge-21.3.11-beta-minecraft.jar
[03Dec2024 13:19:17.755] [main/DEBUG] [net.neoforged.fml.loading.moddiscovery.ModFileInfo/LOADING]: Found valid mod file neoforge-21.3.11-beta-minecraft.jar with {neoforge} mods - versions {21.3.11-beta}
[03Dec2024 13:19:17.757] [main/DEBUG] [net.neoforged.fml.loading.moddiscovery.ModFileParser/LOADING]: Considering mod file candidate C:\Users\Admin\.gradle\caches\modules-2\files-2.1\de.maxhenkel.corelib\corelib\1.21.3-2.1.5\f29233881412301f5561b5cc8f2ccfcc32660a53\corelib-1.21.3-2.1.5.jar
[03Dec2024 13:19:17.760] [main/DEBUG] [net.neoforged.fml.loading.moddiscovery.ModFileInfo/LOADING]: Found valid mod file corelib-1.21.3-2.1.5.jar with {corelib} mods - versions {1.21.3-2.1.5}
[03Dec2024 13:19:17.778] [main/DEBUG] [net.neoforged.fml.loading.moddiscovery.ModDiscoverer/]: Skipping C:\Users\Admin\.gradle\caches\modules-2\files-2.1\net.neoforged.fancymodloader\earlydisplay\5.0.1\e4cc5939c60cf0c8749559076aab276f2e3f8bf6\earlydisplay-5.0.1.jar because it was already located earlier
[03Dec2024 13:19:17.778] [main/DEBUG] [net.neoforged.fml.loading.moddiscovery.ModDiscoverer/]: Skipping C:\Users\Admin\.gradle\caches\modules-2\files-2.1\net.neoforged.fancymodloader\loader\5.0.1\b3ec751b08da2e9d3c4d9cd3d08d1000a1362ae3\loader-5.0.1.jar because it was already located earlier
[03Dec2024 13:19:17.779] [main/DEBUG] [net.neoforged.fml.loading.moddiscovery.ModDiscoverer/]: Skipping C:\Users\Admin\.gradle\caches\modules-2\files-2.1\net.neoforged\coremods\7.0.3\9147e6f638b4272b3bd5fc8f92ad37802512c6c\coremods-7.0.3.jar because it was already located earlier
[03Dec2024 13:19:17.779] [main/DEBUG] [net.neoforged.fml.loading.moddiscovery.ModDiscoverer/]: Skipping C:\Users\Admin\.gradle\caches\modules-2\files-2.1\cpw.mods\modlauncher\11.0.4\6619d4812a3c092310d521ebc4c9503727563df7\modlauncher-11.0.4.jar because it was already located earlier
[03Dec2024 13:19:17.779] [main/DEBUG] [net.neoforged.fml.loading.moddiscovery.ModDiscoverer/]: Skipping C:\Users\Admin\.gradle\caches\modules-2\files-2.1\net.neoforged.accesstransformers\at-modlauncher\11.0.1\c3bab0ab738f57325df7be7d7cb71868b775cffc\at-modlauncher-11.0.1.jar because it was already located earlier
[03Dec2024 13:19:17.779] [main/DEBUG] [net.neoforged.fml.loading.moddiscovery.ModDiscoverer/]: Skipping C:\Users\Admin\.gradle\caches\modules-2\files-2.1\net.neoforged\accesstransformers\11.0.1\41c41b1cd9800f0fea16c89a5e21f83d34bd9b87\accesstransformers-11.0.1.jar because it was already located earlier
[03Dec2024 13:19:17.779] [main/DEBUG] [net.neoforged.fml.loading.moddiscovery.ModDiscoverer/]: Skipping C:\Users\Admin\.gradle\caches\modules-2\files-2.1\org.openjdk.nashorn\nashorn-core\15.4\f67f5ffaa5f5130cf6fb9b133da00c7df3b532a5\nashorn-core-15.4.jar because it was already located earlier
[03Dec2024 13:19:17.779] [main/DEBUG] [net.neoforged.fml.loading.moddiscovery.ModDiscoverer/]: Skipping C:\Users\Admin\.gradle\caches\modules-2\files-2.1\net.neoforged\mergetool\2.0.3\1275202cbbb248f49345cf6787ce299afd9a02fb\mergetool-2.0.3-api.jar because it was already located earlier
[03Dec2024 13:19:17.779] [main/DEBUG] [net.neoforged.fml.loading.moddiscovery.ModDiscoverer/]: Skipping C:\Users\Admin\.gradle\caches\modules-2\files-2.1\net.neoforged\bus\8.0.2\163c9ef7c4bcca6d850c34e95261b606af91fe06\bus-8.0.2.jar because it was already located earlier
[03Dec2024 13:19:17.779] [main/DEBUG] [net.neoforged.fml.loading.moddiscovery.ModDiscoverer/]: Skipping C:\Users\Admin\.gradle\caches\modules-2\files-2.1\com.electronwill.night-config\toml\3.8.0\861dbcf2757dd6701c98b3949198549ccb5f62ff\toml-3.8.0.jar because it was already located earlier
[03Dec2024 13:19:17.780] [main/DEBUG] [net.neoforged.fml.loading.moddiscovery.ModDiscoverer/]: Skipping C:\Users\Admin\.gradle\caches\modules-2\files-2.1\com.electronwill.night-config\core\3.8.0\2498dd2b3120dd49e963e2feab8fa5d0c5f80e0a\core-3.8.0.jar because it was already located earlier
[03Dec2024 13:19:17.780] [main/DEBUG] [net.neoforged.fml.loading.moddiscovery.ModDiscoverer/]: Skipping C:\Users\Admin\.gradle\caches\modules-2\files-2.1\net.neoforged\JarJarSelector\0.4.1\fb3cc7a58af22ad2880adb98af6d518128c47dae\JarJarSelector-0.4.1.jar because it was already located earlier
[03Dec2024 13:19:17.780] [main/DEBUG] [net.neoforged.fml.loading.moddiscovery.ModDiscoverer/]: Skipping C:\Users\Admin\.gradle\caches\modules-2\files-2.1\net.neoforged\JarJarMetadata\0.4.1\f8da03683dc81694556dc3e177c5e3bb77ae6fcb\JarJarMetadata-0.4.1.jar because it was already located earlier
[03Dec2024 13:19:17.780] [main/DEBUG] [net.neoforged.fml.loading.moddiscovery.ModDiscoverer/]: Skipping C:\Users\Admin\.gradle\caches\modules-2\files-2.1\org.apache.maven\maven-artifact\3.8.5\4433f50c07debefaed0553bd0068f4f48d449313\maven-artifact-3.8.5.jar because it was already located earlier
[03Dec2024 13:19:17.780] [main/DEBUG] [net.neoforged.fml.loading.moddiscovery.ModDiscoverer/]: Skipping C:\Users\Admin\.gradle\caches\modules-2\files-2.1\net.jodah\typetools\0.6.3\a01aaa6ddaea9ec07ec4f209487b7a46a526283a\typetools-0.6.3.jar because it was already located earlier
[03Dec2024 13:19:17.780] [main/DEBUG] [net.neoforged.fml.loading.moddiscovery.ModDiscoverer/]: Skipping C:\Users\Admin\.gradle\caches\modules-2\files-2.1\net.minecrell\terminalconsoleappender\1.3.0\b562e9bb61235c9520e26282cdee71f8f802d1fc\terminalconsoleappender-1.3.0.jar because it was already located earlier
[03Dec2024 13:19:17.780] [main/DEBUG] [net.neoforged.fml.loading.moddiscovery.ModDiscoverer/]: Skipping C:\Users\Admin\.gradle\caches\modules-2\files-2.1\net.fabricmc\sponge-mixin\0.15.2+mixin.0.8.7\2af2f021d8e02a0220dc27a7a72b4666d66d44ca\sponge-mixin-0.15.2+mixin.0.8.7.jar because it was already located earlier
[03Dec2024 13:19:17.780] [main/DEBUG] [net.neoforged.fml.loading.moddiscovery.ModDiscoverer/]: Skipping C:\Users\Admin\.gradle\caches\modules-2\files-2.1\org.apache.commons\commons-lang3\3.14.0\1ed471194b02f2c6cb734a0cd6f6f107c673afae\commons-lang3-3.14.0.jar because it was already located earlier
[03Dec2024 13:19:17.780] [main/DEBUG] [net.neoforged.fml.loading.moddiscovery.ModDiscoverer/]: Skipping C:\Users\Admin\.gradle\caches\modules-2\files-2.1\com.mojang\logging\1.4.9\275b4b0469bb089e2633b569768be913a444e5d9\logging-1.4.9.jar because it was already located earlier
[03Dec2024 13:19:17.780] [main/DEBUG] [net.neoforged.fml.loading.moddiscovery.ModDiscoverer/]: Skipping C:\Users\Admin\.gradle\caches\modules-2\files-2.1\org.apache.logging.log4j\log4j-slf4j2-impl\2.22.1\d7e6693c2606cb7e7335047d7bb96dec52db5665\log4j-slf4j2-impl-2.22.1.jar because it was already located earlier
[03Dec2024 13:19:17.780] [main/DEBUG] [net.neoforged.fml.loading.moddiscovery.ModDiscoverer/]: Skipping C:\Users\Admin\.gradle\caches\modules-2\files-2.1\org.apache.logging.log4j\log4j-core\2.22.1\7183a25510a02ad00cc6a95d3b3d2a7d3c5a8dc4\log4j-core-2.22.1.jar because it was already located earlier
[03Dec2024 13:19:17.780] [main/DEBUG] [net.neoforged.fml.loading.moddiscovery.ModDiscoverer/]: Skipping C:\Users\Admin\.gradle\caches\modules-2\files-2.1\org.apache.logging.log4j\log4j-api\2.22.1\bea6fede6328fabafd7e68363161a7ea6605abd1\log4j-api-2.22.1.jar because it was already located earlier
[03Dec2024 13:19:17.780] [main/DEBUG] [net.neoforged.fml.loading.moddiscovery.ModDiscoverer/]: Skipping C:\Users\Admin\.gradle\caches\modules-2\files-2.1\net.sf.jopt-simple\jopt-simple\5.0.4\4fdac2fbe92dfad86aa6e9301736f6b4342a3f5c\jopt-simple-5.0.4.jar because it was already located earlier
[03Dec2024 13:19:17.780] [main/DEBUG] [net.neoforged.fml.loading.moddiscovery.ModDiscoverer/]: Skipping C:\Users\Admin\.gradle\caches\modules-2\files-2.1\commons-io\commons-io\2.15.1\f11560da189ab563a5c8e351941415430e9304ea\commons-io-2.15.1.jar because it was already located earlier
[03Dec2024 13:19:17.781] [main/DEBUG] [net.neoforged.fml.loading.moddiscovery.ModDiscoverer/]: Skipping C:\Users\Admin\.gradle\caches\modules-2\files-2.1\com.google.guava\guava\32.1.2-jre\5e64ec7e056456bef3a4bc4c6fdaef71e8ab6318\guava-32.1.2-jre.jar because it was already located earlier
[03Dec2024 13:19:17.781] [main/DEBUG] [net.neoforged.fml.loading.moddiscovery.ModDiscoverer/]: Skipping C:\Users\Admin\.gradle\caches\modules-2\files-2.1\com.google.code.gson\gson\2.10.1\b3add478d4382b78ea20b1671390a858002feb6c\gson-2.10.1.jar because it was already located earlier
[03Dec2024 13:19:17.781] [main/DEBUG] [net.neoforged.fml.loading.moddiscovery.ModDiscoverer/]: Skipping C:\Users\Admin\.gradle\caches\modules-2\files-2.1\net.neoforged.accesstransformers\at-parser\11.0.1\124789359511c100a88ab0ba90adc80a8fd7db36\at-parser-11.0.1.jar because it was already located earlier
[03Dec2024 13:19:17.781] [main/DEBUG] [net.neoforged.fml.loading.moddiscovery.ModDiscoverer/]: Skipping C:\Users\Admin\.gradle\caches\modules-2\files-2.1\org.slf4j\slf4j-api\2.0.9\7cf2726fdcfbc8610f9a71fb3ed639871f315340\slf4j-api-2.0.9.jar because it was already located earlier
[03Dec2024 13:19:17.781] [main/DEBUG] [net.neoforged.fml.loading.moddiscovery.ModDiscoverer/]: Skipping C:\Users\Admin\.gradle\caches\modules-2\files-2.1\net.minecraftforge\srgutils\0.4.15\ca408b131759478f164e010fae0d73997e125fb5\srgutils-0.4.15.jar because it was already located earlier
[03Dec2024 13:19:17.781] [main/DEBUG] [net.neoforged.fml.loading.moddiscovery.ModDiscoverer/]: Skipping C:\Users\Admin\.gradle\caches\modules-2\files-2.1\org.codehaus.plexus\plexus-utils\3.3.0\cf43b5391de623b36fe066a21127baef82c64022\plexus-utils-3.3.0.jar because it was already located earlier
[03Dec2024 13:19:17.781] [main/DEBUG] [net.neoforged.fml.loading.moddiscovery.ModDiscoverer/]: Skipping C:\Users\Admin\.gradle\caches\modules-2\files-2.1\org.jline\jline-reader\3.20.0\8f15415b022a25b473e8e16c28ae913186ffb9c4\jline-reader-3.20.0.jar because it was already located earlier
[03Dec2024 13:19:17.781] [main/DEBUG] [net.neoforged.fml.loading.moddiscovery.ModDiscoverer/]: Skipping C:\Users\Admin\.gradle\caches\modules-2\files-2.1\com.machinezoo.noexception\noexception\1.7.1\b65330c98e38a1f915fa54a6e5eca496505e3f0a\noexception-1.7.1.jar because it was already located earlier
[03Dec2024 13:19:17.781] [main/DEBUG] [net.neoforged.fml.loading.moddiscovery.ModDiscoverer/]: Skipping C:\Users\Admin\.gradle\caches\modules-2\files-2.1\com.fasterxml.jackson.core\jackson-annotations\2.13.4\858c6cc78e1f08a885b1613e1d817c829df70a6e\jackson-annotations-2.13.4.jar because it was already located earlier
[03Dec2024 13:19:17.781] [main/DEBUG] [net.neoforged.fml.loading.moddiscovery.ModDiscoverer/]: Skipping C:\Users\Admin\.gradle\caches\modules-2\files-2.1\com.fasterxml.jackson.core\jackson-core\2.13.4\cf934c681294b97ef6d80082faeefbe1edadf56\jackson-core-2.13.4.jar because it was already located earlier
[03Dec2024 13:19:17.781] [main/DEBUG] [net.neoforged.fml.loading.moddiscovery.ModDiscoverer/]: Skipping C:\Users\Admin\.gradle\caches\modules-2\files-2.1\com.fasterxml.jackson.core\jackson-databind\2.13.4.2\325c06bdfeb628cfb80ebaaf1a26cc1eb558a585\jackson-databind-2.13.4.2.jar because it was already located earlier
[03Dec2024 13:19:17.782] [main/DEBUG] [net.neoforged.fml.loading.moddiscovery.ModDiscoverer/]: Skipping C:\Users\Admin\.gradle\caches\modules-2\files-2.1\com.github.oshi\oshi-core\6.4.10\b1d8ab82d11d92fd639b56d639f8f46f739dd5fa\oshi-core-6.4.10.jar because it was already located earlier
[03Dec2024 13:19:17.782] [main/DEBUG] [net.neoforged.fml.loading.moddiscovery.ModDiscoverer/]: Skipping C:\Users\Admin\.gradle\caches\modules-2\files-2.1\com.github.stephenc.jcip\jcip-annotations\1.0-1\ef31541dd28ae2cefdd17c7ebf352d93e9058c63\jcip-annotations-1.0-1.jar because it was already located earlier
[03Dec2024 13:19:17.782] [main/DEBUG] [net.neoforged.fml.loading.moddiscovery.ModDiscoverer/]: Skipping C:\Users\Admin\.gradle\caches\modules-2\files-2.1\com.google.guava\failureaccess\1.0.1\1dcf1de382a0bf95a3d8b0849546c88bac1292c9\failureaccess-1.0.1.jar because it was already located earlier
[03Dec2024 13:19:17.782] [main/DEBUG] [net.neoforged.fml.loading.moddiscovery.ModDiscoverer/]: Skipping C:\Users\Admin\.gradle\caches\modules-2\files-2.1\com.ibm.icu\icu4j\73.2\61ad4ef7f9131fcf6d25c34b817f90d6da06c9e9\icu4j-73.2.jar because it was already located earlier
[03Dec2024 13:19:17.782] [main/DEBUG] [net.neoforged.fml.loading.moddiscovery.ModDiscoverer/]: Skipping C:\Users\Admin\.gradle\caches\modules-2\files-2.1\com.microsoft.azure\msal4j\1.15.0\52fd60d5dc3f0fb3ed5c19b63f6f2312cd1f6add\msal4j-1.15.0.jar because it was already located earlier
[03Dec2024 13:19:17.782] [main/DEBUG] [net.neoforged.fml.loading.moddiscovery.ModDiscoverer/]: Skipping C:\Users\Admin\.gradle\caches\modules-2\files-2.1\com.mojang\authlib\6.0.55\f0e9077d577b4c3c4d310d5fe704b4eb95a359fe\authlib-6.0.55.jar because it was already located earlier
[03Dec2024 13:19:17.782] [main/DEBUG] [net.neoforged.fml.loading.moddiscovery.ModDiscoverer/]: Skipping C:\Users\Admin\.gradle\caches\modules-2\files-2.1\com.mojang\blocklist\1.0.10\5c685c5ffa94c4cd39496c7184c1d122e515ecef\blocklist-1.0.10.jar because it was already located earlier
[03Dec2024 13:19:17.782] [main/DEBUG] [net.neoforged.fml.loading.moddiscovery.ModDiscoverer/]: Skipping C:\Users\Admin\.gradle\caches\modules-2\files-2.1\com.mojang\brigadier\1.3.10\d15b53a14cf20fdcaa98f731af5dda654452c010\brigadier-1.3.10.jar because it was already located earlier
[03Dec2024 13:19:17.782] [main/DEBUG] [net.neoforged.fml.loading.moddiscovery.ModDiscoverer/]: Skipping C:\Users\Admin\.gradle\caches\modules-2\files-2.1\com.mojang\datafixerupper\8.0.16\67d4de6d7f95d89bcf5862995fb854ebaec02a34\datafixerupper-8.0.16.jar because it was already located earlier
[03Dec2024 13:19:17.782] [main/DEBUG] [net.neoforged.fml.loading.moddiscovery.ModDiscoverer/]: Skipping C:\Users\Admin\.gradle\caches\modules-2\files-2.1\com.mojang\jtracy\1.0.29\6f07dcb6a2e595c7ee2ca43b67e5d1c018ca0770\jtracy-1.0.29.jar because it was already located earlier
[03Dec2024 13:19:17.782] [main/DEBUG] [net.neoforged.fml.loading.moddiscovery.ModDiscoverer/]: Skipping C:\Users\Admin\.gradle\caches\modules-2\files-2.1\com.mojang\jtracy\1.0.29\e05332cb31c7ae582dc8d8bd1bffd47c2ff7636f\jtracy-1.0.29-natives-windows.jar because it was already located earlier
[03Dec2024 13:19:17.783] [main/DEBUG] [net.neoforged.fml.loading.moddiscovery.ModDiscoverer/]: Skipping C:\Users\Admin\.gradle\caches\modules-2\files-2.1\com.mojang\patchy\2.2.10\da05971b07cbb379d002cf7eaec6a2048211fefc\patchy-2.2.10.jar because it was already located earlier
[03Dec2024 13:19:17.783] [main/DEBUG] [net.neoforged.fml.loading.moddiscovery.ModDiscoverer/]: Skipping C:\Users\Admin\.gradle\caches\modules-2\files-2.1\com.mojang\text2speech\1.17.9\3cad216e3a7f0c19b4b394388bc9ffc446f13b14\text2speech-1.17.9.jar because it was already located earlier
[03Dec2024 13:19:17.783] [main/DEBUG] [net.neoforged.fml.loading.moddiscovery.ModDiscoverer/]: Skipping C:\Users\Admin\.gradle\caches\modules-2\files-2.1\com.nimbusds\content-type\2.3\e3aa0be212d7a42839a8f3f506f5b990bcce0222\content-type-2.3.jar because it was already located earlier
[03Dec2024 13:19:17.783] [main/DEBUG] [net.neoforged.fml.loading.moddiscovery.ModDiscoverer/]: Skipping C:\Users\Admin\.gradle\caches\modules-2\files-2.1\com.nimbusds\lang-tag\1.7\97c73ecd70bc7e8eefb26c5eea84f251a63f1031\lang-tag-1.7.jar because it was already located earlier
[03Dec2024 13:19:17.783] [main/DEBUG] [net.neoforged.fml.loading.moddiscovery.ModDiscoverer/]: Skipping C:\Users\Admin\.gradle\caches\modules-2\files-2.1\com.nimbusds\nimbus-jose-jwt\9.37.3\700f71ffefd60c16bd8ce711a956967ea9071cec\nimbus-jose-jwt-9.37.3.jar because it was already located earlier
[03Dec2024 13:19:17.783] [main/DEBUG] [net.neoforged.fml.loading.moddiscovery.ModDiscoverer/]: Skipping C:\Users\Admin\.gradle\caches\modules-2\files-2.1\com.nimbusds\oauth2-oidc-sdk\11.9.1\fa9a2e447e2cef4dfda40a854dd7ec35624a7799\oauth2-oidc-sdk-11.9.1.jar because it was already located earlier
[03Dec2024 13:19:17.783] [main/DEBUG] [net.neoforged.fml.loading.moddiscovery.ModDiscoverer/]: Skipping C:\Users\Admin\.gradle\caches\modules-2\files-2.1\commons-codec\commons-codec\1.16.0\4e3eb3d79888d76b54e28b350915b5dc3919c9de\commons-codec-1.16.0.jar because it was already located earlier
[03Dec2024 13:19:17.783] [main/DEBUG] [net.neoforged.fml.loading.moddiscovery.ModDiscoverer/]: Skipping C:\Users\Admin\.gradle\caches\modules-2\files-2.1\commons-logging\commons-logging\1.2\4bfc12adfe4842bf07b657f0369c4cb522955686\commons-logging-1.2.jar because it was already located earlier
[03Dec2024 13:19:17.783] [main/DEBUG] [net.neoforged.fml.loading.moddiscovery.ModDiscoverer/]: Skipping C:\Users\Admin\.gradle\caches\modules-2\files-2.1\io.netty\netty-buffer\4.1.97.Final\f8f3d8644afa5e6e1a40a3a6aeb9d9aa970ecb4f\netty-buffer-4.1.97.Final.jar because it was already located earlier
[03Dec2024 13:19:17.783] [main/DEBUG] [net.neoforged.fml.loading.moddiscovery.ModDiscoverer/]: Skipping C:\Users\Admin\.gradle\caches\modules-2\files-2.1\io.netty\netty-codec\4.1.97.Final\384ba4d75670befbedb45c4d3b497a93639c206d\netty-codec-4.1.97.Final.jar because it was already located earlier
[03Dec2024 13:19:17.783] [main/DEBUG] [net.neoforged.fml.loading.moddiscovery.ModDiscoverer/]: Skipping C:\Users\Admin\.gradle\caches\modules-2\files-2.1\io.netty\netty-common\4.1.97.Final\7cceacaf11df8dc63f23d0fb58e9d4640fc88404\netty-common-4.1.97.Final.jar because it was already located earlier
[03Dec2024 13:19:17.784] [main/DEBUG] [net.neoforged.fml.loading.moddiscovery.ModDiscoverer/]: Skipping C:\Users\Admin\.gradle\caches\modules-2\files-2.1\io.netty\netty-handler\4.1.97.Final\abb86c6906bf512bf2b797a41cd7d2e8d3cd7c36\netty-handler-4.1.97.Final.jar because it was already located earlier
[03Dec2024 13:19:17.784] [main/DEBUG] [net.neoforged.fml.loading.moddiscovery.ModDiscoverer/]: Skipping C:\Users\Admin\.gradle\caches\modules-2\files-2.1\io.netty\netty-resolver\4.1.97.Final\cec8348108dc76c47cf87c669d514be52c922144\netty-resolver-4.1.97.Final.jar because it was already located earlier
[03Dec2024 13:19:17.784] [main/DEBUG] [net.neoforged.fml.loading.moddiscovery.ModDiscoverer/]: Skipping C:\Users\Admin\.gradle\caches\modules-2\files-2.1\io.netty\netty-transport-classes-epoll\4.1.97.Final\795da37ded759e862457a82d9d92c4d39ce8ecee\netty-transport-classes-epoll-4.1.97.Final.jar because it was already located earlier
[03Dec2024 13:19:17.784] [main/DEBUG] [net.neoforged.fml.loading.moddiscovery.ModDiscoverer/]: Skipping C:\Users\Admin\.gradle\caches\modules-2\files-2.1\io.netty\netty-transport-native-unix-common\4.1.97.Final\d469d84265ab70095b01b40886cabdd433b6e664\netty-transport-native-unix-common-4.1.97.Final.jar because it was already located earlier
[03Dec2024 13:19:17.784] [main/DEBUG] [net.neoforged.fml.loading.moddiscovery.ModDiscoverer/]: Skipping C:\Users\Admin\.gradle\caches\modules-2\files-2.1\io.netty\netty-transport\4.1.97.Final\f37380d23c9bb079bc702910833b2fd532c9abd0\netty-transport-4.1.97.Final.jar because it was already located earlier
[03Dec2024 13:19:17.784] [main/DEBUG] [net.neoforged.fml.loading.moddiscovery.ModDiscoverer/]: Skipping C:\Users\Admin\.gradle\caches\modules-2\files-2.1\it.unimi.dsi\fastutil\8.5.12\c24946d46824bd528054bface3231d2ecb7e95e8\fastutil-8.5.12.jar because it was already located earlier
[03Dec2024 13:19:17.784] [main/DEBUG] [net.neoforged.fml.loading.moddiscovery.ModDiscoverer/]: Skipping C:\Users\Admin\.gradle\caches\modules-2\files-2.1\net.java.dev.jna\jna-platform\5.14.0\28934d48aed814f11e4c584da55c49fa7032b31b\jna-platform-5.14.0.jar because it was already located earlier
[03Dec2024 13:19:17.784] [main/DEBUG] [net.neoforged.fml.loading.moddiscovery.ModDiscoverer/]: Skipping C:\Users\Admin\.gradle\caches\modules-2\files-2.1\net.java.dev.jna\jna\5.14.0\67bf3eaea4f0718cb376a181a629e5f88fa1c9dd\jna-5.14.0.jar because it was already located earlier
[03Dec2024 13:19:17.784] [main/DEBUG] [net.neoforged.fml.loading.moddiscovery.ModDiscoverer/]: Skipping C:\Users\Admin\.gradle\caches\modules-2\files-2.1\net.minidev\accessors-smart\2.5.0\aca011492dfe9c26f4e0659028a4fe0970829dd8\accessors-smart-2.5.0.jar because it was already located earlier
[03Dec2024 13:19:17.784] [main/DEBUG] [net.neoforged.fml.loading.moddiscovery.ModDiscoverer/]: Skipping C:\Users\Admin\.gradle\caches\modules-2\files-2.1\net.minidev\json-smart\2.5.0\57a64f421b472849c40e77d2e7cce3a141b41e99\json-smart-2.5.0.jar because it was already located earlier
[03Dec2024 13:19:17.784] [main/DEBUG] [net.neoforged.fml.loading.moddiscovery.ModDiscoverer/]: Skipping C:\Users\Admin\.gradle\caches\modules-2\files-2.1\org.apache.commons\commons-compress\1.26.0\659feffdd12280201c8aacb8f7be94f9a883c824\commons-compress-1.26.0.jar because it was already located earlier
[03Dec2024 13:19:17.784] [main/DEBUG] [net.neoforged.fml.loading.moddiscovery.ModDiscoverer/]: Skipping C:\Users\Admin\.gradle\caches\modules-2\files-2.1\org.apache.httpcomponents\httpclient\4.5.13\e5f6cae5ca7ecaac1ec2827a9e2d65ae2869cada\httpclient-4.5.13.jar because it was already located earlier
[03Dec2024 13:19:17.784] [main/DEBUG] [net.neoforged.fml.loading.moddiscovery.ModDiscoverer/]: Skipping C:\Users\Admin\.gradle\caches\modules-2\files-2.1\org.apache.httpcomponents\httpcore\4.4.16\51cf043c87253c9f58b539c9f7e44c8894223850\httpcore-4.4.16.jar because it was already located earlier
[03Dec2024 13:19:17.784] [main/DEBUG] [net.neoforged.fml.loading.moddiscovery.ModDiscoverer/]: Skipping C:\Users\Admin\.gradle\caches\modules-2\files-2.1\org.jcraft\jorbis\0.0.17\8872d22b293e8f5d7d56ff92be966e6dc28ebdc6\jorbis-0.0.17.jar because it was already located earlier
[03Dec2024 13:19:17.785] [main/DEBUG] [net.neoforged.fml.loading.moddiscovery.ModDiscoverer/]: Skipping C:\Users\Admin\.gradle\caches\modules-2\files-2.1\org.joml\joml\1.10.5\22566d58af70ad3d72308bab63b8339906deb649\joml-1.10.5.jar because it was already located earlier
[03Dec2024 13:19:17.785] [main/DEBUG] [net.neoforged.fml.loading.moddiscovery.ModDiscoverer/]: Skipping C:\Users\Admin\.gradle\caches\modules-2\files-2.1\org.lwjgl\lwjgl-freetype\3.3.3\a0db6c84a8becc8ca05f9dbfa985edc348a824c7\lwjgl-freetype-3.3.3.jar because it was already located earlier
[03Dec2024 13:19:17.790] [main/DEBUG] [net.neoforged.fml.loading.moddiscovery.ModDiscoverer/]: Skipping C:\Users\Admin\.gradle\caches\modules-2\files-2.1\org.lwjgl\lwjgl-freetype\3.3.3\15a8c1de7f51d07a92eae7ce1222557073a0c0c3\lwjgl-freetype-3.3.3-natives-windows-x86.jar because it was already located earlier
[03Dec2024 13:19:17.791] [main/DEBUG] [net.neoforged.fml.loading.moddiscovery.ModDiscoverer/]: Skipping C:\Users\Admin\.gradle\caches\modules-2\files-2.1\org.lwjgl\lwjgl-glfw\3.3.3\efa1eb78c5ccd840e9f329717109b5e892d72f8e\lwjgl-glfw-3.3.3.jar because it was already located earlier
[03Dec2024 13:19:17.794] [pool-2-thread-1/INFO] [EARLYDISPLAY/]: GL info: AMD Radeon(TM) 760M GL version 4.6.0 Core Profile Context 24.10.27.01.240627, ATI Technologies Inc.
[03Dec2024 13:19:17.795] [main/DEBUG] [net.neoforged.fml.loading.moddiscovery.ModDiscoverer/]: Skipping C:\Users\Admin\.gradle\caches\modules-2\files-2.1\org.lwjgl\lwjgl-glfw\3.3.3\32334f3fd5270a59bad9939a93115acb6de36dcf\lwjgl-glfw-3.3.3-natives-windows-x86.jar because it was already located earlier
[03Dec2024 13:19:17.795] [main/DEBUG] [net.neoforged.fml.loading.moddiscovery.ModDiscoverer/]: Skipping C:\Users\Admin\.gradle\caches\modules-2\files-2.1\org.lwjgl\lwjgl-jemalloc\3.3.3\b543467b7ff3c6920539a88ee602d34098628be5\lwjgl-jemalloc-3.3.3.jar because it was already located earlier
[03Dec2024 13:19:17.795] [main/DEBUG] [net.neoforged.fml.loading.moddiscovery.ModDiscoverer/]: Skipping C:\Users\Admin\.gradle\caches\modules-2\files-2.1\org.lwjgl\lwjgl-jemalloc\3.3.3\426222fc027602a5f21b9c0fe79cde6a4c7a011f\lwjgl-jemalloc-3.3.3-natives-windows.jar because it was already located earlier
[03Dec2024 13:19:17.800] [main/DEBUG] [net.neoforged.fml.loading.moddiscovery.ModDiscoverer/]: Skipping C:\Users\Admin\.gradle\caches\modules-2\files-2.1\org.lwjgl\lwjgl-openal\3.3.3\daada81ceb5fc0c291fbfdd4433cb8d9423577f2\lwjgl-openal-3.3.3.jar because it was already located earlier
[03Dec2024 13:19:17.805] [main/DEBUG] [net.neoforged.fml.loading.moddiscovery.ModDiscoverer/]: Skipping C:\Users\Admin\.gradle\caches\modules-2\files-2.1\org.lwjgl\lwjgl-openal\3.3.3\87b8d5050e3adb46bb58fe1cb2669a4a48fce10d\lwjgl-openal-3.3.3-natives-windows-x86.jar because it was already located earlier
[03Dec2024 13:19:17.806] [main/DEBUG] [net.neoforged.fml.loading.moddiscovery.ModDiscoverer/]: Skipping C:\Users\Admin\.gradle\caches\modules-2\files-2.1\org.lwjgl\lwjgl-opengl\3.3.3\2f6b0147078396a58979125a4c947664e98293a\lwjgl-opengl-3.3.3.jar because it was already located earlier
[03Dec2024 13:19:17.808] [main/DEBUG] [net.neoforged.fml.loading.moddiscovery.ModDiscoverer/]: Skipping C:\Users\Admin\.gradle\caches\modules-2\files-2.1\org.lwjgl\lwjgl-opengl\3.3.3\65e956d3735a1abdc82eff4baec1b61174697d4b\lwjgl-opengl-3.3.3-natives-windows-arm64.jar because it was already located earlier
[03Dec2024 13:19:17.810] [main/DEBUG] [net.neoforged.fml.loading.moddiscovery.ModDiscoverer/]: Skipping C:\Users\Admin\.gradle\caches\modules-2\files-2.1\org.lwjgl\lwjgl-stb\3.3.3\25dd6161988d7e65f71d5065c99902402ee32746\lwjgl-stb-3.3.3.jar because it was already located earlier
[03Dec2024 13:19:17.811] [main/DEBUG] [net.neoforged.fml.loading.moddiscovery.ModDiscoverer/]: Skipping C:\Users\Admin\.gradle\caches\modules-2\files-2.1\org.lwjgl\lwjgl-stb\3.3.3\1d9facdf6541de114b0f963be33505b7679c78cb\lwjgl-stb-3.3.3-natives-windows.jar because it was already located earlier
[03Dec2024 13:19:17.815] [main/DEBUG] [net.neoforged.fml.loading.moddiscovery.ModDiscoverer/]: Skipping C:\Users\Admin\.gradle\caches\modules-2\files-2.1\org.lwjgl\lwjgl-tinyfd\3.3.3\82d755ca94b102e9ca77283b9e2dc46d1b15fbe5\lwjgl-tinyfd-3.3.3.jar because it was already located earlier
[03Dec2024 13:19:17.815] [main/DEBUG] [net.neoforged.fml.loading.moddiscovery.ModDiscoverer/]: Skipping C:\Users\Admin\.gradle\caches\modules-2\files-2.1\org.lwjgl\lwjgl-tinyfd\3.3.3\a6697981b0449a5087c1d546fc08b4f73e8f98c9\lwjgl-tinyfd-3.3.3-natives-windows.jar because it was already located earlier
[03Dec2024 13:19:17.822] [main/DEBUG] [net.neoforged.fml.loading.moddiscovery.ModDiscoverer/]: Skipping C:\Users\Admin\.gradle\caches\modules-2\files-2.1\org.lwjgl\lwjgl\3.3.3\29589b5f87ed335a6c7e7ee6a5775f81f97ecb84\lwjgl-3.3.3.jar because it was already located earlier
[03Dec2024 13:19:17.830] [main/DEBUG] [net.neoforged.fml.loading.moddiscovery.ModDiscoverer/]: Skipping C:\Users\Admin\.gradle\caches\modules-2\files-2.1\org.lwjgl\lwjgl\3.3.3\9e670718e050aeaeea0c2d5b907cffb142f2e58f\lwjgl-3.3.3-natives-windows-x86.jar because it was already located earlier
[03Dec2024 13:19:17.830] [main/DEBUG] [net.neoforged.fml.loading.moddiscovery.ModDiscoverer/]: Skipping C:\Users\Admin\.gradle\caches\modules-2\files-2.1\org.lz4\lz4-java\1.8.0\4b986a99445e49ea5fbf5d149c4b63f6ed6c6780\lz4-java-1.8.0.jar because it was already located earlier
[03Dec2024 13:19:17.830] [main/DEBUG] [net.neoforged.fml.loading.moddiscovery.ModDiscoverer/]: Skipping C:\Users\Admin\.gradle\caches\modules-2\files-2.1\org.jline\jline-terminal\3.20.0\d0ddcc708ddf527a3454c941b7b9225cc83a15ff\jline-terminal-3.20.0.jar because it was already located earlier
[03Dec2024 13:19:17.831] [main/DEBUG] [net.neoforged.fml.loading.moddiscovery.ModDiscoverer/]: Skipping C:\Users\Admin\.gradle\caches\modules-2\files-2.1\com.google.guava\listenablefuture\9999.0-empty-to-avoid-conflict-with-guava\b421526c5f297295adef1c886e5246c39d4ac629\listenablefuture-9999.0-empty-to-avoid-conflict-with-guava.jar because it was already located earlier
[03Dec2024 13:19:17.831] [main/DEBUG] [net.neoforged.fml.loading.moddiscovery.ModDiscoverer/]: Skipping C:\Users\Admin\.gradle\caches\modules-2\files-2.1\com.google.code.findbugs\jsr305\3.0.2\25ea2e8b0c338a877313bd4672d3fe056ea78f0d\jsr305-3.0.2.jar because it was already located earlier
[03Dec2024 13:19:17.831] [main/DEBUG] [net.neoforged.fml.loading.moddiscovery.ModDiscoverer/]: Skipping C:\Users\Admin\.gradle\caches\modules-2\files-2.1\org.checkerframework\checker-qual\3.33.0\de2b60b62da487644fc11f734e73c8b0b431238f\checker-qual-3.33.0.jar because it was already located earlier
[03Dec2024 13:19:17.831] [main/DEBUG] [net.neoforged.fml.loading.moddiscovery.ModDiscoverer/]: Skipping C:\Users\Admin\.gradle\caches\modules-2\files-2.1\com.google.errorprone\error_prone_annotations\2.18.0\89b684257096f548fa39a7df9fdaa409d4d4df91\error_prone_annotations-2.18.0.jar because it was already located earlier
[03Dec2024 13:19:17.831] [main/DEBUG] [net.neoforged.fml.loading.moddiscovery.ModDiscoverer/]: Skipping C:\Users\Admin\.gradle\caches\modules-2\files-2.1\com.google.j2objc\j2objc-annotations\2.8\c85270e307e7b822f1086b93689124b89768e273\j2objc-annotations-2.8.jar because it was already located earlier
[03Dec2024 13:19:17.833] [main/DEBUG] [net.neoforged.fml.loading.UniqueModListBuilder/]: Found 2 mods for first modid neoforge, selecting most recent based on version data
[03Dec2024 13:19:17.833] [main/DEBUG] [net.neoforged.fml.loading.UniqueModListBuilder/]: Selected file neoforge-21.3.11-beta-minecraft.jar for modid neoforge with version 21.3.11-beta
[03Dec2024 13:19:17.911] [main/DEBUG] [net.neoforged.fml.loading.moddiscovery.ModFileParser/LOADING]: Considering mod file candidate 
[03Dec2024 13:19:17.913] [main/DEBUG] [net.neoforged.fml.loading.moddiscovery.ModFileInfo/LOADING]: Found valid mod file fabric_renderer_api_v1-3.3.0+1.21.2-pre1.jar with {fabric_renderer_api_v1} mods - versions {3.3.0+1.21.2-pre1}
[03Dec2024 13:19:17.916] [main/DEBUG] [net.neoforged.fml.loading.moddiscovery.ModFileParser/LOADING]: Considering mod file candidate 
[03Dec2024 13:19:17.919] [main/DEBUG] [net.neoforged.fml.loading.moddiscovery.ModFileInfo/LOADING]: Found valid mod file fabric-api-base-0.4.42+d1308ded19.jar with {fabric_api_base} mods - versions {0.4.42+d1308ded19}
[03Dec2024 13:19:17.920] [main/DEBUG] [net.neoforged.fml.loading.moddiscovery.ModFileParser/LOADING]: Considering mod file candidate 
[03Dec2024 13:19:17.922] [main/DEBUG] [net.neoforged.fml.loading.moddiscovery.ModFileInfo/LOADING]: Found valid mod file fabric-block-view-api-v2-1.0.10+9afaaf8c19.jar with {fabric_block_view_api_v2} mods - versions {1.0.10+9afaaf8c19}
[03Dec2024 13:19:17.922] [main/DEBUG] [net.neoforged.fml.loading.moddiscovery.ModFileParser/LOADING]: Considering mod file candidate 
[03Dec2024 13:19:17.923] [main/DEBUG] [net.neoforged.fml.loading.moddiscovery.ModFileInfo/LOADING]: Found valid mod file fabric-rendering-data-attachment-v1-0.3.48+73761d2e19.jar with {fabric_rendering_data_attachment_v1} mods - versions {0.3.48+73761d2e19}
[03Dec2024 13:19:17.930] [main/DEBUG] [net.neoforged.fml.loading.moddiscovery.ModFileParser/LOADING]: Considering mod file candidate 
[03Dec2024 13:19:17.931] [main/DEBUG] [net.neoforged.fml.loading.moddiscovery.ModFileInfo/LOADING]: Found valid mod file fabric_renderer_api_v1-3.3.0+1.21.2-pre1.jar with {fabric_renderer_api_v1} mods - versions {3.3.0+1.21.2-pre1}
[03Dec2024 13:19:17.932] [main/DEBUG] [net.neoforged.fml.loading.moddiscovery.ModFileParser/LOADING]: Considering mod file candidate 
[03Dec2024 13:19:17.933] [main/DEBUG] [net.neoforged.fml.loading.moddiscovery.ModFileInfo/LOADING]: Found valid mod file fabric-api-base-0.4.42+d1308ded19.jar with {fabric_api_base} mods - versions {0.4.42+d1308ded19}
[03Dec2024 13:19:17.934] [main/DEBUG] [net.neoforged.fml.loading.moddiscovery.ModFileParser/LOADING]: Considering mod file candidate 
[03Dec2024 13:19:17.934] [main/DEBUG] [net.neoforged.fml.loading.moddiscovery.ModFileInfo/LOADING]: Found valid mod file fabric-block-view-api-v2-1.0.10+9afaaf8c19.jar with {fabric_block_view_api_v2} mods - versions {1.0.10+9afaaf8c19}
[03Dec2024 13:19:17.935] [main/DEBUG] [net.neoforged.fml.loading.moddiscovery.ModFileParser/LOADING]: Considering mod file candidate 
[03Dec2024 13:19:17.936] [main/DEBUG] [net.neoforged.fml.loading.moddiscovery.ModFileInfo/LOADING]: Found valid mod file fabric-rendering-data-attachment-v1-0.3.48+73761d2e19.jar with {fabric_rendering_data_attachment_v1} mods - versions {0.3.48+73761d2e19}
[03Dec2024 13:19:17.960] [main/DEBUG] [net.neoforged.fml.loading.moddiscovery.ModFileParser/LOADING]: Considering mod file candidate 
[03Dec2024 13:19:17.961] [main/DEBUG] [net.neoforged.fml.loading.moddiscovery.ModFileInfo/LOADING]: Found valid mod file fabric-api-base-0.4.42+d1308ded19.jar with {fabric_api_base} mods - versions {0.4.42+d1308ded19}
[03Dec2024 13:19:17.963] [main/DEBUG] [net.neoforged.fml.loading.moddiscovery.ModFileParser/LOADING]: Considering mod file candidate 
[03Dec2024 13:19:17.964] [main/DEBUG] [net.neoforged.fml.loading.moddiscovery.ModFileInfo/LOADING]: Found valid mod file fabric-rendering-data-attachment-v1-0.3.48+73761d2e19.jar with {fabric_rendering_data_attachment_v1} mods - versions {0.3.48+73761d2e19}
[03Dec2024 13:19:17.970] [main/DEBUG] [net.neoforged.fml.loading.moddiscovery.ModFileParser/LOADING]: Considering mod file candidate 
[03Dec2024 13:19:17.971] [main/DEBUG] [net.neoforged.fml.loading.moddiscovery.ModFileInfo/LOADING]: Found valid mod file fabric-block-view-api-v2-1.0.10+9afaaf8c19.jar with {fabric_block_view_api_v2} mods - versions {1.0.10+9afaaf8c19}
[03Dec2024 13:19:17.972] [main/DEBUG] [net.neoforged.fml.loading.moddiscovery.ModFileParser/LOADING]: Considering mod file candidate 
[03Dec2024 13:19:17.973] [main/DEBUG] [net.neoforged.fml.loading.moddiscovery.ModFileInfo/LOADING]: Found valid mod file fabric_renderer_api_v1-3.3.0+1.21.2-pre1.jar with {fabric_renderer_api_v1} mods - versions {3.3.0+1.21.2-pre1}
[03Dec2024 13:19:17.977] [main/INFO] [net.neoforged.fml.loading.moddiscovery.locators.JarInJarDependencyLocator/]: Found 9 dependencies adding them to mods collection
[03Dec2024 13:19:17.980] [main/INFO] [net.neoforged.fml.loading.moddiscovery.ModDiscoverer/]: 
     Mod List:
		Name Version (Mod Id)

		Corelib 1.21.3-2.1.5 (corelib)
		Fabric Rendering API 3.3.0+1.21.2-pre1 (fabric_renderer_api_v1)
		Forgified Fabric API Base 0.4.42+d1308ded19 (fabric_api_base)
		Forgified Fabric BlockView API (v2) 1.0.10+9afaaf8c19 (fabric_block_view_api_v2)
		Forgified Fabric Rendering Data Attachment (v1) 0.3.48+73761d2e19 (fabric_rendering_data_attachment_v1)
		Iris 1.8.0-beta.6+mc1.21.2 (iris)
		Minecraft 1.21.3 (minecraft)
		Mob Farms 1 (mob_farms)
		NeoForge 21.3.11-beta (neoforge)
		Sodium 0.6.0-beta.3+mc1.21.2 (sodium)
[03Dec2024 13:19:17.980] [main/DEBUG] [net.neoforged.fml.loading.moddiscovery.ModFileInfo/LOADING]: Found valid mod file neoforge-21.3.11-beta-minecraft.jar with {minecraft} mods - versions {1.21.3}
[03Dec2024 13:19:17.982] [main/DEBUG] [net.neoforged.fml.loading.moddiscovery.ModFile/LOADING]: Loading mod file D:\MCreatorWorkspaces\mobFarms\MobFarms\build\moddev\artifacts\neoforge-21.3.11-beta-minecraft.jar with languages [LanguageSpec[languageName=minecraft, acceptedVersions=1]]
[03Dec2024 13:19:17.984] [main/DEBUG] [net.neoforged.fml.loading.moddiscovery.ModFileParser/LOADING]: Considering mod file candidate D:\MCreatorWorkspaces\mobFarms\MobFarms\run\mods\iris-neoforge-1.8.0-beta.6+mc1.21.2.jar
[03Dec2024 13:19:17.986] [main/DEBUG] [net.neoforged.fml.loading.moddiscovery.ModFileInfo/LOADING]: Found valid mod file iris-neoforge-1.8.0-beta.6+mc1.21.2.jar with {iris} mods - versions {1.8.0-beta.6+mc1.21.2}
[03Dec2024 13:19:17.986] [main/DEBUG] [net.neoforged.fml.loading.moddiscovery.ModFile/LOADING]: Loading mod file D:\MCreatorWorkspaces\mobFarms\MobFarms\run\mods\iris-neoforge-1.8.0-beta.6+mc1.21.2.jar with languages [LanguageSpec[languageName=javafml, acceptedVersions=*]]
[03Dec2024 13:19:17.986] [main/DEBUG] [net.neoforged.fml.loading.moddiscovery.ModFile/LOADING]: Found mixin config mixins.iris.json
[03Dec2024 13:19:17.986] [main/DEBUG] [net.neoforged.fml.loading.moddiscovery.ModFile/LOADING]: Found mixin config mixins.iris.fantastic.json
[03Dec2024 13:19:17.986] [main/DEBUG] [net.neoforged.fml.loading.moddiscovery.ModFile/LOADING]: Found mixin config mixins.iris.vertexformat.json
[03Dec2024 13:19:17.986] [main/DEBUG] [net.neoforged.fml.loading.moddiscovery.ModFile/LOADING]: Found mixin config iris-batched-entity-rendering.mixins.json
[03Dec2024 13:19:17.986] [main/DEBUG] [net.neoforged.fml.loading.moddiscovery.ModFile/LOADING]: Found mixin config mixins.iris.compat.sodium.json
[03Dec2024 13:19:17.986] [main/DEBUG] [net.neoforged.fml.loading.moddiscovery.ModFile/LOADING]: Found mixin config mixins.iris.compat.dh.json
[03Dec2024 13:19:17.986] [main/DEBUG] [net.neoforged.fml.loading.moddiscovery.ModFile/LOADING]: Found mixin config mixins.iris.forge.json
[03Dec2024 13:19:17.986] [main/DEBUG] [net.neoforged.fml.loading.moddiscovery.ModFileParser/LOADING]: Considering mod file candidate 
[03Dec2024 13:19:17.987] [main/DEBUG] [net.neoforged.fml.loading.moddiscovery.ModFileInfo/LOADING]: Found valid mod file fabric-api-base-0.4.42+d1308ded19.jar with {fabric_api_base} mods - versions {0.4.42+d1308ded19}
[03Dec2024 13:19:17.987] [main/DEBUG] [net.neoforged.fml.loading.moddiscovery.ModFile/LOADING]: Loading mod file  with languages [LanguageSpec[languageName=javafml, acceptedVersions=[1,)]]
[03Dec2024 13:19:17.987] [main/DEBUG] [net.neoforged.fml.loading.moddiscovery.ModFileParser/LOADING]: Considering mod file candidate 
[03Dec2024 13:19:17.989] [main/DEBUG] [net.neoforged.fml.loading.moddiscovery.ModFileInfo/LOADING]: Found valid mod file fabric_renderer_api_v1-3.3.0+1.21.2-pre1.jar with {fabric_renderer_api_v1} mods - versions {3.3.0+1.21.2-pre1}
[03Dec2024 13:19:17.989] [main/DEBUG] [net.neoforged.fml.loading.moddiscovery.ModFile/LOADING]: Loading mod file  with languages [LanguageSpec[languageName=javafml, acceptedVersions=[2,)]]
[03Dec2024 13:19:17.989] [main/DEBUG] [net.neoforged.fml.loading.moddiscovery.ModFile/LOADING]: Found mixin config fabric-renderer-api-v1.debughud.mixins.json
[03Dec2024 13:19:17.989] [main/DEBUG] [net.neoforged.fml.loading.moddiscovery.ModFile/LOADING]: Found mixin config fabric-renderer-api-v1.mixins.json
[03Dec2024 13:19:17.989] [main/DEBUG] [net.neoforged.fml.loading.moddiscovery.ModFileParser/LOADING]: Considering mod file candidate C:\Users\Admin\.gradle\caches\modules-2\files-2.1\de.maxhenkel.corelib\corelib\1.21.3-2.1.5\f29233881412301f5561b5cc8f2ccfcc32660a53\corelib-1.21.3-2.1.5.jar
[03Dec2024 13:19:17.990] [main/DEBUG] [net.neoforged.fml.loading.moddiscovery.ModFileInfo/LOADING]: Found valid mod file corelib-1.21.3-2.1.5.jar with {corelib} mods - versions {1.21.3-2.1.5}
[03Dec2024 13:19:17.991] [main/DEBUG] [net.neoforged.fml.loading.moddiscovery.ModFile/LOADING]: Loading mod file C:\Users\Admin\.gradle\caches\modules-2\files-2.1\de.maxhenkel.corelib\corelib\1.21.3-2.1.5\f29233881412301f5561b5cc8f2ccfcc32660a53\corelib-1.21.3-2.1.5.jar with languages [LanguageSpec[languageName=javafml, acceptedVersions=*]]
[03Dec2024 13:19:17.991] [main/DEBUG] [net.neoforged.fml.loading.moddiscovery.ModFileParser/LOADING]: Considering mod file candidate 
[03Dec2024 13:19:17.992] [main/DEBUG] [net.neoforged.fml.loading.moddiscovery.ModFileInfo/LOADING]: Found valid mod file fabric-rendering-data-attachment-v1-0.3.48+73761d2e19.jar with {fabric_rendering_data_attachment_v1} mods - versions {0.3.48+73761d2e19}
[03Dec2024 13:19:17.992] [main/DEBUG] [net.neoforged.fml.loading.moddiscovery.ModFile/LOADING]: Loading mod file  with languages [LanguageSpec[languageName=javafml, acceptedVersions=[1,)]]
[03Dec2024 13:19:17.992] [main/DEBUG] [net.neoforged.fml.loading.moddiscovery.ModFile/LOADING]: Found mixin config fabric-rendering-data-attachment-v1.mixins.json
[03Dec2024 13:19:17.992] [main/DEBUG] [net.neoforged.fml.loading.moddiscovery.ModFile/LOADING]: Found mixin config fabric-rendering-data-attachment-v1.client.mixins.json
[03Dec2024 13:19:17.993] [main/DEBUG] [net.neoforged.fml.loading.moddiscovery.ModFileParser/LOADING]: Considering mod file candidate D:\MCreatorWorkspaces\mobFarms\MobFarms\run\mods\sodium-neoforge-0.6.0-beta.3+mc1.21.2.jar
[03Dec2024 13:19:17.993] [main/DEBUG] [net.neoforged.fml.loading.moddiscovery.ModFileInfo/LOADING]: Found valid mod file sodium-neoforge-0.6.0-beta.3+mc1.21.2.jar with {sodium} mods - versions {0.6.0-beta.3+mc1.21.2}
[03Dec2024 13:19:17.994] [main/DEBUG] [net.neoforged.fml.loading.moddiscovery.ModFile/LOADING]: Loading mod file D:\MCreatorWorkspaces\mobFarms\MobFarms\run\mods\sodium-neoforge-0.6.0-beta.3+mc1.21.2.jar with languages [LanguageSpec[languageName=javafml, acceptedVersions=*]]
[03Dec2024 13:19:17.994] [main/DEBUG] [net.neoforged.fml.loading.moddiscovery.ModFile/LOADING]: Found mixin config sodium.mixins.json
[03Dec2024 13:19:17.994] [main/DEBUG] [net.neoforged.fml.loading.moddiscovery.ModFile/LOADING]: Found mixin config sodium-forge.mixins.json
[03Dec2024 13:19:17.994] [main/DEBUG] [net.neoforged.fml.loading.moddiscovery.ModFileParser/LOADING]: Considering mod file candidate D:\MCreatorWorkspaces\mobFarms\MobFarms\build\classes\java\main
[03Dec2024 13:19:17.995] [main/DEBUG] [net.neoforged.fml.loading.moddiscovery.ModFileInfo/LOADING]: Found valid mod file main with {mob_farms} mods - versions {1}
[03Dec2024 13:19:17.995] [main/DEBUG] [net.neoforged.fml.loading.moddiscovery.ModFile/LOADING]: Loading mod file D:\MCreatorWorkspaces\mobFarms\MobFarms\build\classes\java\main with languages [LanguageSpec[languageName=javafml, acceptedVersions=*]]
[03Dec2024 13:19:17.995] [main/DEBUG] [net.neoforged.fml.loading.moddiscovery.ModFileParser/LOADING]: Considering mod file candidate D:\MCreatorWorkspaces\mobFarms\MobFarms\build\moddev\artifacts\neoforge-21.3.11-beta-minecraft.jar
[03Dec2024 13:19:17.996] [main/DEBUG] [net.neoforged.fml.loading.moddiscovery.ModFileInfo/LOADING]: Found valid mod file neoforge-21.3.11-beta-minecraft.jar with {neoforge} mods - versions {21.3.11-beta}
[03Dec2024 13:19:17.996] [main/DEBUG] [net.neoforged.fml.loading.moddiscovery.ModFile/LOADING]: Loading mod file D:\MCreatorWorkspaces\mobFarms\MobFarms\build\moddev\artifacts\neoforge-21.3.11-beta-minecraft.jar with languages [LanguageSpec[languageName=javafml, acceptedVersions=[3,]]]
[03Dec2024 13:19:17.996] [main/DEBUG] [net.neoforged.fml.loading.moddiscovery.ModFile/LOADING]: Found mixin config neoforge.mixins.json
[03Dec2024 13:19:17.996] [main/DEBUG] [net.neoforged.fml.loading.moddiscovery.ModFileParser/LOADING]: Considering mod file candidate 
[03Dec2024 13:19:17.997] [main/DEBUG] [net.neoforged.fml.loading.moddiscovery.ModFileInfo/LOADING]: Found valid mod file fabric-block-view-api-v2-1.0.10+9afaaf8c19.jar with {fabric_block_view_api_v2} mods - versions {1.0.10+9afaaf8c19}
[03Dec2024 13:19:17.997] [main/DEBUG] [net.neoforged.fml.loading.moddiscovery.ModFile/LOADING]: Loading mod file  with languages [LanguageSpec[languageName=javafml, acceptedVersions=[1,)]]
[03Dec2024 13:19:17.997] [main/DEBUG] [net.neoforged.fml.loading.moddiscovery.ModFile/LOADING]: Found mixin config fabric-block-view-api-v2.mixins.json
[03Dec2024 13:19:17.997] [main/DEBUG] [net.neoforged.fml.loading.moddiscovery.ModFile/LOADING]: Found mixin config fabric-block-view-api-v2.client.mixins.json
[03Dec2024 13:19:17.997] [main/DEBUG] [net.neoforged.fml.loading.moddiscovery.ModFile/LOADING]: Loading mod file  with languages []
[03Dec2024 13:19:17.999] [main/DEBUG] [cpw.mods.modlauncher.TransformationServiceDecorator/MODLAUNCHER]: End scan trigger - transformation service fml
[03Dec2024 13:19:18.014] [main/DEBUG] [net.neoforged.fml.util.ServiceLoaderUtil/CORE]: Found 3 implementations of IModLanguageLoader:
[03Dec2024 13:19:18.015] [main/DEBUG] [net.neoforged.fml.util.ServiceLoaderUtil/CORE]: 	net.neoforged.fml.javafmlmod.FMLJavaModLanguageProvider from loader-5.0.1.jar
[03Dec2024 13:19:18.015] [main/DEBUG] [net.neoforged.fml.util.ServiceLoaderUtil/CORE]: 	net.neoforged.fml.lowcodemod.LowCodeModLanguageProvider from loader-5.0.1.jar
[03Dec2024 13:19:18.015] [main/DEBUG] [net.neoforged.fml.util.ServiceLoaderUtil/CORE]: 	net.neoforged.fml.mclanguageprovider.MinecraftModLanguageProvider from loader-5.0.1.jar
[03Dec2024 13:19:18.015] [main/DEBUG] [net.neoforged.fml.loading.LanguageProviderLoader/CORE]: Found language provider javafml, version 5.0.1
[03Dec2024 13:19:18.016] [main/DEBUG] [net.neoforged.fml.loading.LanguageProviderLoader/CORE]: Found language provider lowcodefml, version 5.0.1
[03Dec2024 13:19:18.016] [main/DEBUG] [net.neoforged.fml.loading.LanguageProviderLoader/CORE]: Found language provider minecraft, version 5.0.1
[03Dec2024 13:19:18.021] [main/DEBUG] [net.neoforged.fml.loading.ModSorter/]: Configured system mods: [minecraft, neoforge]
[03Dec2024 13:19:18.021] [main/DEBUG] [net.neoforged.fml.loading.ModSorter/]: Found system mod: minecraft
[03Dec2024 13:19:18.021] [main/DEBUG] [net.neoforged.fml.loading.ModSorter/]: Found system mod: neoforge
[03Dec2024 13:19:18.024] [main/DEBUG] [net.neoforged.fml.loading.ModSorter/LOADING]: Found 18 mod requirements (13 mandatory, 5 optional)
[03Dec2024 13:19:18.025] [main/DEBUG] [net.neoforged.fml.loading.ModSorter/LOADING]: Found 0 mod requirements missing (0 mandatory, 0 optional)
[03Dec2024 13:19:18.071] [main/DEBUG] [mixin/]: Adding mixin platform agents for container net.neoforged.fml.loading.mixin.FMLMixinContainerHandle@1c504e66
[03Dec2024 13:19:18.071] [main/DEBUG] [mixin/]: Instancing new MixinPlatformAgentMinecraftForge for net.neoforged.fml.loading.mixin.FMLMixinContainerHandle@1c504e66
[03Dec2024 13:19:18.071] [main/DEBUG] [mixin/]: MixinPlatformAgentMinecraftForge rejected container net.neoforged.fml.loading.mixin.FMLMixinContainerHandle@1c504e66
[03Dec2024 13:19:18.071] [main/DEBUG] [mixin/]: Instancing new MixinPlatformAgentDefault for net.neoforged.fml.loading.mixin.FMLMixinContainerHandle@1c504e66
[03Dec2024 13:19:18.071] [main/DEBUG] [mixin/]: MixinPlatformAgentDefault accepted container net.neoforged.fml.loading.mixin.FMLMixinContainerHandle@1c504e66
[03Dec2024 13:19:18.071] [main/DEBUG] [mixin/]: Instancing new FMLMixinPlatformAgent for net.neoforged.fml.loading.mixin.FMLMixinContainerHandle@1c504e66
[03Dec2024 13:19:18.071] [main/DEBUG] [mixin/]: FMLMixinPlatformAgent accepted container net.neoforged.fml.loading.mixin.FMLMixinContainerHandle@1c504e66
[03Dec2024 13:19:18.081] [main/DEBUG] [cpw.mods.modlauncher.TransformationServicesHandler/MODLAUNCHER]: Transformation services loading transformers
[03Dec2024 13:19:18.082] [main/DEBUG] [cpw.mods.modlauncher.TransformationServiceDecorator/MODLAUNCHER]: Initializing transformers for transformation service mixin
[03Dec2024 13:19:18.083] [main/DEBUG] [cpw.mods.modlauncher.TransformationServiceDecorator/MODLAUNCHER]: Initialized transformers for transformation service mixin
[03Dec2024 13:19:18.084] [main/DEBUG] [cpw.mods.modlauncher.TransformationServiceDecorator/MODLAUNCHER]: Initializing transformers for transformation service fml
[03Dec2024 13:19:18.084] [main/DEBUG] [net.neoforged.fml.loading.FMLServiceProvider/LOADING]: Loading coremod transformers
[03Dec2024 13:19:18.085] [main/DEBUG] [net.neoforged.fml.loading.FMLServiceProvider/CORE]: Not loading coremod script-engine since no mod requested it
[03Dec2024 13:19:18.086] [main/DEBUG] [net.neoforged.fml.util.ServiceLoaderUtil/CORE]: Found 1 implementations of ICoreMod:
[03Dec2024 13:19:18.086] [main/DEBUG] [net.neoforged.fml.util.ServiceLoaderUtil/CORE]: 	net.neoforged.neoforge.coremods.NeoForgeCoreMod from neoforge-21.3.11-beta-minecraft.jar > neoforge-coremods-21.3.11-beta.jar
[03Dec2024 13:19:18.103] [main/DEBUG] [net.neoforged.fml.loading.FMLServiceProvider/CORE]: Adding [Target[className=net.minecraft.world.level.biome.Biome, elementName=, elementDescriptor=, targetType=cpw.mods.modlauncher.api.TargetType@62e6b5c8]] transformer from core-mod net.neoforged.neoforge.coremods.NeoForgeCoreMod@6fd77352 in neoforge-21.3.11-beta-minecraft.jar > neoforge-coremods-21.3.11-beta.jar
[03Dec2024 13:19:18.104] [main/DEBUG] [net.neoforged.fml.loading.FMLServiceProvider/CORE]: Adding [Target[className=net.minecraft.world.level.levelgen.structure.Structure, elementName=, elementDescriptor=, targetType=cpw.mods.modlauncher.api.TargetType@62e6b5c8]] transformer from core-mod net.neoforged.neoforge.coremods.NeoForgeCoreMod@6fd77352 in neoforge-21.3.11-beta-minecraft.jar > neoforge-coremods-21.3.11-beta.jar
[03Dec2024 13:19:18.104] [main/DEBUG] [net.neoforged.fml.loading.FMLServiceProvider/CORE]: Adding [Target[className=net.minecraft.world.level.block.FlowerPotBlock, elementName=, elementDescriptor=, targetType=cpw.mods.modlauncher.api.TargetType@62e6b5c8]] transformer from core-mod net.neoforged.neoforge.coremods.NeoForgeCoreMod@6fd77352 in neoforge-21.3.11-beta-minecraft.jar > neoforge-coremods-21.3.11-beta.jar
[03Dec2024 13:19:18.104] [main/DEBUG] [net.neoforged.fml.loading.FMLServiceProvider/CORE]: Adding [Target[className=net/minecraft/world/entity/monster/ZombieVillager, elementName=, elementDescriptor=, targetType=cpw.mods.modlauncher.api.TargetType@62e6b5c8], Target[className=net/minecraft/world/level/NaturalSpawner, elementName=, elementDescriptor=, targetType=cpw.mods.modlauncher.api.TargetType@62e6b5c8], Target[className=net/minecraft/world/level/levelgen/PatrolSpawner, elementName=, elementDescriptor=, targetType=cpw.mods.modlauncher.api.TargetType@62e6b5c8], Target[className=net/minecraft/world/entity/monster/Evoker$EvokerSummonSpellGoal, elementName=, elementDescriptor=, targetType=cpw.mods.modlauncher.api.TargetType@62e6b5c8], Target[className=net/minecraft/server/commands/SummonCommand, elementName=, elementDescriptor=, targetType=cpw.mods.modlauncher.api.TargetType@62e6b5c8], Target[className=net/minecraft/world/level/levelgen/structure/structures/WoodlandMansionPieces$WoodlandMansionPiece, elementName=, elementDescriptor=, targetType=cpw.mods.modlauncher.api.TargetType@62e6b5c8], Target[className=net/minecraft/world/entity/ai/village/VillageSiege, elementName=, elementDescriptor=, targetType=cpw.mods.modlauncher.api.TargetType@62e6b5c8], Target[className=net/minecraft/world/entity/EntityType, elementName=, elementDescriptor=, targetType=cpw.mods.modlauncher.api.TargetType@62e6b5c8], Target[className=net/minecraft/server/commands/RaidCommand, elementName=, elementDescriptor=, targetType=cpw.mods.modlauncher.api.TargetType@62e6b5c8], Target[className=net/minecraft/world/entity/animal/horse/SkeletonTrapGoal, elementName=, elementDescriptor=, targetType=cpw.mods.modlauncher.api.TargetType@62e6b5c8], Target[className=net/minecraft/world/entity/npc/CatSpawner, elementName=, elementDescriptor=, targetType=cpw.mods.modlauncher.api.TargetType@62e6b5c8], Target[className=net/minecraft/world/entity/npc/Villager, elementName=, elementDescriptor=, targetType=cpw.mods.modlauncher.api.TargetType@62e6b5c8], Target[className=net/minecraft/world/entity/monster/Strider, elementName=, elementDescriptor=, targetType=cpw.mods.modlauncher.api.TargetType@62e6b5c8], Target[className=net/minecraft/world/level/levelgen/structure/templatesystem/StructureTemplate, elementName=, elementDescriptor=, targetType=cpw.mods.modlauncher.api.TargetType@62e6b5c8], Target[className=net/minecraft/world/entity/raid/Raid, elementName=, elementDescriptor=, targetType=cpw.mods.modlauncher.api.TargetType@62e6b5c8], Target[className=net/minecraft/world/level/levelgen/structure/structures/SwampHutPiece, elementName=, elementDescriptor=, targetType=cpw.mods.modlauncher.api.TargetType@62e6b5c8], Target[className=net/minecraft/world/entity/monster/Zombie, elementName=, elementDescriptor=, targetType=cpw.mods.modlauncher.api.TargetType@62e6b5c8], Target[className=net/minecraft/world/entity/monster/Spider, elementName=, elementDescriptor=, targetType=cpw.mods.modlauncher.api.TargetType@62e6b5c8], Target[className=net/minecraft/world/level/levelgen/structure/structures/OceanRuinPieces$OceanRuinPiece, elementName=, elementDescriptor=, targetType=cpw.mods.modlauncher.api.TargetType@62e6b5c8], Target[className=net/minecraft/world/level/levelgen/structure/structures/OceanMonumentPieces$OceanMonumentPiece, elementName=, elementDescriptor=, targetType=cpw.mods.modlauncher.api.TargetType@62e6b5c8], Target[className=net/minecraft/world/entity/animal/frog/Tadpole, elementName=, elementDescriptor=, targetType=cpw.mods.modlauncher.api.TargetType@62e6b5c8], Target[className=net/minecraft/world/level/levelgen/PhantomSpawner, elementName=, elementDescriptor=, targetType=cpw.mods.modlauncher.api.TargetType@62e6b5c8]] transformer from core-mod net.neoforged.neoforge.coremods.NeoForgeCoreMod@6fd77352 in neoforge-21.3.11-beta-minecraft.jar > neoforge-coremods-21.3.11-beta.jar
[03Dec2024 13:19:18.111] [main/DEBUG] [cpw.mods.modlauncher.TransformStore/MODLAUNCHER]: Adding transformer net.neoforged.neoforge.coremods.ReplaceFieldWithGetterAccess@34e20e6b to Target : cpw.mods.modlauncher.api.TargetType@62e6b5c8 {Lnet/minecraft/world/level/biome/Biome;} {} {V}
[03Dec2024 13:19:18.114] [main/DEBUG] [cpw.mods.modlauncher.TransformStore/MODLAUNCHER]: Adding transformer net.neoforged.neoforge.coremods.ReplaceFieldWithGetterAccess@2f2d52ef to Target : cpw.mods.modlauncher.api.TargetType@62e6b5c8 {Lnet/minecraft/world/level/levelgen/structure/Structure;} {} {V}
[03Dec2024 13:19:18.114] [main/DEBUG] [cpw.mods.modlauncher.TransformStore/MODLAUNCHER]: Adding transformer net.neoforged.neoforge.coremods.ReplaceFieldWithGetterAccess@f2ce6b to Target : cpw.mods.modlauncher.api.TargetType@62e6b5c8 {Lnet/minecraft/world/level/block/FlowerPotBlock;} {} {V}
[03Dec2024 13:19:18.114] [main/DEBUG] [cpw.mods.modlauncher.TransformStore/MODLAUNCHER]: Adding transformer net.neoforged.neoforge.coremods.MethodRedirector@25c53f74 to Target : cpw.mods.modlauncher.api.TargetType@62e6b5c8 {Lnet/minecraft/world/entity/monster/ZombieVillager;} {} {V}
[03Dec2024 13:19:18.114] [main/DEBUG] [cpw.mods.modlauncher.TransformStore/MODLAUNCHER]: Adding transformer net.neoforged.neoforge.coremods.MethodRedirector@25c53f74 to Target : cpw.mods.modlauncher.api.TargetType@62e6b5c8 {Lnet/minecraft/world/level/NaturalSpawner;} {} {V}
[03Dec2024 13:19:18.114] [main/DEBUG] [cpw.mods.modlauncher.TransformStore/MODLAUNCHER]: Adding transformer net.neoforged.neoforge.coremods.MethodRedirector@25c53f74 to Target : cpw.mods.modlauncher.api.TargetType@62e6b5c8 {Lnet/minecraft/world/level/levelgen/PatrolSpawner;} {} {V}
[03Dec2024 13:19:18.114] [main/DEBUG] [cpw.mods.modlauncher.TransformStore/MODLAUNCHER]: Adding transformer net.neoforged.neoforge.coremods.MethodRedirector@25c53f74 to Target : cpw.mods.modlauncher.api.TargetType@62e6b5c8 {Lnet/minecraft/world/entity/monster/Evoker$EvokerSummonSpellGoal;} {} {V}
[03Dec2024 13:19:18.114] [main/DEBUG] [cpw.mods.modlauncher.TransformStore/MODLAUNCHER]: Adding transformer net.neoforged.neoforge.coremods.MethodRedirector@25c53f74 to Target : cpw.mods.modlauncher.api.TargetType@62e6b5c8 {Lnet/minecraft/server/commands/SummonCommand;} {} {V}
[03Dec2024 13:19:18.115] [main/DEBUG] [cpw.mods.modlauncher.TransformStore/MODLAUNCHER]: Adding transformer net.neoforged.neoforge.coremods.MethodRedirector@25c53f74 to Target : cpw.mods.modlauncher.api.TargetType@62e6b5c8 {Lnet/minecraft/world/level/levelgen/structure/structures/WoodlandMansionPieces$WoodlandMansionPiece;} {} {V}
[03Dec2024 13:19:18.115] [main/DEBUG] [cpw.mods.modlauncher.TransformStore/MODLAUNCHER]: Adding transformer net.neoforged.neoforge.coremods.MethodRedirector@25c53f74 to Target : cpw.mods.modlauncher.api.TargetType@62e6b5c8 {Lnet/minecraft/world/entity/ai/village/VillageSiege;} {} {V}
[03Dec2024 13:19:18.115] [main/DEBUG] [cpw.mods.modlauncher.TransformStore/MODLAUNCHER]: Adding transformer net.neoforged.neoforge.coremods.MethodRedirector@25c53f74 to Target : cpw.mods.modlauncher.api.TargetType@62e6b5c8 {Lnet/minecraft/world/entity/EntityType;} {} {V}
[03Dec2024 13:19:18.115] [main/DEBUG] [cpw.mods.modlauncher.TransformStore/MODLAUNCHER]: Adding transformer net.neoforged.neoforge.coremods.MethodRedirector@25c53f74 to Target : cpw.mods.modlauncher.api.TargetType@62e6b5c8 {Lnet/minecraft/server/commands/RaidCommand;} {} {V}
[03Dec2024 13:19:18.115] [main/DEBUG] [cpw.mods.modlauncher.TransformStore/MODLAUNCHER]: Adding transformer net.neoforged.neoforge.coremods.MethodRedirector@25c53f74 to Target : cpw.mods.modlauncher.api.TargetType@62e6b5c8 {Lnet/minecraft/world/entity/animal/horse/SkeletonTrapGoal;} {} {V}
[03Dec2024 13:19:18.115] [main/DEBUG] [cpw.mods.modlauncher.TransformStore/MODLAUNCHER]: Adding transformer net.neoforged.neoforge.coremods.MethodRedirector@25c53f74 to Target : cpw.mods.modlauncher.api.TargetType@62e6b5c8 {Lnet/minecraft/world/entity/npc/CatSpawner;} {} {V}
[03Dec2024 13:19:18.115] [main/DEBUG] [cpw.mods.modlauncher.TransformStore/MODLAUNCHER]: Adding transformer net.neoforged.neoforge.coremods.MethodRedirector@25c53f74 to Target : cpw.mods.modlauncher.api.TargetType@62e6b5c8 {Lnet/minecraft/world/entity/npc/Villager;} {} {V}
[03Dec2024 13:19:18.115] [main/DEBUG] [cpw.mods.modlauncher.TransformStore/MODLAUNCHER]: Adding transformer net.neoforged.neoforge.coremods.MethodRedirector@25c53f74 to Target : cpw.mods.modlauncher.api.TargetType@62e6b5c8 {Lnet/minecraft/world/entity/monster/Strider;} {} {V}
[03Dec2024 13:19:18.115] [main/DEBUG] [cpw.mods.modlauncher.TransformStore/MODLAUNCHER]: Adding transformer net.neoforged.neoforge.coremods.MethodRedirector@25c53f74 to Target : cpw.mods.modlauncher.api.TargetType@62e6b5c8 {Lnet/minecraft/world/level/levelgen/structure/templatesystem/StructureTemplate;} {} {V}
[03Dec2024 13:19:18.115] [main/DEBUG] [cpw.mods.modlauncher.TransformStore/MODLAUNCHER]: Adding transformer net.neoforged.neoforge.coremods.MethodRedirector@25c53f74 to Target : cpw.mods.modlauncher.api.TargetType@62e6b5c8 {Lnet/minecraft/world/entity/raid/Raid;} {} {V}
[03Dec2024 13:19:18.115] [main/DEBUG] [cpw.mods.modlauncher.TransformStore/MODLAUNCHER]: Adding transformer net.neoforged.neoforge.coremods.MethodRedirector@25c53f74 to Target : cpw.mods.modlauncher.api.TargetType@62e6b5c8 {Lnet/minecraft/world/level/levelgen/structure/structures/SwampHutPiece;} {} {V}
[03Dec2024 13:19:18.116] [main/DEBUG] [cpw.mods.modlauncher.TransformStore/MODLAUNCHER]: Adding transformer net.neoforged.neoforge.coremods.MethodRedirector@25c53f74 to Target : cpw.mods.modlauncher.api.TargetType@62e6b5c8 {Lnet/minecraft/world/entity/monster/Zombie;} {} {V}
[03Dec2024 13:19:18.116] [main/DEBUG] [cpw.mods.modlauncher.TransformStore/MODLAUNCHER]: Adding transformer net.neoforged.neoforge.coremods.MethodRedirector@25c53f74 to Target : cpw.mods.modlauncher.api.TargetType@62e6b5c8 {Lnet/minecraft/world/entity/monster/Spider;} {} {V}
[03Dec2024 13:19:18.116] [main/DEBUG] [cpw.mods.modlauncher.TransformStore/MODLAUNCHER]: Adding transformer net.neoforged.neoforge.coremods.MethodRedirector@25c53f74 to Target : cpw.mods.modlauncher.api.TargetType@62e6b5c8 {Lnet/minecraft/world/level/levelgen/structure/structures/OceanRuinPieces$OceanRuinPiece;} {} {V}
[03Dec2024 13:19:18.116] [main/DEBUG] [cpw.mods.modlauncher.TransformStore/MODLAUNCHER]: Adding transformer net.neoforged.neoforge.coremods.MethodRedirector@25c53f74 to Target : cpw.mods.modlauncher.api.TargetType@62e6b5c8 {Lnet/minecraft/world/level/levelgen/structure/structures/OceanMonumentPieces$OceanMonumentPiece;} {} {V}
[03Dec2024 13:19:18.116] [main/DEBUG] [cpw.mods.modlauncher.TransformStore/MODLAUNCHER]: Adding transformer net.neoforged.neoforge.coremods.MethodRedirector@25c53f74 to Target : cpw.mods.modlauncher.api.TargetType@62e6b5c8 {Lnet/minecraft/world/entity/animal/frog/Tadpole;} {} {V}
[03Dec2024 13:19:18.116] [main/DEBUG] [cpw.mods.modlauncher.TransformStore/MODLAUNCHER]: Adding transformer net.neoforged.neoforge.coremods.MethodRedirector@25c53f74 to Target : cpw.mods.modlauncher.api.TargetType@62e6b5c8 {Lnet/minecraft/world/level/levelgen/PhantomSpawner;} {} {V}
[03Dec2024 13:19:18.116] [main/DEBUG] [cpw.mods.modlauncher.TransformationServiceDecorator/MODLAUNCHER]: Initialized transformers for transformation service fml
[03Dec2024 13:19:18.514] [main/DEBUG] [mixin/]: Processing prepare() for PlatformAgent[MixinPlatformAgentDefault:ModLauncher Root Container(ModLauncher:4f56a0a2)]
[03Dec2024 13:19:18.515] [main/DEBUG] [mixin/]: Processing prepare() for PlatformAgent[MixinPlatformAgentDefault:net.neoforged.fml.loading.mixin.FMLMixinContainerHandle@1c504e66]
[03Dec2024 13:19:18.515] [main/DEBUG] [mixin/]: Processing prepare() for PlatformAgent[FMLMixinPlatformAgent:null]
[03Dec2024 13:19:18.553] [main/DEBUG] [mixin/]: Compatibility level JAVA_17 specified by fabric-rendering-data-attachment-v1.mixins.json is higher than the maximum level supported by this version of mixin (JAVA_13).
[03Dec2024 13:19:18.557] [main/INFO] [mixin/]: Compatibility level set to JAVA_17
[03Dec2024 13:19:18.558] [main/DEBUG] [mixin/]: Mixin config fabric-rendering-data-attachment-v1.mixins.json does not specify "minVersion" or "requiredFeatures" property
[03Dec2024 13:19:18.560] [main/DEBUG] [mixin/]: Mixin config fabric-rendering-data-attachment-v1.client.mixins.json does not specify "minVersion" or "requiredFeatures" property
[03Dec2024 13:19:18.561] [main/DEBUG] [mixin/]: Mixin config sodium.mixins.json does not specify "minVersion" or "requiredFeatures" property
[03Dec2024 13:19:18.562] [main/DEBUG] [mixin/]: Mixin config sodium-forge.mixins.json does not specify "minVersion" or "requiredFeatures" property
[03Dec2024 13:19:18.563] [main/DEBUG] [mixin/]: Compatibility level JAVA_8 specified by mixins.iris.json is lower than the default level supported by the current mixin service (JAVA_16).
[03Dec2024 13:19:18.565] [main/DEBUG] [mixin/]: Compatibility level JAVA_8 specified by mixins.iris.fantastic.json is lower than the default level supported by the current mixin service (JAVA_16).
[03Dec2024 13:19:18.566] [main/DEBUG] [mixin/]: Compatibility level JAVA_8 specified by mixins.iris.vertexformat.json is lower than the default level supported by the current mixin service (JAVA_16).
[03Dec2024 13:19:18.567] [main/DEBUG] [mixin/]: Compatibility level JAVA_8 specified by iris-batched-entity-rendering.mixins.json is lower than the default level supported by the current mixin service (JAVA_16).
[03Dec2024 13:19:18.568] [main/DEBUG] [mixin/]: Compatibility level JAVA_8 specified by mixins.iris.compat.sodium.json is lower than the default level supported by the current mixin service (JAVA_16).
[03Dec2024 13:19:18.569] [main/DEBUG] [mixin/]: Compatibility level JAVA_8 specified by mixins.iris.compat.dh.json is lower than the default level supported by the current mixin service (JAVA_16).
[03Dec2024 13:19:18.570] [main/DEBUG] [mixin/]: Compatibility level JAVA_8 specified by mixins.iris.forge.json is lower than the default level supported by the current mixin service (JAVA_16).
[03Dec2024 13:19:18.571] [main/DEBUG] [mixin/]: Mixin config fabric-renderer-api-v1.debughud.mixins.json does not specify "minVersion" or "requiredFeatures" property
[03Dec2024 13:19:18.571] [main/DEBUG] [mixin/]: Mixin config fabric-renderer-api-v1.mixins.json does not specify "minVersion" or "requiredFeatures" property
[03Dec2024 13:19:18.572] [main/DEBUG] [mixin/]: Mixin config fabric-block-view-api-v2.mixins.json does not specify "minVersion" or "requiredFeatures" property
[03Dec2024 13:19:18.572] [main/DEBUG] [mixin/]: Mixin config fabric-block-view-api-v2.client.mixins.json does not specify "minVersion" or "requiredFeatures" property
[03Dec2024 13:19:18.574] [main/DEBUG] [mixin/]: Processing launch tasks for PlatformAgent[MixinPlatformAgentDefault:ModLauncher Root Container(ModLauncher:4f56a0a2)]
[03Dec2024 13:19:18.574] [main/DEBUG] [mixin/]: Adding mixin platform agents for container SecureJarResource(mixin_synthetic)
[03Dec2024 13:19:18.574] [main/DEBUG] [mixin/]: Instancing new MixinPlatformAgentMinecraftForge for SecureJarResource(mixin_synthetic)
[03Dec2024 13:19:18.574] [main/DEBUG] [mixin/]: MixinPlatformAgentMinecraftForge rejected container SecureJarResource(mixin_synthetic)
[03Dec2024 13:19:18.574] [main/DEBUG] [mixin/]: Instancing new MixinPlatformAgentDefault for SecureJarResource(mixin_synthetic)
[03Dec2024 13:19:18.574] [main/DEBUG] [mixin/]: MixinPlatformAgentDefault accepted container SecureJarResource(mixin_synthetic)
[03Dec2024 13:19:18.575] [main/DEBUG] [mixin/]: Instancing new FMLMixinPlatformAgent for SecureJarResource(mixin_synthetic)
[03Dec2024 13:19:18.575] [main/DEBUG] [mixin/]: FMLMixinPlatformAgent rejected container SecureJarResource(mixin_synthetic)
[03Dec2024 13:19:18.575] [main/DEBUG] [mixin/]: Processing prepare() for PlatformAgent[MixinPlatformAgentDefault:SecureJarResource(mixin_synthetic)]
[03Dec2024 13:19:18.575] [main/DEBUG] [mixin/]: Adding mixin platform agents for container SecureJarResource(fabric_rendering_data_attachment_v1)
[03Dec2024 13:19:18.575] [main/DEBUG] [mixin/]: Instancing new MixinPlatformAgentMinecraftForge for SecureJarResource(fabric_rendering_data_attachment_v1)
[03Dec2024 13:19:18.575] [main/DEBUG] [mixin/]: MixinPlatformAgentMinecraftForge rejected container SecureJarResource(fabric_rendering_data_attachment_v1)
[03Dec2024 13:19:18.575] [main/DEBUG] [mixin/]: Instancing new MixinPlatformAgentDefault for SecureJarResource(fabric_rendering_data_attachment_v1)
[03Dec2024 13:19:18.575] [main/DEBUG] [mixin/]: MixinPlatformAgentDefault accepted container SecureJarResource(fabric_rendering_data_attachment_v1)
[03Dec2024 13:19:18.575] [main/DEBUG] [mixin/]: Instancing new FMLMixinPlatformAgent for SecureJarResource(fabric_rendering_data_attachment_v1)
[03Dec2024 13:19:18.575] [main/DEBUG] [mixin/]: FMLMixinPlatformAgent rejected container SecureJarResource(fabric_rendering_data_attachment_v1)
[03Dec2024 13:19:18.575] [main/DEBUG] [mixin/]: Processing prepare() for PlatformAgent[MixinPlatformAgentDefault:SecureJarResource(fabric_rendering_data_attachment_v1)]
[03Dec2024 13:19:18.575] [main/DEBUG] [mixin/]: Adding mixin platform agents for container SecureJarResource(minecraft)
[03Dec2024 13:19:18.575] [main/DEBUG] [mixin/]: Instancing new MixinPlatformAgentMinecraftForge for SecureJarResource(minecraft)
[03Dec2024 13:19:18.575] [main/DEBUG] [mixin/]: MixinPlatformAgentMinecraftForge rejected container SecureJarResource(minecraft)
[03Dec2024 13:19:18.575] [main/DEBUG] [mixin/]: Instancing new MixinPlatformAgentDefault for SecureJarResource(minecraft)
[03Dec2024 13:19:18.575] [main/DEBUG] [mixin/]: MixinPlatformAgentDefault accepted container SecureJarResource(minecraft)
[03Dec2024 13:19:18.575] [main/DEBUG] [mixin/]: Instancing new FMLMixinPlatformAgent for SecureJarResource(minecraft)
[03Dec2024 13:19:18.575] [main/DEBUG] [mixin/]: FMLMixinPlatformAgent rejected container SecureJarResource(minecraft)
[03Dec2024 13:19:18.575] [main/DEBUG] [mixin/]: Processing prepare() for PlatformAgent[MixinPlatformAgentDefault:SecureJarResource(minecraft)]
[03Dec2024 13:19:18.575] [main/DEBUG] [mixin/]: Adding mixin platform agents for container SecureJarResource(mob_farms)
[03Dec2024 13:19:18.575] [main/DEBUG] [mixin/]: Instancing new MixinPlatformAgentMinecraftForge for SecureJarResource(mob_farms)
[03Dec2024 13:19:18.575] [main/DEBUG] [mixin/]: MixinPlatformAgentMinecraftForge rejected container SecureJarResource(mob_farms)
[03Dec2024 13:19:18.575] [main/DEBUG] [mixin/]: Instancing new MixinPlatformAgentDefault for SecureJarResource(mob_farms)
[03Dec2024 13:19:18.575] [main/DEBUG] [mixin/]: MixinPlatformAgentDefault accepted container SecureJarResource(mob_farms)
[03Dec2024 13:19:18.575] [main/DEBUG] [mixin/]: Instancing new FMLMixinPlatformAgent for SecureJarResource(mob_farms)
[03Dec2024 13:19:18.575] [main/DEBUG] [mixin/]: FMLMixinPlatformAgent rejected container SecureJarResource(mob_farms)
[03Dec2024 13:19:18.575] [main/DEBUG] [mixin/]: Processing prepare() for PlatformAgent[MixinPlatformAgentDefault:SecureJarResource(mob_farms)]
[03Dec2024 13:19:18.575] [main/DEBUG] [mixin/]: Adding mixin platform agents for container SecureJarResource(sodium)
[03Dec2024 13:19:18.575] [main/DEBUG] [mixin/]: Instancing new MixinPlatformAgentMinecraftForge for SecureJarResource(sodium)
[03Dec2024 13:19:18.575] [main/DEBUG] [mixin/]: MixinPlatformAgentMinecraftForge rejected container SecureJarResource(sodium)
[03Dec2024 13:19:18.575] [main/DEBUG] [mixin/]: Instancing new MixinPlatformAgentDefault for SecureJarResource(sodium)
[03Dec2024 13:19:18.575] [main/DEBUG] [mixin/]: MixinPlatformAgentDefault accepted container SecureJarResource(sodium)
[03Dec2024 13:19:18.575] [main/DEBUG] [mixin/]: Instancing new FMLMixinPlatformAgent for SecureJarResource(sodium)
[03Dec2024 13:19:18.575] [main/DEBUG] [mixin/]: FMLMixinPlatformAgent rejected container SecureJarResource(sodium)
[03Dec2024 13:19:18.575] [main/DEBUG] [mixin/]: Processing prepare() for PlatformAgent[MixinPlatformAgentDefault:SecureJarResource(sodium)]
[03Dec2024 13:19:18.575] [main/DEBUG] [mixin/]: Adding mixin platform agents for container SecureJarResource(iris)
[03Dec2024 13:19:18.575] [main/DEBUG] [mixin/]: Instancing new MixinPlatformAgentMinecraftForge for SecureJarResource(iris)
[03Dec2024 13:19:18.575] [main/DEBUG] [mixin/]: MixinPlatformAgentMinecraftForge rejected container SecureJarResource(iris)
[03Dec2024 13:19:18.576] [main/DEBUG] [mixin/]: Instancing new MixinPlatformAgentDefault for SecureJarResource(iris)
[03Dec2024 13:19:18.576] [main/DEBUG] [mixin/]: MixinPlatformAgentDefault accepted container SecureJarResource(iris)
[03Dec2024 13:19:18.576] [main/DEBUG] [mixin/]: Instancing new FMLMixinPlatformAgent for SecureJarResource(iris)
[03Dec2024 13:19:18.576] [main/DEBUG] [mixin/]: FMLMixinPlatformAgent rejected container SecureJarResource(iris)
[03Dec2024 13:19:18.576] [main/DEBUG] [mixin/]: Processing prepare() for PlatformAgent[MixinPlatformAgentDefault:SecureJarResource(iris)]
[03Dec2024 13:19:18.576] [main/DEBUG] [mixin/]: Adding mixin platform agents for container SecureJarResource(fabric_renderer_api_v1)
[03Dec2024 13:19:18.576] [main/DEBUG] [mixin/]: Instancing new MixinPlatformAgentMinecraftForge for SecureJarResource(fabric_renderer_api_v1)
[03Dec2024 13:19:18.576] [main/DEBUG] [mixin/]: MixinPlatformAgentMinecraftForge rejected container SecureJarResource(fabric_renderer_api_v1)
[03Dec2024 13:19:18.576] [main/DEBUG] [mixin/]: Instancing new MixinPlatformAgentDefault for SecureJarResource(fabric_renderer_api_v1)
[03Dec2024 13:19:18.576] [main/DEBUG] [mixin/]: MixinPlatformAgentDefault accepted container SecureJarResource(fabric_renderer_api_v1)
[03Dec2024 13:19:18.576] [main/DEBUG] [mixin/]: Instancing new FMLMixinPlatformAgent for SecureJarResource(fabric_renderer_api_v1)
[03Dec2024 13:19:18.576] [main/DEBUG] [mixin/]: FMLMixinPlatformAgent rejected container SecureJarResource(fabric_renderer_api_v1)
[03Dec2024 13:19:18.576] [main/DEBUG] [mixin/]: Processing prepare() for PlatformAgent[MixinPlatformAgentDefault:SecureJarResource(fabric_renderer_api_v1)]
[03Dec2024 13:19:18.576] [main/DEBUG] [mixin/]: Adding mixin platform agents for container SecureJarResource(fabric_api_base)
[03Dec2024 13:19:18.576] [main/DEBUG] [mixin/]: Instancing new MixinPlatformAgentMinecraftForge for SecureJarResource(fabric_api_base)
[03Dec2024 13:19:18.576] [main/DEBUG] [mixin/]: MixinPlatformAgentMinecraftForge rejected container SecureJarResource(fabric_api_base)
[03Dec2024 13:19:18.576] [main/DEBUG] [mixin/]: Instancing new MixinPlatformAgentDefault for SecureJarResource(fabric_api_base)
[03Dec2024 13:19:18.576] [main/DEBUG] [mixin/]: MixinPlatformAgentDefault accepted container SecureJarResource(fabric_api_base)
[03Dec2024 13:19:18.576] [main/DEBUG] [mixin/]: Instancing new FMLMixinPlatformAgent for SecureJarResource(fabric_api_base)
[03Dec2024 13:19:18.576] [main/DEBUG] [mixin/]: FMLMixinPlatformAgent rejected container SecureJarResource(fabric_api_base)
[03Dec2024 13:19:18.576] [main/DEBUG] [mixin/]: Processing prepare() for PlatformAgent[MixinPlatformAgentDefault:SecureJarResource(fabric_api_base)]
[03Dec2024 13:19:18.576] [main/DEBUG] [mixin/]: Adding mixin platform agents for container SecureJarResource(corelib)
[03Dec2024 13:19:18.576] [main/DEBUG] [mixin/]: Instancing new MixinPlatformAgentMinecraftForge for SecureJarResource(corelib)
[03Dec2024 13:19:18.576] [main/DEBUG] [mixin/]: MixinPlatformAgentMinecraftForge rejected container SecureJarResource(corelib)
[03Dec2024 13:19:18.576] [main/DEBUG] [mixin/]: Instancing new MixinPlatformAgentDefault for SecureJarResource(corelib)
[03Dec2024 13:19:18.576] [main/DEBUG] [mixin/]: MixinPlatformAgentDefault accepted container SecureJarResource(corelib)
[03Dec2024 13:19:18.576] [main/DEBUG] [mixin/]: Instancing new FMLMixinPlatformAgent for SecureJarResource(corelib)
[03Dec2024 13:19:18.576] [main/DEBUG] [mixin/]: FMLMixinPlatformAgent rejected container SecureJarResource(corelib)
[03Dec2024 13:19:18.577] [main/DEBUG] [mixin/]: Processing prepare() for PlatformAgent[MixinPlatformAgentDefault:SecureJarResource(corelib)]
[03Dec2024 13:19:18.577] [main/DEBUG] [mixin/]: Adding mixin platform agents for container SecureJarResource(fabric_block_view_api_v2)
[03Dec2024 13:19:18.577] [main/DEBUG] [mixin/]: Instancing new MixinPlatformAgentMinecraftForge for SecureJarResource(fabric_block_view_api_v2)
[03Dec2024 13:19:18.577] [main/DEBUG] [mixin/]: MixinPlatformAgentMinecraftForge rejected container SecureJarResource(fabric_block_view_api_v2)
[03Dec2024 13:19:18.577] [main/DEBUG] [mixin/]: Instancing new MixinPlatformAgentDefault for SecureJarResource(fabric_block_view_api_v2)
[03Dec2024 13:19:18.577] [main/DEBUG] [mixin/]: MixinPlatformAgentDefault accepted container SecureJarResource(fabric_block_view_api_v2)
[03Dec2024 13:19:18.577] [main/DEBUG] [mixin/]: Instancing new FMLMixinPlatformAgent for SecureJarResource(fabric_block_view_api_v2)
[03Dec2024 13:19:18.577] [main/DEBUG] [mixin/]: FMLMixinPlatformAgent rejected container SecureJarResource(fabric_block_view_api_v2)
[03Dec2024 13:19:18.577] [main/DEBUG] [mixin/]: Processing prepare() for PlatformAgent[MixinPlatformAgentDefault:SecureJarResource(fabric_block_view_api_v2)]
[03Dec2024 13:19:18.577] [main/DEBUG] [mixin/]: Adding mixin platform agents for container SecureJarResource(mixinextras.neoforge)
[03Dec2024 13:19:18.577] [main/DEBUG] [mixin/]: Instancing new MixinPlatformAgentMinecraftForge for SecureJarResource(mixinextras.neoforge)
[03Dec2024 13:19:18.577] [main/DEBUG] [mixin/]: MixinPlatformAgentMinecraftForge rejected container SecureJarResource(mixinextras.neoforge)
[03Dec2024 13:19:18.577] [main/DEBUG] [mixin/]: Instancing new MixinPlatformAgentDefault for SecureJarResource(mixinextras.neoforge)
[03Dec2024 13:19:18.577] [main/DEBUG] [mixin/]: MixinPlatformAgentDefault accepted container SecureJarResource(mixinextras.neoforge)
[03Dec2024 13:19:18.577] [main/DEBUG] [mixin/]: Instancing new FMLMixinPlatformAgent for SecureJarResource(mixinextras.neoforge)
[03Dec2024 13:19:18.577] [main/DEBUG] [mixin/]: FMLMixinPlatformAgent rejected container SecureJarResource(mixinextras.neoforge)
[03Dec2024 13:19:18.577] [main/DEBUG] [mixin/]: Processing prepare() for PlatformAgent[MixinPlatformAgentDefault:SecureJarResource(mixinextras.neoforge)]
[03Dec2024 13:19:18.577] [main/DEBUG] [mixin/]: Registering mixin config: mixinextras.init.mixins.json source=SecureJarResource(mixinextras.neoforge)
[03Dec2024 13:19:18.578] [main/DEBUG] [mixin/]: inject() running with 13 agents
[03Dec2024 13:19:18.578] [main/DEBUG] [mixin/]: Processing inject() for PlatformAgent[MixinPlatformAgentDefault:ModLauncher Root Container(ModLauncher:4f56a0a2)]
[03Dec2024 13:19:18.578] [main/DEBUG] [mixin/]: Processing inject() for PlatformAgent[MixinPlatformAgentDefault:net.neoforged.fml.loading.mixin.FMLMixinContainerHandle@1c504e66]
[03Dec2024 13:19:18.578] [main/DEBUG] [mixin/]: Processing inject() for PlatformAgent[FMLMixinPlatformAgent:null]
[03Dec2024 13:19:18.578] [main/DEBUG] [mixin/]: Processing inject() for PlatformAgent[MixinPlatformAgentDefault:SecureJarResource(mixin_synthetic)]
[03Dec2024 13:19:18.578] [main/DEBUG] [mixin/]: Processing inject() for PlatformAgent[MixinPlatformAgentDefault:SecureJarResource(fabric_rendering_data_attachment_v1)]
[03Dec2024 13:19:18.578] [main/DEBUG] [mixin/]: Processing inject() for PlatformAgent[MixinPlatformAgentDefault:SecureJarResource(minecraft)]
[03Dec2024 13:19:18.578] [main/DEBUG] [mixin/]: Processing inject() for PlatformAgent[MixinPlatformAgentDefault:SecureJarResource(mob_farms)]
[03Dec2024 13:19:18.578] [main/DEBUG] [mixin/]: Processing inject() for PlatformAgent[MixinPlatformAgentDefault:SecureJarResource(sodium)]
[03Dec2024 13:19:18.578] [main/DEBUG] [mixin/]: Processing inject() for PlatformAgent[MixinPlatformAgentDefault:SecureJarResource(iris)]
[03Dec2024 13:19:18.578] [main/DEBUG] [mixin/]: Processing inject() for PlatformAgent[MixinPlatformAgentDefault:SecureJarResource(fabric_renderer_api_v1)]
[03Dec2024 13:19:18.578] [main/DEBUG] [mixin/]: Processing inject() for PlatformAgent[MixinPlatformAgentDefault:SecureJarResource(fabric_api_base)]
[03Dec2024 13:19:18.580] [main/DEBUG] [mixin/]: Processing inject() for PlatformAgent[MixinPlatformAgentDefault:SecureJarResource(corelib)]
[03Dec2024 13:19:18.580] [main/DEBUG] [mixin/]: Processing inject() for PlatformAgent[MixinPlatformAgentDefault:SecureJarResource(fabric_block_view_api_v2)]
[03Dec2024 13:19:18.580] [main/DEBUG] [mixin/]: Processing inject() for PlatformAgent[MixinPlatformAgentDefault:SecureJarResource(mixinextras.neoforge)]
[03Dec2024 13:19:18.580] [main/INFO] [cpw.mods.modlauncher.LaunchServiceHandler/MODLAUNCHER]: Launching target 'forgeclientuserdev' with arguments [--version, 21.3.11-beta, --gameDir, ., --assetsDir, C:\Users\Admin\.gradle\caches\neoformruntime\assets, --assetIndex, 18]
[03Dec2024 13:19:18.624] [main/DEBUG] [mixin/]: Preparing mixins for MixinEnvironment[DEFAULT]
[03Dec2024 13:19:18.624] [main/DEBUG] [mixin/]: Selecting config fabric-rendering-data-attachment-v1.mixins.json
[03Dec2024 13:19:18.629] [main/DEBUG] [mixin/]: Selecting config fabric-rendering-data-attachment-v1.client.mixins.json
[03Dec2024 13:19:18.630] [main/DEBUG] [mixin/]: Selecting config sodium.mixins.json
[03Dec2024 13:19:18.641] [main/DEBUG] [Sodium/]: Loaded net.caffeinemc.mods.sodium.neoforge.ForgeMixinOverrides@4893b344 for service interface net.caffeinemc.mods.sodium.client.services.PlatformMixinOverrides
[03Dec2024 13:19:18.651] [main/DEBUG] [Sodium/]: Loaded net.caffeinemc.mods.sodium.neoforge.NeoForgeRuntimeInformation@2954b5ea for service interface net.caffeinemc.mods.sodium.client.services.PlatformRuntimeInformation
[03Dec2024 13:19:18.651] [main/INFO] [Sodium/]: Loaded configuration file for Sodium: 43 options available, 1 override(s) found
[03Dec2024 13:19:18.652] [main/DEBUG] [mixin/]: Selecting config sodium-forge.mixins.json
[03Dec2024 13:19:18.652] [main/WARN] [mixin/]: Reference map 'sodium.refmap.json' for sodium-forge.mixins.json could not be read. If this is a development environment you can ignore this message
[03Dec2024 13:19:18.652] [main/DEBUG] [mixin/]: Selecting config mixins.iris.json
[03Dec2024 13:19:18.653] [main/WARN] [mixin/]: Reference map 'iris.refmap.json' for mixins.iris.json could not be read. If this is a development environment you can ignore this message
[03Dec2024 13:19:18.654] [main/DEBUG] [mixin/]: Selecting config mixins.iris.fantastic.json
[03Dec2024 13:19:18.654] [main/WARN] [mixin/]: Reference map 'iris.refmap.json' for mixins.iris.fantastic.json could not be read. If this is a development environment you can ignore this message
[03Dec2024 13:19:18.654] [main/DEBUG] [mixin/]: Selecting config mixins.iris.vertexformat.json
[03Dec2024 13:19:18.654] [main/WARN] [mixin/]: Reference map 'iris.refmap.json' for mixins.iris.vertexformat.json could not be read. If this is a development environment you can ignore this message
[03Dec2024 13:19:18.654] [main/DEBUG] [mixin/]: Selecting config iris-batched-entity-rendering.mixins.json
[03Dec2024 13:19:18.654] [main/WARN] [mixin/]: Reference map 'iris.refmap.json' for iris-batched-entity-rendering.mixins.json could not be read. If this is a development environment you can ignore this message
[03Dec2024 13:19:18.655] [main/DEBUG] [mixin/]: Selecting config mixins.iris.compat.sodium.json
[03Dec2024 13:19:18.655] [main/WARN] [mixin/]: Reference map 'iris.refmap.json' for mixins.iris.compat.sodium.json could not be read. If this is a development environment you can ignore this message
[03Dec2024 13:19:18.655] [main/DEBUG] [mixin/]: Selecting config mixins.iris.compat.dh.json
[03Dec2024 13:19:18.656] [main/DEBUG] [mixin/]: Selecting config mixins.iris.forge.json
[03Dec2024 13:19:18.656] [main/DEBUG] [mixin/]: Selecting config fabric-renderer-api-v1.debughud.mixins.json
[03Dec2024 13:19:18.656] [main/DEBUG] [mixin/]: Selecting config fabric-renderer-api-v1.mixins.json
[03Dec2024 13:19:18.656] [main/DEBUG] [mixin/]: Selecting config neoforge.mixins.json
[03Dec2024 13:19:18.658] [main/DEBUG] [mixin/]: Selecting config fabric-block-view-api-v2.mixins.json
[03Dec2024 13:19:18.658] [main/DEBUG] [mixin/]: Selecting config fabric-block-view-api-v2.client.mixins.json
[03Dec2024 13:19:18.658] [main/DEBUG] [mixin/]: Selecting config mixinextras.init.mixins.json
[03Dec2024 13:19:18.688] [main/DEBUG] [MixinExtras|Service/]: com.llamalad7.mixinextras.service.MixinExtrasServiceImpl(version=0.4.1) is taking over from null
[03Dec2024 13:19:18.721] [main/DEBUG] [mixin/]: Registering new injector for @Inject with org.spongepowered.asm.mixin.injection.struct.CallbackInjectionInfo
[03Dec2024 13:19:18.723] [main/DEBUG] [mixin/]: Registering new injector for @ModifyArg with org.spongepowered.asm.mixin.injection.struct.ModifyArgInjectionInfo
[03Dec2024 13:19:18.725] [main/DEBUG] [mixin/]: Registering new injector for @ModifyArgs with org.spongepowered.asm.mixin.injection.struct.ModifyArgsInjectionInfo
[03Dec2024 13:19:18.727] [main/DEBUG] [mixin/]: Registering new injector for @Redirect with org.spongepowered.asm.mixin.injection.struct.RedirectInjectionInfo
[03Dec2024 13:19:18.728] [main/DEBUG] [mixin/]: Registering new injector for @ModifyVariable with org.spongepowered.asm.mixin.injection.struct.ModifyVariableInjectionInfo
[03Dec2024 13:19:18.729] [main/DEBUG] [mixin/]: Registering new injector for @ModifyConstant with org.spongepowered.asm.mixin.injection.struct.ModifyConstantInjectionInfo
[03Dec2024 13:19:18.742] [main/DEBUG] [mixin/]: Preparing fabric-rendering-data-attachment-v1.mixins.json (2)
[03Dec2024 13:19:18.771] [main/DEBUG] [mixin/]: Preparing fabric-rendering-data-attachment-v1.client.mixins.json (1)
[03Dec2024 13:19:18.783] [main/DEBUG] [mixin/]: Preparing sodium.mixins.json (80)
[03Dec2024 13:19:18.803] [main/WARN] [Sodium/]: Force-disabling mixin 'features.render.world.sky.FogRendererMixin' as rule 'mixin.features.render.world.sky' (added by mods [iris]) disables it and children
[03Dec2024 13:19:18.803] [main/WARN] [Sodium/]: Force-disabling mixin 'features.render.world.sky.ClientLevelMixin' as rule 'mixin.features.render.world.sky' (added by mods [iris]) disables it and children
[03Dec2024 13:19:18.804] [main/WARN] [Sodium/]: Force-disabling mixin 'features.render.world.sky.LevelRendererMixin' as rule 'mixin.features.render.world.sky' (added by mods [iris]) disables it and children
[03Dec2024 13:19:18.958] [main/DEBUG] [mixin/]: Preparing sodium-forge.mixins.json (15)
[03Dec2024 13:19:18.978] [main/DEBUG] [mixin/]: Preparing mixins.iris.json (94)
[03Dec2024 13:19:19.064] [main/DEBUG] [mixin/]: Preparing mixins.iris.fantastic.json (3)
[03Dec2024 13:19:19.067] [main/DEBUG] [mixin/]: Preparing mixins.iris.vertexformat.json (8)
[03Dec2024 13:19:19.071] [main/DEBUG] [mixin/]: Preparing iris-batched-entity-rendering.mixins.json (18)
[03Dec2024 13:19:19.081] [main/DEBUG] [mixin/]: Preparing mixins.iris.compat.sodium.json (15)
[03Dec2024 13:19:19.096] [main/DEBUG] [mixin/]: Preparing mixins.iris.compat.dh.json (4)
[03Dec2024 13:19:19.099] [main/DEBUG] [mixin/]: Preparing mixins.iris.forge.json (5)
[03Dec2024 13:19:19.100] [main/WARN] [mixin/]: Error loading class: mekanism/client/render/entity/RenderFlame (java.lang.ClassNotFoundException: mekanism.client.render.entity.RenderFlame)
[03Dec2024 13:19:19.101] [main/DEBUG] [mixin/]: Skipping virtual target mekanism/client/render/entity/RenderFlame for mixins.iris.forge.json:MixinRenderFlame from mod iris
[03Dec2024 13:19:19.102] [main/WARN] [mixin/]: Error loading class: mekanism/client/render/armor/MekaSuitArmor (java.lang.ClassNotFoundException: mekanism.client.render.armor.MekaSuitArmor)
[03Dec2024 13:19:19.102] [main/DEBUG] [mixin/]: Skipping virtual target mekanism/client/render/armor/MekaSuitArmor for mixins.iris.forge.json:MixinRenderMekasuit from mod iris
[03Dec2024 13:19:19.104] [main/WARN] [mixin/]: Error loading class: blusunrize/immersiveengineering/client/utils/IEGLShaders (java.lang.ClassNotFoundException: blusunrize.immersiveengineering.client.utils.IEGLShaders)
[03Dec2024 13:19:19.104] [main/DEBUG] [mixin/]: Skipping virtual target blusunrize/immersiveengineering/client/utils/IEGLShaders for mixins.iris.forge.json:MixinVBOIE from mod iris
[03Dec2024 13:19:19.104] [main/DEBUG] [mixin/]: Preparing fabric-renderer-api-v1.debughud.mixins.json (1)
[03Dec2024 13:19:19.104] [main/DEBUG] [mixin/]: Preparing fabric-renderer-api-v1.mixins.json (4)
[03Dec2024 13:19:19.105] [main/DEBUG] [mixin/]: Preparing neoforge.mixins.json (2)
[03Dec2024 13:19:19.106] [main/DEBUG] [mixin/]: Preparing fabric-block-view-api-v2.mixins.json (2)
[03Dec2024 13:19:19.107] [main/DEBUG] [mixin/]: Preparing fabric-block-view-api-v2.client.mixins.json (2)
[03Dec2024 13:19:19.109] [main/DEBUG] [mixin/]: Preparing mixinextras.init.mixins.json (0)
[03Dec2024 13:19:19.145] [main/DEBUG] [mixin/]: Inner class net/irisshaders/iris/mixin/MixinChunkBorderRenderer$1 in net/irisshaders/iris/mixin/MixinChunkBorderRenderer on net/minecraft/client/renderer/debug/ChunkBorderRenderer gets unique name net/minecraft/client/renderer/debug/ChunkBorderRenderer$Anonymous$94dab5ab75924326b74a76fed5f51099
[03Dec2024 13:19:19.177] [main/DEBUG] [mixin/]: Prepared 246 mixins in 0.551 sec (2.2ms avg) (0ms load, 0ms transform, 0ms plugin)
[03Dec2024 13:19:19.181] [main/INFO] [MixinExtras|Service/]: Initializing MixinExtras via com.llamalad7.mixinextras.service.MixinExtrasServiceImpl(version=0.4.1).
[03Dec2024 13:19:19.182] [main/DEBUG] [mixin/]: Registering new injector for @SugarWrapper with com.llamalad7.mixinextras.sugar.impl.SugarWrapperInjectionInfo
[03Dec2024 13:19:19.182] [main/DEBUG] [mixin/]: Registering new injector for @FactoryRedirectWrapper with com.llamalad7.mixinextras.wrapper.factory.FactoryRedirectWrapperInjectionInfo
[03Dec2024 13:19:19.187] [main/DEBUG] [mixin/]: Mixing texture.MixinAbstractTexture from mixins.iris.json into net.minecraft.client.renderer.texture.AbstractTexture
[03Dec2024 13:19:19.188] [main/DEBUG] [mixin/]: mixins.iris.json:texture.MixinAbstractTexture from mod iris: Class version 65 required is higher than the class version supported by the current version of Mixin (JAVA_8 supports class version 52)
[03Dec2024 13:19:19.238] [main/DEBUG] [mixin/]: Mixing texture.SimpleTextureAccessor from mixins.iris.json into net.minecraft.client.renderer.texture.SimpleTexture
[03Dec2024 13:19:19.238] [main/DEBUG] [mixin/]: mixins.iris.json:texture.SimpleTextureAccessor from mod iris: Class version 65 required is higher than the class version supported by the current version of Mixin (JAVA_8 supports class version 52)
[03Dec2024 13:19:19.243] [main/DEBUG] [mixin/]: Mixing features.render.immediate.matrix_stack.VertexConsumerMixin from sodium.mixins.json into com.mojang.blaze3d.vertex.VertexConsumer
[03Dec2024 13:19:19.245] [main/DEBUG] [mixin/]: sodium.mixins.json:features.render.immediate.matrix_stack.VertexConsumerMixin from mod sodium: Class version 65 required is higher than the class version supported by the current version of Mixin (JAVA_17 supports class version 61)
[03Dec2024 13:19:19.291] [main/DEBUG] [mixin/]: Mixing features.textures.animations.tracking.GuiGraphicsMixin from sodium.mixins.json into net.minecraft.client.gui.GuiGraphics
[03Dec2024 13:19:19.291] [main/DEBUG] [mixin/]: sodium.mixins.json:features.textures.animations.tracking.GuiGraphicsMixin from mod sodium: Class version 65 required is higher than the class version supported by the current version of Mixin (JAVA_17 supports class version 61)
[03Dec2024 13:19:19.305] [main/DEBUG] [mixin/]: Mixing core.MinecraftMixin from sodium.mixins.json into net.minecraft.client.Minecraft
[03Dec2024 13:19:19.307] [main/DEBUG] [mixin/]: sodium.mixins.json:core.MinecraftMixin from mod sodium: Class version 65 required is higher than the class version supported by the current version of Mixin (JAVA_17 supports class version 61)
[03Dec2024 13:19:19.323] [main/DEBUG] [mixin/]: Mixing EntrypointMixin from sodium-forge.mixins.json into net.minecraft.client.Minecraft
[03Dec2024 13:19:19.323] [main/DEBUG] [mixin/]: sodium-forge.mixins.json:EntrypointMixin from mod sodium: Class version 65 required is higher than the class version supported by the current version of Mixin (JAVA_17 supports class version 61)
[03Dec2024 13:19:19.323] [main/DEBUG] [mixin/]: Renaming synthetic method lambda$sodium$loadConfig$0(Lnet/neoforged/fml/ModContainer;)Ljava/lang/String; to mdec2fbb$sodium$lambda$sodium$loadConfig$0$0 in sodium-forge.mixins.json:EntrypointMixin from mod sodium
[03Dec2024 13:19:19.328] [main/DEBUG] [mixin/]: Mixing MixinMinecraft_Images from mixins.iris.json into net.minecraft.client.Minecraft
[03Dec2024 13:19:19.328] [main/DEBUG] [mixin/]: mixins.iris.json:MixinMinecraft_Images from mod iris: Class version 65 required is higher than the class version supported by the current version of Mixin (JAVA_8 supports class version 52)
[03Dec2024 13:19:19.341] [main/DEBUG] [mixin/]: Mixing MixinMinecraft_Keybinds from mixins.iris.json into net.minecraft.client.Minecraft
[03Dec2024 13:19:19.341] [main/DEBUG] [mixin/]: mixins.iris.json:MixinMinecraft_Keybinds from mod iris: Class version 65 required is higher than the class version supported by the current version of Mixin (JAVA_8 supports class version 52)
[03Dec2024 13:19:19.349] [main/DEBUG] [mixin/]: Mixing MixinMinecraft_PipelineManagement from mixins.iris.json into net.minecraft.client.Minecraft
[03Dec2024 13:19:19.349] [main/DEBUG] [mixin/]: mixins.iris.json:MixinMinecraft_PipelineManagement from mod iris: Class version 65 required is higher than the class version supported by the current version of Mixin (JAVA_8 supports class version 52)
[03Dec2024 13:19:19.377] [main/DEBUG] [mixin/]: sodium.mixins.json:core.MinecraftMixin from mod sodium->@Inject::preRender(ZLorg/spongepowered/asm/mixin/injection/callback/CallbackInfo;)V doesn't use it's CallbackInfo
[03Dec2024 13:19:19.379] [main/DEBUG] [mixin/]: sodium.mixins.json:core.MinecraftMixin from mod sodium->@Inject::preRender(ZLorg/spongepowered/asm/mixin/injection/callback/CallbackInfo;)V has 0 override(s) in child classes
[03Dec2024 13:19:19.379] [main/DEBUG] [mixin/]: sodium.mixins.json:core.MinecraftMixin from mod sodium->@Inject::preRender(ZLorg/spongepowered/asm/mixin/injection/callback/CallbackInfo;)V won't be passed a CallbackInfo as a result
[03Dec2024 13:19:19.379] [main/DEBUG] [mixin/]: sodium.mixins.json:core.MinecraftMixin from mod sodium->@Inject::postRender(ZLorg/spongepowered/asm/mixin/injection/callback/CallbackInfo;)V doesn't use it's CallbackInfo
[03Dec2024 13:19:19.379] [main/DEBUG] [mixin/]: sodium.mixins.json:core.MinecraftMixin from mod sodium->@Inject::postRender(ZLorg/spongepowered/asm/mixin/injection/callback/CallbackInfo;)V has 0 override(s) in child classes
[03Dec2024 13:19:19.379] [main/DEBUG] [mixin/]: sodium.mixins.json:core.MinecraftMixin from mod sodium->@Inject::postRender(ZLorg/spongepowered/asm/mixin/injection/callback/CallbackInfo;)V won't be passed a CallbackInfo as a result
[03Dec2024 13:19:19.379] [main/DEBUG] [mixin/]: sodium.mixins.json:core.MinecraftMixin from mod sodium->@Inject::postInit(Lorg/spongepowered/asm/mixin/injection/callback/CallbackInfoReturnable;)V doesn't use it's CallbackInfoReturnable
[03Dec2024 13:19:19.379] [main/DEBUG] [mixin/]: sodium.mixins.json:core.MinecraftMixin from mod sodium->@Inject::postInit(Lorg/spongepowered/asm/mixin/injection/callback/CallbackInfoReturnable;)V has 0 override(s) in child classes
[03Dec2024 13:19:19.379] [main/DEBUG] [mixin/]: sodium.mixins.json:core.MinecraftMixin from mod sodium->@Inject::postInit(Lorg/spongepowered/asm/mixin/injection/callback/CallbackInfoReturnable;)V won't be passed a CallbackInfoReturnable as a result
[03Dec2024 13:19:19.379] [main/DEBUG] [mixin/]: sodium.mixins.json:core.MinecraftMixin from mod sodium->@Inject::postResourceReload(Lorg/spongepowered/asm/mixin/injection/callback/CallbackInfoReturnable;)V doesn't use it's CallbackInfoReturnable
[03Dec2024 13:19:19.379] [main/DEBUG] [mixin/]: sodium.mixins.json:core.MinecraftMixin from mod sodium->@Inject::postResourceReload(Lorg/spongepowered/asm/mixin/injection/callback/CallbackInfoReturnable;)V has 0 override(s) in child classes
[03Dec2024 13:19:19.379] [main/DEBUG] [mixin/]: sodium.mixins.json:core.MinecraftMixin from mod sodium->@Inject::postResourceReload(Lorg/spongepowered/asm/mixin/injection/callback/CallbackInfoReturnable;)V won't be passed a CallbackInfoReturnable as a result
[03Dec2024 13:19:19.380] [main/DEBUG] [mixin/]: sodium-forge.mixins.json:EntrypointMixin from mod sodium->@Inject::sodium$loadConfig(Lnet/minecraft/client/main/GameConfig;Lorg/spongepowered/asm/mixin/injection/callback/CallbackInfo;)V doesn't use it's CallbackInfo
[03Dec2024 13:19:19.380] [main/DEBUG] [mixin/]: sodium-forge.mixins.json:EntrypointMixin from mod sodium->@Inject::sodium$loadConfig(Lnet/minecraft/client/main/GameConfig;Lorg/spongepowered/asm/mixin/injection/callback/CallbackInfo;)V has 0 override(s) in child classes
[03Dec2024 13:19:19.380] [main/DEBUG] [mixin/]: sodium-forge.mixins.json:EntrypointMixin from mod sodium->@Inject::sodium$loadConfig(Lnet/minecraft/client/main/GameConfig;Lorg/spongepowered/asm/mixin/injection/callback/CallbackInfo;)V won't be passed a CallbackInfo as a result
[03Dec2024 13:19:19.380] [main/DEBUG] [mixin/]: mixins.iris.json:MixinMinecraft_Images from mod iris->@Inject::iris$setupImages(Lnet/minecraft/client/main/GameConfig;Lorg/spongepowered/asm/mixin/injection/callback/CallbackInfo;)V doesn't use it's CallbackInfo
[03Dec2024 13:19:19.380] [main/DEBUG] [mixin/]: mixins.iris.json:MixinMinecraft_Images from mod iris->@Inject::iris$setupImages(Lnet/minecraft/client/main/GameConfig;Lorg/spongepowered/asm/mixin/injection/callback/CallbackInfo;)V has 0 override(s) in child classes
[03Dec2024 13:19:19.380] [main/DEBUG] [mixin/]: mixins.iris.json:MixinMinecraft_Images from mod iris->@Inject::iris$setupImages(Lnet/minecraft/client/main/GameConfig;Lorg/spongepowered/asm/mixin/injection/callback/CallbackInfo;)V won't be passed a CallbackInfo as a result
[03Dec2024 13:19:19.380] [main/DEBUG] [mixin/]: mixins.iris.json:MixinMinecraft_Keybinds from mod iris->@Inject::iris$onTick(Lorg/spongepowered/asm/mixin/injection/callback/CallbackInfo;)V doesn't use it's CallbackInfo
[03Dec2024 13:19:19.380] [main/DEBUG] [mixin/]: mixins.iris.json:MixinMinecraft_Keybinds from mod iris->@Inject::iris$onTick(Lorg/spongepowered/asm/mixin/injection/callback/CallbackInfo;)V has 0 override(s) in child classes
[03Dec2024 13:19:19.380] [main/DEBUG] [mixin/]: mixins.iris.json:MixinMinecraft_Keybinds from mod iris->@Inject::iris$onTick(Lorg/spongepowered/asm/mixin/injection/callback/CallbackInfo;)V won't be passed a CallbackInfo as a result
[03Dec2024 13:19:19.380] [main/DEBUG] [mixin/]: mixins.iris.json:MixinMinecraft_PipelineManagement from mod iris->@Inject::iris$trackLastDimensionOnLeave(Lnet/minecraft/client/gui/screens/Screen;Lorg/spongepowered/asm/mixin/injection/callback/CallbackInfo;)V doesn't use it's CallbackInfo
[03Dec2024 13:19:19.380] [main/DEBUG] [mixin/]: mixins.iris.json:MixinMinecraft_PipelineManagement from mod iris->@Inject::iris$trackLastDimensionOnLeave(Lnet/minecraft/client/gui/screens/Screen;Lorg/spongepowered/asm/mixin/injection/callback/CallbackInfo;)V has 0 override(s) in child classes
[03Dec2024 13:19:19.380] [main/DEBUG] [mixin/]: mixins.iris.json:MixinMinecraft_PipelineManagement from mod iris->@Inject::iris$trackLastDimensionOnLeave(Lnet/minecraft/client/gui/screens/Screen;Lorg/spongepowered/asm/mixin/injection/callback/CallbackInfo;)V won't be passed a CallbackInfo as a result
[03Dec2024 13:19:19.380] [main/DEBUG] [mixin/]: mixins.iris.json:MixinMinecraft_PipelineManagement from mod iris->@Inject::iris$trackLastDimensionOnLevelChange(Lnet/minecraft/client/multiplayer/ClientLevel;Lnet/minecraft/client/gui/screens/ReceivingLevelScreen$Reason;Lorg/spongepowered/asm/mixin/injection/callback/CallbackInfo;)V doesn't use it's CallbackInfo
[03Dec2024 13:19:19.380] [main/DEBUG] [mixin/]: mixins.iris.json:MixinMinecraft_PipelineManagement from mod iris->@Inject::iris$trackLastDimensionOnLevelChange(Lnet/minecraft/client/multiplayer/ClientLevel;Lnet/minecraft/client/gui/screens/ReceivingLevelScreen$Reason;Lorg/spongepowered/asm/mixin/injection/callback/CallbackInfo;)V has 0 override(s) in child classes
[03Dec2024 13:19:19.380] [main/DEBUG] [mixin/]: mixins.iris.json:MixinMinecraft_PipelineManagement from mod iris->@Inject::iris$trackLastDimensionOnLevelChange(Lnet/minecraft/client/multiplayer/ClientLevel;Lnet/minecraft/client/gui/screens/ReceivingLevelScreen$Reason;Lorg/spongepowered/asm/mixin/injection/callback/CallbackInfo;)V won't be passed a CallbackInfo as a result
[03Dec2024 13:19:19.381] [main/DEBUG] [mixin/]: mixins.iris.json:MixinMinecraft_PipelineManagement from mod iris->@Inject::iris$resetPipeline(Lnet/minecraft/client/multiplayer/ClientLevel;Lorg/spongepowered/asm/mixin/injection/callback/CallbackInfo;)V doesn't use it's CallbackInfo
[03Dec2024 13:19:19.381] [main/DEBUG] [mixin/]: mixins.iris.json:MixinMinecraft_PipelineManagement from mod iris->@Inject::iris$resetPipeline(Lnet/minecraft/client/multiplayer/ClientLevel;Lorg/spongepowered/asm/mixin/injection/callback/CallbackInfo;)V has 0 override(s) in child classes
[03Dec2024 13:19:19.381] [main/DEBUG] [mixin/]: mixins.iris.json:MixinMinecraft_PipelineManagement from mod iris->@Inject::iris$resetPipeline(Lnet/minecraft/client/multiplayer/ClientLevel;Lorg/spongepowered/asm/mixin/injection/callback/CallbackInfo;)V won't be passed a CallbackInfo as a result
[03Dec2024 13:19:19.522] [main/DEBUG] [io.netty.util.internal.logging.InternalLoggerFactory/]: Using SLF4J as the default logging framework
[03Dec2024 13:19:19.526] [main/DEBUG] [io.netty.util.ResourceLeakDetector/]: -Dio.netty.leakDetection.level: simple
[03Dec2024 13:19:19.526] [main/DEBUG] [io.netty.util.ResourceLeakDetector/]: -Dio.netty.leakDetection.targetRecords: 4
[03Dec2024 13:19:19.564] [main/DEBUG] [mixin/]: Mixing texture.MixinResourceLocation from mixins.iris.json into net.minecraft.resources.ResourceLocation
[03Dec2024 13:19:19.564] [main/DEBUG] [mixin/]: mixins.iris.json:texture.MixinResourceLocation from mod iris: Class version 65 required is higher than the class version supported by the current version of Mixin (JAVA_8 supports class version 52)
[03Dec2024 13:19:19.568] [main/DEBUG] [mixin/]: mixins.iris.json:texture.MixinResourceLocation from mod iris->@Inject::iris$blockDUMMY(Ljava/lang/String;Lorg/spongepowered/asm/mixin/injection/callback/CallbackInfoReturnable;)V does use it's CallbackInfoReturnable
[03Dec2024 13:19:19.569] [main/DEBUG] [mixin/]: mixins.iris.json:texture.MixinResourceLocation from mod iris->@Inject::iris$allowInvalidPaths(CLorg/spongepowered/asm/mixin/injection/callback/CallbackInfoReturnable;)V does use it's CallbackInfoReturnable
[03Dec2024 13:19:20.134] [main/DEBUG] [mixin/]: Mixing MixinSystemReport from mixins.iris.json into net.minecraft.SystemReport
[03Dec2024 13:19:20.134] [main/DEBUG] [mixin/]: mixins.iris.json:MixinSystemReport from mod iris: Class version 65 required is higher than the class version supported by the current version of Mixin (JAVA_8 supports class version 52)
[03Dec2024 13:19:20.135] [main/DEBUG] [mixin/]: Renaming synthetic method lambda$fillSystemDetails$1()Ljava/lang/String; to mdec2fbb$iris$lambda$fillSystemDetails$1$0 in mixins.iris.json:MixinSystemReport from mod iris
[03Dec2024 13:19:20.135] [main/DEBUG] [mixin/]: Renaming synthetic method lambda$fillSystemDetails$0(Ljava/lang/StringBuilder;Lnet/irisshaders/iris/shaderpack/ShaderPack;)V to mdec2fbb$iris$lambda$fillSystemDetails$0$1 in mixins.iris.json:MixinSystemReport from mod iris
[03Dec2024 13:19:20.145] [main/DEBUG] [mixin/]: mixins.iris.json:MixinSystemReport from mod iris->@Inject::fillSystemDetails(Lorg/spongepowered/asm/mixin/injection/callback/CallbackInfo;)V doesn't use it's CallbackInfo
[03Dec2024 13:19:20.146] [main/DEBUG] [mixin/]: mixins.iris.json:MixinSystemReport from mod iris->@Inject::fillSystemDetails(Lorg/spongepowered/asm/mixin/injection/callback/CallbackInfo;)V has 0 override(s) in child classes
[03Dec2024 13:19:20.146] [main/DEBUG] [mixin/]: mixins.iris.json:MixinSystemReport from mod iris->@Inject::fillSystemDetails(Lorg/spongepowered/asm/mixin/injection/callback/CallbackInfo;)V won't be passed a CallbackInfo as a result
[03Dec2024 13:19:20.163] [main/DEBUG] [oshi.util.FileUtil/]: No oshi.properties file found from ClassLoader cpw.mods.modlauncher.TransformingClassLoader@b016b4e
[03Dec2024 13:19:20.453] [Datafixer Bootstrap/INFO] [com.mojang.datafixers.DataFixerBuilder/]: 240 Datafixer optimizations took 328 milliseconds
[03Dec2024 13:19:20.500] [main/DEBUG] [oshi.util.FileUtil/]: No oshi.architecture.properties file found from ClassLoader cpw.mods.modlauncher.TransformingClassLoader@b016b4e
[03Dec2024 13:19:20.555] [main/WARN] [oshi.driver.windows.perfmon.PerfmonDisabled/]: Invalid registry value type detected for PerfOS counters. Should be REG_DWORD. Ignoring: HKEY_LOCAL_MACHINE\SYSTEM\CurrentControlSet\Services\PerfOS\Performance\Disable Performance Counters.
[03Dec2024 13:19:20.595] [pool-14-thread-1/DEBUG] [mixin/]: Mixing MappedRegistryAccessor from neoforge.mixins.json into net.minecraft.core.MappedRegistry
[03Dec2024 13:19:20.595] [pool-14-thread-1/DEBUG] [mixin/]: neoforge.mixins.json:MappedRegistryAccessor from mod neoforge: Class version 65 required is higher than the class version supported by the current version of Mixin (JAVA_17 supports class version 61)
[03Dec2024 13:19:20.671] [pool-14-thread-1/DEBUG] [mixin/]: Mixing MixinBlockStateBehavior from mixins.iris.json into net.minecraft.world.level.block.state.BlockBehaviour$BlockStateBase
[03Dec2024 13:19:20.672] [pool-14-thread-1/DEBUG] [mixin/]: mixins.iris.json:MixinBlockStateBehavior from mod iris: Class version 65 required is higher than the class version supported by the current version of Mixin (JAVA_8 supports class version 52)
[03Dec2024 13:19:20.676] [pool-14-thread-1/DEBUG] [mixin/]: mixins.iris.json:MixinBlockStateBehavior from mod iris->@Inject::getShadeBrightness(Lnet/minecraft/world/level/BlockGetter;Lnet/minecraft/core/BlockPos;Lorg/spongepowered/asm/mixin/injection/callback/CallbackInfoReturnable;)V does use it's CallbackInfoReturnable
[03Dec2024 13:19:20.680] [pool-14-thread-1/DEBUG] [mixin/]: Mixing BlockViewMixin from fabric-block-view-api-v2.mixins.json into net.minecraft.world.level.BlockGetter
[03Dec2024 13:19:20.680] [pool-14-thread-1/DEBUG] [mixin/]: fabric-block-view-api-v2.mixins.json:BlockViewMixin from mod fabric_block_view_api_v2: Class version 65 required is higher than the class version supported by the current version of Mixin (JAVA_17 supports class version 61)
[03Dec2024 13:19:20.684] [pool-14-thread-1/DEBUG] [mixin/]: Mixing WorldViewMixin from fabric-rendering-data-attachment-v1.mixins.json into net.minecraft.world.level.LevelReader
[03Dec2024 13:19:20.684] [pool-14-thread-1/DEBUG] [mixin/]: fabric-rendering-data-attachment-v1.mixins.json:WorldViewMixin from mod fabric_rendering_data_attachment_v1: Class version 65 required is higher than the class version supported by the current version of Mixin (JAVA_17 supports class version 61)
[03Dec2024 13:19:20.750] [pool-14-thread-1/DEBUG] [mixin/]: Mixing features.render.immediate.DirectionMixin from sodium.mixins.json into net.minecraft.core.Direction
[03Dec2024 13:19:20.750] [pool-14-thread-1/DEBUG] [mixin/]: sodium.mixins.json:features.render.immediate.DirectionMixin from mod sodium: Class version 65 required is higher than the class version supported by the current version of Mixin (JAVA_17 supports class version 61)
[03Dec2024 13:19:21.119] [pool-14-thread-1/DEBUG] [mixin/]: Mixing BlockEntityMixin from fabric-rendering-data-attachment-v1.mixins.json into net.minecraft.world.level.block.entity.BlockEntity
[03Dec2024 13:19:21.121] [pool-14-thread-1/DEBUG] [mixin/]: fabric-rendering-data-attachment-v1.mixins.json:BlockEntityMixin from mod fabric_rendering_data_attachment_v1: Class version 65 required is higher than the class version supported by the current version of Mixin (JAVA_17 supports class version 61)
[03Dec2024 13:19:21.122] [pool-14-thread-1/DEBUG] [mixin/]: Mixing BlockEntityMixin from fabric-block-view-api-v2.mixins.json into net.minecraft.world.level.block.entity.BlockEntity
[03Dec2024 13:19:21.122] [pool-14-thread-1/DEBUG] [mixin/]: fabric-block-view-api-v2.mixins.json:BlockEntityMixin from mod fabric_block_view_api_v2: Class version 65 required is higher than the class version supported by the current version of Mixin (JAVA_17 supports class version 61)
[03Dec2024 13:19:21.144] [pool-14-thread-1/DEBUG] [mixin/]: Mixing features.options.render_layers.LeavesBlockMixin from sodium.mixins.json into net.minecraft.world.level.block.LeavesBlock
[03Dec2024 13:19:21.145] [pool-14-thread-1/DEBUG] [mixin/]: sodium.mixins.json:features.options.render_layers.LeavesBlockMixin from mod sodium: Class version 65 required is higher than the class version supported by the current version of Mixin (JAVA_17 supports class version 61)
[03Dec2024 13:19:21.353] [pool-14-thread-1/DEBUG] [mixin/]: Mixing core.render.BlockEntityTypeMixin from sodium.mixins.json into net.minecraft.world.level.block.entity.BlockEntityType
[03Dec2024 13:19:21.353] [pool-14-thread-1/DEBUG] [mixin/]: sodium.mixins.json:core.render.BlockEntityTypeMixin from mod sodium: Class version 65 required is higher than the class version supported by the current version of Mixin (JAVA_17 supports class version 61)
[03Dec2024 13:19:21.369] [pool-14-thread-1/DEBUG] [mixin/]: Mixing BlockEntityTypeAccessor from neoforge.mixins.json into net.minecraft.world.level.block.entity.BlockEntityType
[03Dec2024 13:19:21.369] [pool-14-thread-1/DEBUG] [mixin/]: neoforge.mixins.json:BlockEntityTypeAccessor from mod neoforge: Class version 65 required is higher than the class version supported by the current version of Mixin (JAVA_17 supports class version 61)
[03Dec2024 13:19:21.558] [pool-14-thread-1/DEBUG] [mixin/]: Mixing MixinBiome from mixins.iris.json into net.minecraft.world.level.biome.Biome
[03Dec2024 13:19:21.558] [pool-14-thread-1/DEBUG] [mixin/]: mixins.iris.json:MixinBiome from mod iris: Class version 65 required is higher than the class version supported by the current version of Mixin (JAVA_8 supports class version 52)
[03Dec2024 13:19:21.559] [pool-14-thread-1/DEBUG] [mixin/]: Mixing features.world.biome.BiomeMixin from sodium-forge.mixins.json into net.minecraft.world.level.biome.Biome
[03Dec2024 13:19:21.559] [pool-14-thread-1/DEBUG] [mixin/]: sodium-forge.mixins.json:features.world.biome.BiomeMixin from mod sodium: Class version 65 required is higher than the class version supported by the current version of Mixin (JAVA_17 supports class version 61)
[03Dec2024 13:19:21.564] [pool-14-thread-1/DEBUG] [mixin/]: sodium-forge.mixins.json:features.world.biome.BiomeMixin from mod sodium->@Inject::onInit(Lorg/spongepowered/asm/mixin/injection/callback/CallbackInfo;)V doesn't use it's CallbackInfo
[03Dec2024 13:19:22.113] [pool-14-thread-1/DEBUG] [mixin/]: Mixing AuxiliaryLightManagerMixin from sodium-forge.mixins.json into net.neoforged.neoforge.common.world.AuxiliaryLightManager
[03Dec2024 13:19:22.113] [pool-14-thread-1/DEBUG] [mixin/]: sodium-forge.mixins.json:AuxiliaryLightManagerMixin from mod sodium: Class version 65 required is higher than the class version supported by the current version of Mixin (JAVA_17 supports class version 61)
[03Dec2024 13:19:22.123] [pool-14-thread-1/DEBUG] [mixin/]: Mixing MixinItem from mixins.iris.json into net.minecraft.world.item.Item
[03Dec2024 13:19:22.123] [pool-14-thread-1/DEBUG] [mixin/]: mixins.iris.json:MixinItem from mod iris: Class version 65 required is higher than the class version supported by the current version of Mixin (JAVA_8 supports class version 52)
[03Dec2024 13:19:22.436] [pool-14-thread-1/DEBUG] [io.netty.util.internal.PlatformDependent0/]: -Dio.netty.noUnsafe: false
[03Dec2024 13:19:22.436] [pool-14-thread-1/DEBUG] [io.netty.util.internal.PlatformDependent0/]: Java version: 21
[03Dec2024 13:19:22.436] [pool-14-thread-1/DEBUG] [io.netty.util.internal.PlatformDependent0/]: sun.misc.Unsafe.theUnsafe: available
[03Dec2024 13:19:22.436] [pool-14-thread-1/DEBUG] [io.netty.util.internal.PlatformDependent0/]: sun.misc.Unsafe.copyMemory: available
[03Dec2024 13:19:22.436] [pool-14-thread-1/DEBUG] [io.netty.util.internal.PlatformDependent0/]: sun.misc.Unsafe.storeFence: available
[03Dec2024 13:19:22.438] [pool-14-thread-1/DEBUG] [io.netty.util.internal.PlatformDependent0/]: java.nio.Buffer.address: available
[03Dec2024 13:19:22.438] [pool-14-thread-1/DEBUG] [io.netty.util.internal.PlatformDependent0/]: direct buffer constructor: unavailable: Reflective setAccessible(true) disabled
[03Dec2024 13:19:22.438] [pool-14-thread-1/DEBUG] [io.netty.util.internal.PlatformDependent0/]: java.nio.Bits.unaligned: available, true
[03Dec2024 13:19:22.438] [pool-14-thread-1/DEBUG] [io.netty.util.internal.PlatformDependent0/]: jdk.internal.misc.Unsafe.allocateUninitializedArray(int): unavailable: class io.netty.util.internal.PlatformDependent0$7 (in module io.netty.common) cannot access class jdk.internal.misc.Unsafe (in module java.base) because module java.base does not export jdk.internal.misc to module io.netty.common
[03Dec2024 13:19:22.439] [pool-14-thread-1/DEBUG] [io.netty.util.internal.PlatformDependent0/]: java.nio.DirectByteBuffer.<init>(long, {int,long}): unavailable
[03Dec2024 13:19:22.439] [pool-14-thread-1/DEBUG] [io.netty.util.internal.PlatformDependent/]: sun.misc.Unsafe: available
[03Dec2024 13:19:22.439] [pool-14-thread-1/DEBUG] [io.netty.util.internal.PlatformDependent/]: maxDirectMemory: 4078960640 bytes (maybe)
[03Dec2024 13:19:22.440] [pool-14-thread-1/DEBUG] [io.netty.util.internal.PlatformDependent/]: -Dio.netty.tmpdir: C:\Users\Admin\AppData\Local\Temp (java.io.tmpdir)
[03Dec2024 13:19:22.440] [pool-14-thread-1/DEBUG] [io.netty.util.internal.PlatformDependent/]: -Dio.netty.bitMode: 64 (sun.arch.data.model)
[03Dec2024 13:19:22.440] [pool-14-thread-1/DEBUG] [io.netty.util.internal.PlatformDependent/]: Platform: Windows
[03Dec2024 13:19:22.440] [pool-14-thread-1/DEBUG] [io.netty.util.internal.PlatformDependent/]: -Dio.netty.maxDirectMemory: -1 bytes
[03Dec2024 13:19:22.440] [pool-14-thread-1/DEBUG] [io.netty.util.internal.PlatformDependent/]: -Dio.netty.uninitializedArrayAllocationThreshold: -1
[03Dec2024 13:19:22.441] [pool-14-thread-1/DEBUG] [io.netty.util.internal.CleanerJava9/]: java.nio.ByteBuffer.cleaner(): available
[03Dec2024 13:19:22.441] [pool-14-thread-1/DEBUG] [io.netty.util.internal.PlatformDependent/]: -Dio.netty.noPreferDirect: false
[03Dec2024 13:19:23.565] [pool-14-thread-1/DEBUG] [mixin/]: Mixing MixinBiomes from mixins.iris.json into net.minecraft.world.level.biome.Biomes
[03Dec2024 13:19:23.566] [pool-14-thread-1/DEBUG] [mixin/]: mixins.iris.json:MixinBiomes from mod iris: Class version 65 required is higher than the class version supported by the current version of Mixin (JAVA_8 supports class version 52)
[03Dec2024 13:19:23.569] [pool-14-thread-1/DEBUG] [mixin/]: mixins.iris.json:MixinBiomes from mod iris->@Inject::iris$registerBiome(Ljava/lang/String;Lorg/spongepowered/asm/mixin/injection/callback/CallbackInfoReturnable;)V does use it's CallbackInfoReturnable
[03Dec2024 13:19:23.738] [pool-14-thread-1/DEBUG] [mixin/]: Mixing features.model.WeightedRandomListMixin from sodium-forge.mixins.json into net.minecraft.util.random.WeightedRandomList
[03Dec2024 13:19:23.740] [pool-14-thread-1/DEBUG] [mixin/]: sodium-forge.mixins.json:features.model.WeightedRandomListMixin from mod sodium: Class version 65 required is higher than the class version supported by the current version of Mixin (JAVA_17 supports class version 61)
[03Dec2024 13:19:23.749] [pool-14-thread-1/DEBUG] [mixin/]: Mixing DimensionTypeAccessor from mixins.iris.json into net.minecraft.world.level.dimension.DimensionType
[03Dec2024 13:19:23.750] [pool-14-thread-1/DEBUG] [mixin/]: mixins.iris.json:DimensionTypeAccessor from mod iris: Class version 65 required is higher than the class version supported by the current version of Mixin (JAVA_8 supports class version 52)
[03Dec2024 13:19:24.837] [main/WARN] [net.minecraft.commands.Commands/]: Ambiguity between arguments [teleport, location] and [teleport, destination] with inputs: [0.1 -0.5 .9, 0 0 0]
[03Dec2024 13:19:24.838] [main/WARN] [net.minecraft.commands.Commands/]: Ambiguity between arguments [teleport, location] and [teleport, targets] with inputs: [0.1 -0.5 .9, 0 0 0]
[03Dec2024 13:19:24.841] [main/WARN] [net.minecraft.commands.Commands/]: Ambiguity between arguments [teleport, destination] and [teleport, targets] with inputs: [Player, 0123, @e, dd12be42-52a9-4a91-a8a1-11c01849e498]
[03Dec2024 13:19:24.843] [main/WARN] [net.minecraft.commands.Commands/]: Ambiguity between arguments [teleport, targets] and [teleport, destination] with inputs: [Player, 0123, dd12be42-52a9-4a91-a8a1-11c01849e498]
[03Dec2024 13:19:24.844] [main/WARN] [net.minecraft.commands.Commands/]: Ambiguity between arguments [teleport, targets, location] and [teleport, targets, destination] with inputs: [0.1 -0.5 .9, 0 0 0]
[03Dec2024 13:19:24.856] [Render thread/DEBUG] [mixin/]: Mixing workarounds.event_loop.RenderSystemMixin from sodium.mixins.json into com.mojang.blaze3d.systems.RenderSystem
[03Dec2024 13:19:24.856] [Render thread/DEBUG] [mixin/]: sodium.mixins.json:workarounds.event_loop.RenderSystemMixin from mod sodium: Class version 65 required is higher than the class version supported by the current version of Mixin (JAVA_17 supports class version 61)
[03Dec2024 13:19:24.856] [Render thread/DEBUG] [mixin/]: Mixing MixinGlStateManager from mixins.iris.json into com.mojang.blaze3d.systems.RenderSystem
[03Dec2024 13:19:24.858] [Render thread/DEBUG] [mixin/]: mixins.iris.json:MixinGlStateManager from mod iris: Class version 65 required is higher than the class version supported by the current version of Mixin (JAVA_8 supports class version 52)
[03Dec2024 13:19:24.858] [Render thread/DEBUG] [mixin/]: Mixing MixinRenderSystem from mixins.iris.json into com.mojang.blaze3d.systems.RenderSystem
[03Dec2024 13:19:24.858] [Render thread/DEBUG] [mixin/]: mixins.iris.json:MixinRenderSystem from mod iris: Class version 65 required is higher than the class version supported by the current version of Mixin (JAVA_8 supports class version 52)
[03Dec2024 13:19:24.869] [Render thread/DEBUG] [mixin/]: Mixing statelisteners.MixinRenderSystem from mixins.iris.json into com.mojang.blaze3d.systems.RenderSystem
[03Dec2024 13:19:24.869] [Render thread/DEBUG] [mixin/]: mixins.iris.json:statelisteners.MixinRenderSystem from mod iris: Class version 65 required is higher than the class version supported by the current version of Mixin (JAVA_8 supports class version 52)
[03Dec2024 13:19:24.870] [Render thread/DEBUG] [mixin/]: Renaming synthetic method lambda$static$1(Ljava/lang/Runnable;)V to mdec2fbb$iris$lambda$static$1$0 in mixins.iris.json:statelisteners.MixinRenderSystem from mod iris
[03Dec2024 13:19:24.870] [Render thread/DEBUG] [mixin/]: Renaming synthetic method lambda$static$0(Ljava/lang/Runnable;)V to mdec2fbb$iris$lambda$static$0$1 in mixins.iris.json:statelisteners.MixinRenderSystem from mod iris
[03Dec2024 13:19:24.884] [Render thread/DEBUG] [mixin/]: mixins.iris.json:MixinRenderSystem from mod iris->@Inject::iris$onRendererInit(IZLorg/spongepowered/asm/mixin/injection/callback/CallbackInfo;)V doesn't use it's CallbackInfo
[03Dec2024 13:19:24.886] [Render thread/DEBUG] [mixin/]: mixins.iris.json:MixinRenderSystem from mod iris->@Inject::_setShaderTexture(ILnet/minecraft/resources/ResourceLocation;Lorg/spongepowered/asm/mixin/injection/callback/CallbackInfo;)V doesn't use it's CallbackInfo
[03Dec2024 13:19:24.887] [Render thread/DEBUG] [mixin/]: mixins.iris.json:MixinRenderSystem from mod iris->@Inject::_setShaderTexture(IILorg/spongepowered/asm/mixin/injection/callback/CallbackInfo;)V doesn't use it's CallbackInfo
[03Dec2024 13:19:24.887] [Render thread/DEBUG] [mixin/]: mixins.iris.json:statelisteners.MixinRenderSystem from mod iris->@Inject::iris$onFogStart(Lnet/minecraft/client/renderer/FogParameters;Lorg/spongepowered/asm/mixin/injection/callback/CallbackInfo;)V doesn't use it's CallbackInfo
[03Dec2024 13:19:24.892] [Render thread/DEBUG] [mixin/]: Mixing MixinByteBufferBuilder from mixins.iris.json into com.mojang.blaze3d.vertex.ByteBufferBuilder
[03Dec2024 13:19:24.892] [Render thread/DEBUG] [mixin/]: mixins.iris.json:MixinByteBufferBuilder from mod iris: Class version 65 required is higher than the class version supported by the current version of Mixin (JAVA_8 supports class version 52)
[03Dec2024 13:19:24.893] [Render thread/DEBUG] [mixin/]: Mixing MixinByteBufferBuilder from iris-batched-entity-rendering.mixins.json into com.mojang.blaze3d.vertex.ByteBufferBuilder
[03Dec2024 13:19:24.893] [Render thread/DEBUG] [mixin/]: iris-batched-entity-rendering.mixins.json:MixinByteBufferBuilder from mod iris: Class version 65 required is higher than the class version supported by the current version of Mixin (JAVA_8 supports class version 52)
[03Dec2024 13:19:24.899] [Render thread/DEBUG] [mixin/]: Mixing features.render.immediate.buffer_builder.sorting.VertexSortingMixin from sodium.mixins.json into com.mojang.blaze3d.vertex.VertexSorting
[03Dec2024 13:19:24.899] [Render thread/DEBUG] [mixin/]: sodium.mixins.json:features.render.immediate.buffer_builder.sorting.VertexSortingMixin from mod sodium: Class version 65 required is higher than the class version supported by the current version of Mixin (JAVA_17 supports class version 61)
[03Dec2024 13:19:24.907] [Render thread/DEBUG] [mixin/]: Mixing features.render.compositing.RenderTargetMixin from sodium.mixins.json into com.mojang.blaze3d.pipeline.RenderTarget
[03Dec2024 13:19:24.907] [Render thread/DEBUG] [mixin/]: sodium.mixins.json:features.render.compositing.RenderTargetMixin from mod sodium: Class version 65 required is higher than the class version supported by the current version of Mixin (JAVA_17 supports class version 61)
[03Dec2024 13:19:24.909] [Render thread/DEBUG] [mixin/]: Mixing MixinRenderTarget from mixins.iris.json into com.mojang.blaze3d.pipeline.RenderTarget
[03Dec2024 13:19:24.909] [Render thread/DEBUG] [mixin/]: mixins.iris.json:MixinRenderTarget from mod iris: Class version 65 required is higher than the class version supported by the current version of Mixin (JAVA_8 supports class version 52)
[03Dec2024 13:19:24.909] [Render thread/DEBUG] [mixin/]: Mixing state_tracking.MixinRenderTarget from mixins.iris.json into com.mojang.blaze3d.pipeline.RenderTarget
[03Dec2024 13:19:24.909] [Render thread/DEBUG] [mixin/]: mixins.iris.json:state_tracking.MixinRenderTarget from mod iris: Class version 65 required is higher than the class version supported by the current version of Mixin (JAVA_8 supports class version 52)
[03Dec2024 13:19:24.910] [Render thread/DEBUG] [mixin/]: Renaming synthetic method lambda$iris$onBindFramebuffer$0(ZLnet/irisshaders/iris/pipeline/WorldRenderingPipeline;)V to mdec2fbb$iris$lambda$iris$onBindFramebuffer$0$0 in mixins.iris.json:state_tracking.MixinRenderTarget from mod iris
[03Dec2024 13:19:24.911] [Render thread/DEBUG] [mixin/]: mixins.iris.json:MixinRenderTarget from mod iris->@Inject::iris$onDestroyBuffers(Lorg/spongepowered/asm/mixin/injection/callback/CallbackInfo;)V doesn't use it's CallbackInfo
[03Dec2024 13:19:24.911] [Render thread/DEBUG] [mixin/]: mixins.iris.json:MixinRenderTarget from mod iris->@Inject::iris$onDestroyBuffers(Lorg/spongepowered/asm/mixin/injection/callback/CallbackInfo;)V has 0 override(s) in child classes
[03Dec2024 13:19:24.911] [Render thread/DEBUG] [mixin/]: mixins.iris.json:MixinRenderTarget from mod iris->@Inject::iris$onDestroyBuffers(Lorg/spongepowered/asm/mixin/injection/callback/CallbackInfo;)V won't be passed a CallbackInfo as a result
[03Dec2024 13:19:24.912] [Render thread/DEBUG] [mixin/]: mixins.iris.json:state_tracking.MixinRenderTarget from mod iris->@Inject::iris$onBindFramebuffer(ZLorg/spongepowered/asm/mixin/injection/callback/CallbackInfo;)V doesn't use it's CallbackInfo
[03Dec2024 13:19:24.912] [Render thread/DEBUG] [mixin/]: mixins.iris.json:state_tracking.MixinRenderTarget from mod iris->@Inject::iris$onBindFramebuffer(ZLorg/spongepowered/asm/mixin/injection/callback/CallbackInfo;)V has 0 override(s) in child classes
[03Dec2024 13:19:24.912] [Render thread/DEBUG] [mixin/]: mixins.iris.json:state_tracking.MixinRenderTarget from mod iris->@Inject::iris$onBindFramebuffer(ZLorg/spongepowered/asm/mixin/injection/callback/CallbackInfo;)V won't be passed a CallbackInfo as a result
[03Dec2024 13:19:24.917] [Render thread/DEBUG] [mixin/]: Mixing core.world.biome.ClientLevelMixin from sodium.mixins.json into net.minecraft.client.multiplayer.ClientLevel
[03Dec2024 13:19:24.919] [Render thread/DEBUG] [mixin/]: sodium.mixins.json:core.world.biome.ClientLevelMixin from mod sodium: Class version 65 required is higher than the class version supported by the current version of Mixin (JAVA_17 supports class version 61)
[03Dec2024 13:19:24.920] [Render thread/DEBUG] [mixin/]: Mixing core.world.map.ClientLevelMixin from sodium.mixins.json into net.minecraft.client.multiplayer.ClientLevel
[03Dec2024 13:19:24.920] [Render thread/DEBUG] [mixin/]: sodium.mixins.json:core.world.map.ClientLevelMixin from mod sodium: Class version 65 required is higher than the class version supported by the current version of Mixin (JAVA_17 supports class version 61)
[03Dec2024 13:19:24.922] [Render thread/DEBUG] [mixin/]: Mixing block_rendering.MixinClientLevel from mixins.iris.vertexformat.json into net.minecraft.client.multiplayer.ClientLevel
[03Dec2024 13:19:24.923] [Render thread/DEBUG] [mixin/]: mixins.iris.vertexformat.json:block_rendering.MixinClientLevel from mod iris: Class version 65 required is higher than the class version supported by the current version of Mixin (JAVA_8 supports class version 52)
[03Dec2024 13:19:24.928] [Render thread/DEBUG] [mixin/]: sodium.mixins.json:core.world.biome.ClientLevelMixin from mod sodium->@Inject::captureSeed(Lnet/minecraft/client/multiplayer/ClientPacketListener;Lnet/minecraft/client/multiplayer/ClientLevel$ClientLevelData;Lnet/minecraft/resources/ResourceKey;Lnet/minecraft/core/Holder;IILnet/minecraft/client/renderer/LevelRenderer;ZJILorg/spongepowered/asm/mixin/injection/callback/CallbackInfo;)V doesn't use it's CallbackInfo
[03Dec2024 13:19:24.928] [Render thread/DEBUG] [mixin/]: sodium.mixins.json:core.world.biome.ClientLevelMixin from mod sodium->@Inject::captureSeed(Lnet/minecraft/client/multiplayer/ClientPacketListener;Lnet/minecraft/client/multiplayer/ClientLevel$ClientLevelData;Lnet/minecraft/resources/ResourceKey;Lnet/minecraft/core/Holder;IILnet/minecraft/client/renderer/LevelRenderer;ZJILorg/spongepowered/asm/mixin/injection/callback/CallbackInfo;)V has 0 override(s) in child classes
[03Dec2024 13:19:24.928] [Render thread/DEBUG] [mixin/]: sodium.mixins.json:core.world.biome.ClientLevelMixin from mod sodium->@Inject::captureSeed(Lnet/minecraft/client/multiplayer/ClientPacketListener;Lnet/minecraft/client/multiplayer/ClientLevel$ClientLevelData;Lnet/minecraft/resources/ResourceKey;Lnet/minecraft/core/Holder;IILnet/minecraft/client/renderer/LevelRenderer;ZJILorg/spongepowered/asm/mixin/injection/callback/CallbackInfo;)V won't be passed a CallbackInfo as a result
[03Dec2024 13:19:24.928] [Render thread/DEBUG] [mixin/]: sodium.mixins.json:core.world.map.ClientLevelMixin from mod sodium->@Inject::sodium$trackChunkUnload(Lnet/minecraft/world/level/chunk/LevelChunk;Lorg/spongepowered/asm/mixin/injection/callback/CallbackInfo;)V doesn't use it's CallbackInfo
[03Dec2024 13:19:24.928] [Render thread/DEBUG] [mixin/]: sodium.mixins.json:core.world.map.ClientLevelMixin from mod sodium->@Inject::sodium$trackChunkUnload(Lnet/minecraft/world/level/chunk/LevelChunk;Lorg/spongepowered/asm/mixin/injection/callback/CallbackInfo;)V has 0 override(s) in child classes
[03Dec2024 13:19:24.928] [Render thread/DEBUG] [mixin/]: sodium.mixins.json:core.world.map.ClientLevelMixin from mod sodium->@Inject::sodium$trackChunkUnload(Lnet/minecraft/world/level/chunk/LevelChunk;Lorg/spongepowered/asm/mixin/injection/callback/CallbackInfo;)V won't be passed a CallbackInfo as a result
[03Dec2024 13:19:24.932] [Render thread/DEBUG] [mixin/]: Mixing MixinTitleScreen from mixins.iris.json into net.minecraft.client.gui.screens.TitleScreen
[03Dec2024 13:19:24.932] [Render thread/DEBUG] [mixin/]: mixins.iris.json:MixinTitleScreen from mod iris: Class version 65 required is higher than the class version supported by the current version of Mixin (JAVA_8 supports class version 52)
[03Dec2024 13:19:24.935] [Render thread/DEBUG] [mixin/]: mixins.iris.json:MixinTitleScreen from mod iris->@Inject::iris$firstInit(Lorg/spongepowered/asm/mixin/injection/callback/CallbackInfo;)V doesn't use it's CallbackInfo
[03Dec2024 13:19:24.935] [Render thread/DEBUG] [mixin/]: mixins.iris.json:MixinTitleScreen from mod iris->@Inject::iris$firstInit(Lorg/spongepowered/asm/mixin/injection/callback/CallbackInfo;)V has 0 override(s) in child classes
[03Dec2024 13:19:24.935] [Render thread/DEBUG] [mixin/]: mixins.iris.json:MixinTitleScreen from mod iris->@Inject::iris$firstInit(Lorg/spongepowered/asm/mixin/injection/callback/CallbackInfo;)V won't be passed a CallbackInfo as a result
[03Dec2024 13:19:24.941] [Render thread/DEBUG] [mixin/]: Mixing MixinLocalPlayer from mixins.iris.json into net.minecraft.client.player.LocalPlayer
[03Dec2024 13:19:24.952] [Render thread/DEBUG] [mixin/]: mixins.iris.json:MixinLocalPlayer from mod iris: Class version 65 required is higher than the class version supported by the current version of Mixin (JAVA_8 supports class version 52)
[03Dec2024 13:19:24.963] [Render thread/DEBUG] [mixin/]: Mixing features.gui.screen.LevelLoadingScreenMixin from sodium.mixins.json into net.minecraft.client.gui.screens.LevelLoadingScreen
[03Dec2024 13:19:24.963] [Render thread/DEBUG] [mixin/]: sodium.mixins.json:features.gui.screen.LevelLoadingScreenMixin from mod sodium: Class version 65 required is higher than the class version supported by the current version of Mixin (JAVA_17 supports class version 61)
[03Dec2024 13:19:24.963] [Render thread/DEBUG] [mixin/]: Renaming synthetic method lambda$renderChunks$0(Lit/unimi/dsi/fastutil/objects/Object2IntMap$Entry;)V to mdec2fbb$sodium$lambda$renderChunks$0$0 in sodium.mixins.json:features.gui.screen.LevelLoadingScreenMixin from mod sodium
[03Dec2024 13:19:25.032] [Render thread/WARN] [net.minecraft.server.packs.VanillaPackResourcesBuilder/]: Assets URL 'union:/D:/MCreatorWorkspaces/mobFarms/MobFarms/build/moddev/artifacts/neoforge-21.3.11-beta-minecraft.jar%23211!/assets/.mcassetsroot' uses unexpected schema
[03Dec2024 13:19:25.033] [Render thread/WARN] [net.minecraft.server.packs.VanillaPackResourcesBuilder/]: Assets URL 'union:/D:/MCreatorWorkspaces/mobFarms/MobFarms/build/moddev/artifacts/neoforge-21.3.11-beta-minecraft.jar%23211!/data/.mcassetsroot' uses unexpected schema
[03Dec2024 13:19:25.056] [Render thread/INFO] [com.mojang.authlib.yggdrasil.YggdrasilAuthenticationService/]: Environment: Environment[sessionHost=https://sessionserver.mojang.com, servicesHost=https://api.minecraftservices.com, name=PROD]
[03Dec2024 13:19:25.067] [Render thread/INFO] [net.minecraft.client.Minecraft/]: Setting user: Dev
[03Dec2024 13:19:25.072] [Render thread/DEBUG] [mixin/]: Mixing MixinOptions_Entrypoint from mixins.iris.json into net.minecraft.client.Options
[03Dec2024 13:19:25.073] [Render thread/DEBUG] [mixin/]: mixins.iris.json:MixinOptions_Entrypoint from mod iris: Class version 65 required is higher than the class version supported by the current version of Mixin (JAVA_8 supports class version 52)
[03Dec2024 13:19:25.073] [Render thread/DEBUG] [mixin/]: Mixing sky.MixinOptions_CloudsOverride from mixins.iris.json into net.minecraft.client.Options
[03Dec2024 13:19:25.073] [Render thread/DEBUG] [mixin/]: mixins.iris.json:sky.MixinOptions_CloudsOverride from mod iris: Class version 65 required is higher than the class version supported by the current version of Mixin (JAVA_8 supports class version 52)
[03Dec2024 13:19:25.073] [Render thread/DEBUG] [mixin/]: Renaming synthetic method lambda$iris$overrideCloudsType$0(Lorg/spongepowered/asm/mixin/injection/callback/CallbackInfoReturnable;Lnet/irisshaders/iris/pipeline/WorldRenderingPipeline;)V to mdec2fbb$iris$lambda$iris$overrideCloudsType$0$0 in mixins.iris.json:sky.MixinOptions_CloudsOverride from mod iris
[03Dec2024 13:19:25.075] [Render thread/DEBUG] [mixin/]: mixins.iris.json:MixinOptions_Entrypoint from mod iris->@Inject::iris$beforeLoadOptions(Lorg/spongepowered/asm/mixin/injection/callback/CallbackInfo;)V doesn't use it's CallbackInfo
[03Dec2024 13:19:25.075] [Render thread/DEBUG] [mixin/]: mixins.iris.json:MixinOptions_Entrypoint from mod iris->@Inject::iris$beforeLoadOptions(Lorg/spongepowered/asm/mixin/injection/callback/CallbackInfo;)V has 0 override(s) in child classes
[03Dec2024 13:19:25.075] [Render thread/DEBUG] [mixin/]: mixins.iris.json:MixinOptions_Entrypoint from mod iris->@Inject::iris$beforeLoadOptions(Lorg/spongepowered/asm/mixin/injection/callback/CallbackInfo;)V won't be passed a CallbackInfo as a result
[03Dec2024 13:19:25.075] [Render thread/DEBUG] [mixin/]: mixins.iris.json:sky.MixinOptions_CloudsOverride from mod iris->@Inject::iris$overrideCloudsType(Lorg/spongepowered/asm/mixin/injection/callback/CallbackInfoReturnable;)V does use it's CallbackInfoReturnable
[03Dec2024 13:19:25.170] [Render thread/INFO] [net.minecraft.client.Minecraft/]: Backend library: LWJGL version 3.3.3+5
[03Dec2024 13:19:25.171] [Render thread/DEBUG] [mixin/]: Mixing core.WindowMixin from sodium.mixins.json into com.mojang.blaze3d.platform.Window
[03Dec2024 13:19:25.171] [Render thread/DEBUG] [mixin/]: sodium.mixins.json:core.WindowMixin from mod sodium: Class version 65 required is higher than the class version supported by the current version of Mixin (JAVA_17 supports class version 61)
[03Dec2024 13:19:25.173] [Render thread/DEBUG] [mixin/]: Mixing workarounds.context_creation.WindowMixin from sodium.mixins.json into com.mojang.blaze3d.platform.Window
[03Dec2024 13:19:25.173] [Render thread/DEBUG] [mixin/]: sodium.mixins.json:workarounds.context_creation.WindowMixin from mod sodium: Class version 65 required is higher than the class version supported by the current version of Mixin (JAVA_17 supports class version 61)
[03Dec2024 13:19:25.177] [Render thread/DEBUG] [mixin/]: Mixing MixinWindow from mixins.iris.json into com.mojang.blaze3d.platform.Window
[03Dec2024 13:19:25.177] [Render thread/DEBUG] [mixin/]: mixins.iris.json:MixinWindow from mod iris: Class version 65 required is higher than the class version supported by the current version of Mixin (JAVA_8 supports class version 52)
[03Dec2024 13:19:25.182] [Render thread/DEBUG] [mixin/]: sodium.mixins.json:workarounds.context_creation.WindowMixin from mod sodium->@Inject::postContextReady(Lcom/mojang/blaze3d/platform/WindowEventHandler;Lcom/mojang/blaze3d/platform/ScreenManager;Lcom/mojang/blaze3d/platform/DisplayData;Ljava/lang/String;Ljava/lang/String;Lorg/spongepowered/asm/mixin/injection/callback/CallbackInfo;)V doesn't use it's CallbackInfo
[03Dec2024 13:19:25.182] [Render thread/DEBUG] [mixin/]: sodium.mixins.json:workarounds.context_creation.WindowMixin from mod sodium->@Inject::preSwapBuffers(Lorg/spongepowered/asm/mixin/injection/callback/CallbackInfo;)V doesn't use it's CallbackInfo
[03Dec2024 13:19:25.182] [Render thread/DEBUG] [mixin/]: mixins.iris.json:MixinWindow from mod iris->@Inject::iris$enableDebugContext(Lcom/mojang/blaze3d/platform/WindowEventHandler;Lcom/mojang/blaze3d/platform/ScreenManager;Lcom/mojang/blaze3d/platform/DisplayData;Ljava/lang/String;Ljava/lang/String;Lorg/spongepowered/asm/mixin/injection/callback/CallbackInfo;)V doesn't use it's CallbackInfo
[03Dec2024 13:19:25.214] [Render thread/INFO] [com.mojang.blaze3d.platform.Window/]: OpenGL Vendor: ATI Technologies Inc.
[03Dec2024 13:19:25.214] [Render thread/INFO] [com.mojang.blaze3d.platform.Window/]: OpenGL Renderer: AMD Radeon(TM) 760M
[03Dec2024 13:19:25.214] [Render thread/INFO] [com.mojang.blaze3d.platform.Window/]: OpenGL Version: 4.6.0 Core Profile Context 24.10.27.01.240627
[03Dec2024 13:19:25.235] [Render thread/DEBUG] [mixin/]: Mixing GlStateManagerAccessor from mixins.iris.json into com.mojang.blaze3d.platform.GlStateManager
[03Dec2024 13:19:25.235] [Render thread/DEBUG] [mixin/]: mixins.iris.json:GlStateManagerAccessor from mod iris: Class version 65 required is higher than the class version supported by the current version of Mixin (JAVA_8 supports class version 52)
[03Dec2024 13:19:25.236] [Render thread/DEBUG] [mixin/]: Renaming @Accessor method getBLEND()Lcom/mojang/blaze3d/platform/GlStateManager$BlendState; to getBLEND$iris_$md$ec2fbb$0 in mixins.iris.json:GlStateManagerAccessor from mod iris
[03Dec2024 13:19:25.236] [Render thread/DEBUG] [mixin/]: Renaming @Accessor method getCOLOR_MASK()Lcom/mojang/blaze3d/platform/GlStateManager$ColorMask; to getCOLOR_MASK$iris_$md$ec2fbb$1 in mixins.iris.json:GlStateManagerAccessor from mod iris
[03Dec2024 13:19:25.236] [Render thread/DEBUG] [mixin/]: Renaming @Accessor method getDEPTH()Lcom/mojang/blaze3d/platform/GlStateManager$DepthState; to getDEPTH$iris_$md$ec2fbb$2 in mixins.iris.json:GlStateManagerAccessor from mod iris
[03Dec2024 13:19:25.236] [Render thread/DEBUG] [mixin/]: Renaming @Accessor method getActiveTexture()I to getActiveTexture$iris_$md$ec2fbb$3 in mixins.iris.json:GlStateManagerAccessor from mod iris
[03Dec2024 13:19:25.236] [Render thread/DEBUG] [mixin/]: Renaming @Accessor method getTEXTURES()[Lcom/mojang/blaze3d/platform/GlStateManager$TextureState; to getTEXTURES$iris_$md$ec2fbb$4 in mixins.iris.json:GlStateManagerAccessor from mod iris
[03Dec2024 13:19:25.236] [Render thread/DEBUG] [mixin/]: Mixing MixinGlStateManager from mixins.iris.json into com.mojang.blaze3d.platform.GlStateManager
[03Dec2024 13:19:25.237] [Render thread/DEBUG] [mixin/]: mixins.iris.json:MixinGlStateManager from mod iris: Class version 65 required is higher than the class version supported by the current version of Mixin (JAVA_8 supports class version 52)
[03Dec2024 13:19:25.237] [Render thread/DEBUG] [mixin/]: Mixing MixinGlStateManager_BlendOverride from mixins.iris.json into com.mojang.blaze3d.platform.GlStateManager
[03Dec2024 13:19:25.237] [Render thread/DEBUG] [mixin/]: mixins.iris.json:MixinGlStateManager_BlendOverride from mod iris: Class version 65 required is higher than the class version supported by the current version of Mixin (JAVA_8 supports class version 52)
[03Dec2024 13:19:25.237] [Render thread/DEBUG] [mixin/]: Mixing MixinGlStateManager_DepthColorOverride from mixins.iris.json into com.mojang.blaze3d.platform.GlStateManager
[03Dec2024 13:19:25.237] [Render thread/DEBUG] [mixin/]: mixins.iris.json:MixinGlStateManager_DepthColorOverride from mod iris: Class version 65 required is higher than the class version supported by the current version of Mixin (JAVA_8 supports class version 52)
[03Dec2024 13:19:25.247] [Render thread/DEBUG] [mixin/]: Mixing MixinGlStateManager_FramebufferBinding from mixins.iris.json into com.mojang.blaze3d.platform.GlStateManager
[03Dec2024 13:19:25.248] [Render thread/DEBUG] [mixin/]: mixins.iris.json:MixinGlStateManager_FramebufferBinding from mod iris: Class version 65 required is higher than the class version supported by the current version of Mixin (JAVA_8 supports class version 52)
[03Dec2024 13:19:25.249] [Render thread/DEBUG] [mixin/]: Mixing statelisteners.MixinGlStateManager from mixins.iris.json into com.mojang.blaze3d.platform.GlStateManager
[03Dec2024 13:19:25.249] [Render thread/DEBUG] [mixin/]: mixins.iris.json:statelisteners.MixinGlStateManager from mod iris: Class version 65 required is higher than the class version supported by the current version of Mixin (JAVA_8 supports class version 52)
[03Dec2024 13:19:25.251] [Render thread/DEBUG] [mixin/]: Renaming synthetic method lambda$static$0(Ljava/lang/Runnable;)V to mdec2fbb$iris$lambda$static$0$5 in mixins.iris.json:statelisteners.MixinGlStateManager from mod iris
[03Dec2024 13:19:25.259] [Render thread/DEBUG] [mixin/]: Mixing texture.MixinGlStateManager from mixins.iris.json into com.mojang.blaze3d.platform.GlStateManager
[03Dec2024 13:19:25.259] [Render thread/DEBUG] [mixin/]: mixins.iris.json:texture.MixinGlStateManager from mod iris: Class version 65 required is higher than the class version supported by the current version of Mixin (JAVA_8 supports class version 52)
[03Dec2024 13:19:25.269] [Render thread/DEBUG] [mixin/]: mixins.iris.json:MixinGlStateManager_BlendOverride from mod iris->@Inject::iris$blendDisableLock(Lorg/spongepowered/asm/mixin/injection/callback/CallbackInfo;)V does use it's CallbackInfo
[03Dec2024 13:19:25.269] [Render thread/DEBUG] [mixin/]: mixins.iris.json:MixinGlStateManager_BlendOverride from mod iris->@Inject::iris$blendEnableLock(Lorg/spongepowered/asm/mixin/injection/callback/CallbackInfo;)V does use it's CallbackInfo
[03Dec2024 13:19:25.269] [Render thread/DEBUG] [mixin/]: mixins.iris.json:MixinGlStateManager_BlendOverride from mod iris->@Inject::iris$blendFuncLock(IILorg/spongepowered/asm/mixin/injection/callback/CallbackInfo;)V does use it's CallbackInfo
[03Dec2024 13:19:25.269] [Render thread/DEBUG] [mixin/]: mixins.iris.json:MixinGlStateManager_BlendOverride from mod iris->@Inject::iris$blendFuncSeparateLock(IIIILorg/spongepowered/asm/mixin/injection/callback/CallbackInfo;)V does use it's CallbackInfo
[03Dec2024 13:19:25.269] [Render thread/DEBUG] [mixin/]: mixins.iris.json:MixinGlStateManager_DepthColorOverride from mod iris->@Inject::iris$colorMaskLock(ZZZZLorg/spongepowered/asm/mixin/injection/callback/CallbackInfo;)V does use it's CallbackInfo
[03Dec2024 13:19:25.270] [Render thread/DEBUG] [mixin/]: mixins.iris.json:MixinGlStateManager_DepthColorOverride from mod iris->@Inject::iris$depthMaskLock(ZLorg/spongepowered/asm/mixin/injection/callback/CallbackInfo;)V does use it's CallbackInfo
[03Dec2024 13:19:25.270] [Render thread/DEBUG] [mixin/]: mixins.iris.json:MixinGlStateManager_DepthColorOverride from mod iris->@Inject::iris$resetTessellation(ILorg/spongepowered/asm/mixin/injection/callback/CallbackInfo;)V doesn't use it's CallbackInfo
[03Dec2024 13:19:25.270] [Render thread/DEBUG] [mixin/]: mixins.iris.json:MixinGlStateManager_FramebufferBinding from mod iris->@Inject::iris$avoidRedundantBind(IILorg/spongepowered/asm/mixin/injection/callback/CallbackInfo;)V does use it's CallbackInfo
[03Dec2024 13:19:25.270] [Render thread/DEBUG] [mixin/]: mixins.iris.json:MixinGlStateManager_FramebufferBinding from mod iris->@Inject::iris$avoidRedundantBind2(ILorg/spongepowered/asm/mixin/injection/callback/CallbackInfo;)V does use it's CallbackInfo
[03Dec2024 13:19:25.270] [Render thread/DEBUG] [mixin/]: mixins.iris.json:MixinGlStateManager_FramebufferBinding from mod iris->@Inject::iris$trackFramebufferDelete(ILorg/spongepowered/asm/mixin/injection/callback/CallbackInfo;)V doesn't use it's CallbackInfo
[03Dec2024 13:19:25.270] [Render thread/DEBUG] [mixin/]: mixins.iris.json:statelisteners.MixinGlStateManager from mod iris->@Inject::iris$onBlendFunc(IILorg/spongepowered/asm/mixin/injection/callback/CallbackInfo;)V doesn't use it's CallbackInfo
[03Dec2024 13:19:25.270] [Render thread/DEBUG] [mixin/]: mixins.iris.json:statelisteners.MixinGlStateManager from mod iris->@Inject::iris$onBlendFuncSeparate(IIIILorg/spongepowered/asm/mixin/injection/callback/CallbackInfo;)V doesn't use it's CallbackInfo
[03Dec2024 13:19:25.270] [Render thread/DEBUG] [mixin/]: mixins.iris.json:texture.MixinGlStateManager from mod iris->@Inject::iris$onTexImage2D(IIIIIIIILjava/nio/IntBuffer;Lorg/spongepowered/asm/mixin/injection/callback/CallbackInfo;)V doesn't use it's CallbackInfo
[03Dec2024 13:19:25.270] [Render thread/DEBUG] [mixin/]: mixins.iris.json:texture.MixinGlStateManager from mod iris->@Inject::iris$onDeleteTexture(ILorg/spongepowered/asm/mixin/injection/callback/CallbackInfo;)V doesn't use it's CallbackInfo
[03Dec2024 13:19:25.270] [Render thread/DEBUG] [mixin/]: mixins.iris.json:texture.MixinGlStateManager from mod iris->@Inject::iris$onDeleteTextures([ILorg/spongepowered/asm/mixin/injection/callback/CallbackInfo;)V doesn't use it's CallbackInfo
[03Dec2024 13:19:25.279] [Render thread/DEBUG] [mixin/]: Mixing MixinBooleanState from mixins.iris.json into com.mojang.blaze3d.platform.GlStateManager$BooleanState
[03Dec2024 13:19:25.279] [Render thread/DEBUG] [mixin/]: mixins.iris.json:MixinBooleanState from mod iris: Class version 65 required is higher than the class version supported by the current version of Mixin (JAVA_8 supports class version 52)
[03Dec2024 13:19:25.286] [Render thread/DEBUG] [mixin/]: Mixing statelisteners.BooleanStateAccessor from mixins.iris.json into com.mojang.blaze3d.platform.GlStateManager$BooleanState
[03Dec2024 13:19:25.286] [Render thread/DEBUG] [mixin/]: mixins.iris.json:statelisteners.BooleanStateAccessor from mod iris: Class version 65 required is higher than the class version supported by the current version of Mixin (JAVA_8 supports class version 52)
[03Dec2024 13:19:25.286] [Render thread/DEBUG] [mixin/]: mixins.iris.json:MixinBooleanState from mod iris->@Inject::iris$setUnknownState(ZLorg/spongepowered/asm/mixin/injection/callback/CallbackInfo;)V does use it's CallbackInfo
[03Dec2024 13:19:25.326] [Render thread/DEBUG] [mixin/]: Mixing features.textures.NativeImageAccessor from sodium.mixins.json into com.mojang.blaze3d.platform.NativeImage
[03Dec2024 13:19:25.327] [Render thread/DEBUG] [mixin/]: sodium.mixins.json:features.textures.NativeImageAccessor from mod sodium: Class version 65 required is higher than the class version supported by the current version of Mixin (JAVA_17 supports class version 61)
[03Dec2024 13:19:25.418] [Render thread/INFO] [Iris/]: Debug functionality is disabled.
[03Dec2024 13:19:25.424] [Render thread/INFO] [Iris/]: OpenGL 4.5 detected, enabling DSA.
[03Dec2024 13:19:25.447] [Render thread/DEBUG] [mixin/]: Mixing core.render.VertexFormatMixin from sodium.mixins.json into com.mojang.blaze3d.vertex.VertexFormat
[03Dec2024 13:19:25.447] [Render thread/DEBUG] [mixin/]: sodium.mixins.json:core.render.VertexFormatMixin from mod sodium: Class version 65 required is higher than the class version supported by the current version of Mixin (JAVA_17 supports class version 61)
[03Dec2024 13:19:25.449] [Render thread/DEBUG] [mixin/]: Mixing MixinVertexFormat from mixins.iris.vertexformat.json into com.mojang.blaze3d.vertex.VertexFormat
[03Dec2024 13:19:25.449] [Render thread/DEBUG] [mixin/]: mixins.iris.vertexformat.json:MixinVertexFormat from mod iris: Class version 65 required is higher than the class version supported by the current version of Mixin (JAVA_8 supports class version 52)
[03Dec2024 13:19:25.454] [Render thread/DEBUG] [mixin/]: sodium.mixins.json:core.render.VertexFormatMixin from mod sodium->@Inject::afterInit(Ljava/util/List;Ljava/util/List;Lit/unimi/dsi/fastutil/ints/IntList;ILorg/spongepowered/asm/mixin/injection/callback/CallbackInfo;)V doesn't use it's CallbackInfo
[03Dec2024 13:19:25.454] [Render thread/DEBUG] [mixin/]: sodium.mixins.json:core.render.VertexFormatMixin from mod sodium->@Inject::afterInit(Ljava/util/List;Ljava/util/List;Lit/unimi/dsi/fastutil/ints/IntList;ILorg/spongepowered/asm/mixin/injection/callback/CallbackInfo;)V has 0 override(s) in child classes
[03Dec2024 13:19:25.454] [Render thread/DEBUG] [mixin/]: sodium.mixins.json:core.render.VertexFormatMixin from mod sodium->@Inject::afterInit(Ljava/util/List;Ljava/util/List;Lit/unimi/dsi/fastutil/ints/IntList;ILorg/spongepowered/asm/mixin/injection/callback/CallbackInfo;)V won't be passed a CallbackInfo as a result
[03Dec2024 13:19:25.454] [Render thread/DEBUG] [mixin/]: mixins.iris.vertexformat.json:MixinVertexFormat from mod iris->@Inject::iris$onSetupBufferState(Lorg/spongepowered/asm/mixin/injection/callback/CallbackInfo;)V does use it's CallbackInfo
[03Dec2024 13:19:25.454] [Render thread/DEBUG] [mixin/]: mixins.iris.vertexformat.json:MixinVertexFormat from mod iris->@Inject::iris$onClearBufferState(Lorg/spongepowered/asm/mixin/injection/callback/CallbackInfo;)V does use it's CallbackInfo
[03Dec2024 13:19:25.457] [Render thread/DEBUG] [mixin/]: Mixing MixinVertexFormatElement from mixins.iris.vertexformat.json into com.mojang.blaze3d.vertex.VertexFormatElement
[03Dec2024 13:19:25.457] [Render thread/DEBUG] [mixin/]: mixins.iris.vertexformat.json:MixinVertexFormatElement from mod iris: Class version 65 required is higher than the class version supported by the current version of Mixin (JAVA_8 supports class version 52)
[03Dec2024 13:19:25.459] [Render thread/DEBUG] [mixin/]: mixins.iris.vertexformat.json:MixinVertexFormatElement from mod iris->@Inject::iris$fixGenericAttributes(ILcom/mojang/blaze3d/vertex/VertexFormatElement$Usage;Lorg/spongepowered/asm/mixin/injection/callback/CallbackInfoReturnable;)V does use it's CallbackInfoReturnable
[03Dec2024 13:19:25.468] [Render thread/INFO] [Iris/]: Shaders are disabled because no valid shaderpack is selected
[03Dec2024 13:19:25.499] [Render thread/DEBUG] [net.neoforged.fml.ModWorkManager/LOADING]: Using 12 threads for parallel mod-loading
[03Dec2024 13:19:25.512] [Render thread/DEBUG] [net.neoforged.fml.javafmlmod.FMLModContainer/LOADING]: Creating FMLModContainer instance for [org.sinytra.fabric.rendering_data_attachment_v1.generated.GeneratedEntryPoint]
[03Dec2024 13:19:25.514] [Render thread/DEBUG] [net.neoforged.fml.javafmlmod.FMLModContainer/LOADING]: Creating FMLModContainer instance for [com.awesomeshot5051.mobfarms.Main]
[03Dec2024 13:19:25.515] [Render thread/DEBUG] [net.neoforged.fml.javafmlmod.FMLModContainer/LOADING]: Creating FMLModContainer instance for [net.caffeinemc.mods.sodium.neoforge.SodiumForgeMod]
[03Dec2024 13:19:25.516] [Render thread/DEBUG] [net.neoforged.fml.javafmlmod.FMLModContainer/LOADING]: Creating FMLModContainer instance for [net.irisshaders.iris.platform.IrisForgeMod]
[03Dec2024 13:19:25.516] [Render thread/DEBUG] [net.neoforged.fml.javafmlmod.FMLModContainer/LOADING]: Creating FMLModContainer instance for []
[03Dec2024 13:19:25.516] [Render thread/DEBUG] [net.neoforged.fml.javafmlmod.FMLModContainer/LOADING]: Creating FMLModContainer instance for [org.sinytra.fabric.api_base.generated.GeneratedEntryPoint]
[03Dec2024 13:19:25.516] [Render thread/DEBUG] [net.neoforged.fml.javafmlmod.FMLModContainer/LOADING]: Creating FMLModContainer instance for [net.neoforged.neoforge.common.NeoForgeMod, net.neoforged.neoforge.client.ClientNeoForgeMod]
[03Dec2024 13:19:25.518] [Render thread/DEBUG] [net.neoforged.fml.javafmlmod.FMLModContainer/LOADING]: Creating FMLModContainer instance for [de.maxhenkel.corelib.dev.Main]
[03Dec2024 13:19:25.519] [Render thread/DEBUG] [net.neoforged.fml.javafmlmod.FMLModContainer/LOADING]: Creating FMLModContainer instance for [org.sinytra.fabric.block_view_api.generated.GeneratedEntryPoint]
[03Dec2024 13:19:25.523] [modloading-worker-0/DEBUG] [net.neoforged.fml.javafmlmod.AutomaticEventSubscriber/LOADING]: Attempting to inject @EventBusSubscriber classes into the eventbus for fabric_rendering_data_attachment_v1
[03Dec2024 13:19:25.523] [modloading-worker-0/DEBUG] [net.neoforged.fml.javafmlmod.AutomaticEventSubscriber/LOADING]: Attempting to inject @EventBusSubscriber classes into the eventbus for fabric_renderer_api_v1
[03Dec2024 13:19:25.524] [modloading-worker-0/DEBUG] [net.neoforged.fml.javafmlmod.AutomaticEventSubscriber/LOADING]: Attempting to inject @EventBusSubscriber classes into the eventbus for fabric_api_base
[03Dec2024 13:19:25.525] [modloading-worker-0/DEBUG] [net.neoforged.fml.javafmlmod.AutomaticEventSubscriber/LOADING]: Attempting to inject @EventBusSubscriber classes into the eventbus for corelib
[03Dec2024 13:19:25.525] [modloading-worker-0/DEBUG] [net.neoforged.fml.javafmlmod.AutomaticEventSubscriber/LOADING]: Attempting to inject @EventBusSubscriber classes into the eventbus for fabric_block_view_api_v2
[03Dec2024 13:19:25.528] [modloading-worker-0/DEBUG] [mixin/]: Mixing rendertype.RenderTypeAccessor from mixins.iris.json into net.minecraft.client.renderer.RenderType
[03Dec2024 13:19:25.528] [modloading-worker-0/DEBUG] [mixin/]: mixins.iris.json:rendertype.RenderTypeAccessor from mod iris: Class version 65 required is higher than the class version supported by the current version of Mixin (JAVA_8 supports class version 52)
[03Dec2024 13:19:25.529] [modloading-worker-0/DEBUG] [mixin/]: Mixing MixinRenderType from iris-batched-entity-rendering.mixins.json into net.minecraft.client.renderer.RenderType
[03Dec2024 13:19:25.529] [modloading-worker-0/DEBUG] [mixin/]: iris-batched-entity-rendering.mixins.json:MixinRenderType from mod iris: Class version 65 required is higher than the class version supported by the current version of Mixin (JAVA_8 supports class version 52)
[03Dec2024 13:19:25.530] [modloading-worker-0/DEBUG] [mixin/]: Mixing RenderTypeAccessor from iris-batched-entity-rendering.mixins.json into net.minecraft.client.renderer.RenderType
[03Dec2024 13:19:25.530] [modloading-worker-0/DEBUG] [mixin/]: iris-batched-entity-rendering.mixins.json:RenderTypeAccessor from mod iris: Class version 65 required is higher than the class version supported by the current version of Mixin (JAVA_8 supports class version 52)
[03Dec2024 13:19:25.530] [modloading-worker-0/DEBUG] [mixin/]: Unexpected: Registered method shouldSortOnUpload()Z in net.minecraft.client.renderer.RenderType was not merged
[03Dec2024 13:19:25.532] [modloading-worker-0/DEBUG] [net.neoforged.fml.javafmlmod.AutomaticEventSubscriber/LOADING]: Attempting to inject @EventBusSubscriber classes into the eventbus for iris
[03Dec2024 13:19:25.534] [modloading-worker-0/DEBUG] [mixin/]: Mixing rendertype.RenderStateShardAccessor from mixins.iris.json into net.minecraft.client.renderer.RenderStateShard
[03Dec2024 13:19:25.534] [modloading-worker-0/DEBUG] [mixin/]: mixins.iris.json:rendertype.RenderStateShardAccessor from mod iris: Class version 65 required is higher than the class version supported by the current version of Mixin (JAVA_8 supports class version 52)
[03Dec2024 13:19:25.534] [modloading-worker-0/DEBUG] [mixin/]: Renaming @Accessor method getTranslucentTransparency()Lnet/minecraft/client/renderer/RenderStateShard$TransparencyStateShard; to getTranslucentTransparency$iris_$md$ec2fbb$0 in mixins.iris.json:rendertype.RenderStateShardAccessor from mod iris
[03Dec2024 13:19:25.534] [modloading-worker-0/DEBUG] [mixin/]: Mixing RenderStateShardAccessor from iris-batched-entity-rendering.mixins.json into net.minecraft.client.renderer.RenderStateShard
[03Dec2024 13:19:25.534] [modloading-worker-0/DEBUG] [mixin/]: iris-batched-entity-rendering.mixins.json:RenderStateShardAccessor from mod iris: Class version 65 required is higher than the class version supported by the current version of Mixin (JAVA_8 supports class version 52)
[03Dec2024 13:19:25.534] [modloading-worker-0/DEBUG] [mixin/]: Renaming @Accessor method getNO_TRANSPARENCY()Lnet/minecraft/client/renderer/RenderStateShard$TransparencyStateShard; to getNO_TRANSPARENCY$iris_$md$ec2fbb$1 in iris-batched-entity-rendering.mixins.json:RenderStateShardAccessor from mod iris
[03Dec2024 13:19:25.534] [modloading-worker-0/DEBUG] [mixin/]: Renaming @Accessor method getGLINT_TRANSPARENCY()Lnet/minecraft/client/renderer/RenderStateShard$TransparencyStateShard; to getGLINT_TRANSPARENCY$iris_$md$ec2fbb$2 in iris-batched-entity-rendering.mixins.json:RenderStateShardAccessor from mod iris
[03Dec2024 13:19:25.534] [modloading-worker-0/DEBUG] [mixin/]: Renaming @Accessor method getCRUMBLING_TRANSPARENCY()Lnet/minecraft/client/renderer/RenderStateShard$TransparencyStateShard; to getCRUMBLING_TRANSPARENCY$iris_$md$ec2fbb$3 in iris-batched-entity-rendering.mixins.json:RenderStateShardAccessor from mod iris
[03Dec2024 13:19:25.539] [modloading-worker-0/DEBUG] [mixin/]: Mixing MixinCompositeRenderType from iris-batched-entity-rendering.mixins.json into net.minecraft.client.renderer.RenderType$CompositeRenderType
[03Dec2024 13:19:25.539] [modloading-worker-0/DEBUG] [mixin/]: iris-batched-entity-rendering.mixins.json:MixinCompositeRenderType from mod iris: Class version 65 required is higher than the class version supported by the current version of Mixin (JAVA_8 supports class version 52)
[03Dec2024 13:19:25.541] [modloading-worker-0/DEBUG] [mixin/]: iris-batched-entity-rendering.mixins.json:MixinCompositeRenderType from mod iris->@Inject::batchedentityrendering$onCompositeInit(Ljava/lang/String;Lcom/mojang/blaze3d/vertex/VertexFormat;Lcom/mojang/blaze3d/vertex/VertexFormat$Mode;IZZLnet/minecraft/client/renderer/RenderType$CompositeState;Lorg/spongepowered/asm/mixin/injection/callback/CallbackInfo;)V doesn't use it's CallbackInfo
[03Dec2024 13:19:25.546] [modloading-worker-0/DEBUG] [net.neoforged.neoforge.internal.versions.neoforge.NeoForgeVersion/CORE]: Found NeoForge version 21.3.11-beta
[03Dec2024 13:19:25.546] [modloading-worker-0/DEBUG] [net.neoforged.neoforge.internal.versions.neoforge.NeoForgeVersion/CORE]: Found FML version 5.0.1
[03Dec2024 13:19:25.546] [modloading-worker-0/INFO] [net.neoforged.neoforge.common.NeoForgeMod/NEOFORGE-MOD]: NeoForge mod loading, version 21.3.11-beta, for MC 1.21.3
[03Dec2024 13:19:25.548] [modloading-worker-0/DEBUG] [mixin/]: Mixing core.render.TextureAtlasMixin from sodium.mixins.json into net.minecraft.client.renderer.texture.TextureAtlas
[03Dec2024 13:19:25.548] [modloading-worker-0/DEBUG] [mixin/]: sodium.mixins.json:core.render.TextureAtlasMixin from mod sodium: Class version 65 required is higher than the class version supported by the current version of Mixin (JAVA_17 supports class version 61)
[03Dec2024 13:19:25.548] [modloading-worker-0/DEBUG] [mixin/]: Mixing core.render.texture.TextureAtlasAccessor from sodium.mixins.json into net.minecraft.client.renderer.texture.TextureAtlas
[03Dec2024 13:19:25.550] [modloading-worker-0/DEBUG] [mixin/]: sodium.mixins.json:core.render.texture.TextureAtlasAccessor from mod sodium: Class version 65 required is higher than the class version supported by the current version of Mixin (JAVA_17 supports class version 61)
[03Dec2024 13:19:25.550] [modloading-worker-0/DEBUG] [mixin/]: Mixing features.textures.animations.tracking.TextureAtlasMixin from sodium.mixins.json into net.minecraft.client.renderer.texture.TextureAtlas
[03Dec2024 13:19:25.550] [modloading-worker-0/DEBUG] [mixin/]: sodium.mixins.json:features.textures.animations.tracking.TextureAtlasMixin from mod sodium: Class version 65 required is higher than the class version supported by the current version of Mixin (JAVA_17 supports class version 61)
[03Dec2024 13:19:25.550] [modloading-worker-0/DEBUG] [mixin/]: Mixing texture.TextureAtlasAccessor from mixins.iris.json into net.minecraft.client.renderer.texture.TextureAtlas
[03Dec2024 13:19:25.550] [modloading-worker-0/DEBUG] [mixin/]: mixins.iris.json:texture.TextureAtlasAccessor from mod iris: Class version 65 required is higher than the class version supported by the current version of Mixin (JAVA_8 supports class version 52)
[03Dec2024 13:19:25.550] [modloading-worker-0/DEBUG] [mixin/]: Mixing texture.pbr.MixinTextureAtlas from mixins.iris.json into net.minecraft.client.renderer.texture.TextureAtlas
[03Dec2024 13:19:25.550] [modloading-worker-0/DEBUG] [mixin/]: mixins.iris.json:texture.pbr.MixinTextureAtlas from mod iris: Class version 65 required is higher than the class version supported by the current version of Mixin (JAVA_8 supports class version 52)
[03Dec2024 13:19:25.551] [modloading-worker-0/DEBUG] [mixin/]: Mixing client.SpriteAtlasTextureMixin from fabric-renderer-api-v1.mixins.json into net.minecraft.client.renderer.texture.TextureAtlas
[03Dec2024 13:19:25.551] [modloading-worker-0/DEBUG] [mixin/]: fabric-renderer-api-v1.mixins.json:client.SpriteAtlasTextureMixin from mod fabric_renderer_api_v1: Class version 65 required is higher than the class version supported by the current version of Mixin (JAVA_17 supports class version 61)
[03Dec2024 13:19:25.553] [modloading-worker-0/DEBUG] [mixin/]: sodium.mixins.json:core.render.TextureAtlasMixin from mod sodium->@Inject::sodium$deleteSpriteFinder(Lnet/minecraft/client/renderer/texture/SpriteLoader$Preparations;Lorg/spongepowered/asm/mixin/injection/callback/CallbackInfo;)V doesn't use it's CallbackInfo
[03Dec2024 13:19:25.554] [modloading-worker-0/DEBUG] [mixin/]: sodium.mixins.json:core.render.TextureAtlasMixin from mod sodium->@Inject::sodium$deleteSpriteFinder(Lnet/minecraft/client/renderer/texture/SpriteLoader$Preparations;Lorg/spongepowered/asm/mixin/injection/callback/CallbackInfo;)V has 0 override(s) in child classes
[03Dec2024 13:19:25.554] [modloading-worker-0/DEBUG] [mixin/]: sodium.mixins.json:core.render.TextureAtlasMixin from mod sodium->@Inject::sodium$deleteSpriteFinder(Lnet/minecraft/client/renderer/texture/SpriteLoader$Preparations;Lorg/spongepowered/asm/mixin/injection/callback/CallbackInfo;)V won't be passed a CallbackInfo as a result
[03Dec2024 13:19:25.554] [modloading-worker-0/DEBUG] [mixin/]: sodium.mixins.json:features.textures.animations.tracking.TextureAtlasMixin from mod sodium->@Inject::preReturnSprite(Lorg/spongepowered/asm/mixin/injection/callback/CallbackInfoReturnable;)V does use it's CallbackInfoReturnable
[03Dec2024 13:19:25.554] [modloading-worker-0/DEBUG] [mixin/]: mixins.iris.json:texture.pbr.MixinTextureAtlas from mod iris->@Inject::iris$onTailCycleAnimationFrames(Lorg/spongepowered/asm/mixin/injection/callback/CallbackInfo;)V doesn't use it's CallbackInfo
[03Dec2024 13:19:25.554] [modloading-worker-0/DEBUG] [mixin/]: mixins.iris.json:texture.pbr.MixinTextureAtlas from mod iris->@Inject::iris$onTailCycleAnimationFrames(Lorg/spongepowered/asm/mixin/injection/callback/CallbackInfo;)V has 0 override(s) in child classes
[03Dec2024 13:19:25.554] [modloading-worker-0/DEBUG] [mixin/]: mixins.iris.json:texture.pbr.MixinTextureAtlas from mod iris->@Inject::iris$onTailCycleAnimationFrames(Lorg/spongepowered/asm/mixin/injection/callback/CallbackInfo;)V won't be passed a CallbackInfo as a result
[03Dec2024 13:19:25.554] [modloading-worker-0/DEBUG] [mixin/]: fabric-renderer-api-v1.mixins.json:client.SpriteAtlasTextureMixin from mod fabric_renderer_api_v1->@Inject::uploadHook(Lnet/minecraft/client/renderer/texture/SpriteLoader$Preparations;Lorg/spongepowered/asm/mixin/injection/callback/CallbackInfo;)V doesn't use it's CallbackInfo
[03Dec2024 13:19:25.554] [modloading-worker-0/DEBUG] [mixin/]: fabric-renderer-api-v1.mixins.json:client.SpriteAtlasTextureMixin from mod fabric_renderer_api_v1->@Inject::uploadHook(Lnet/minecraft/client/renderer/texture/SpriteLoader$Preparations;Lorg/spongepowered/asm/mixin/injection/callback/CallbackInfo;)V has 0 override(s) in child classes
[03Dec2024 13:19:25.554] [modloading-worker-0/DEBUG] [mixin/]: fabric-renderer-api-v1.mixins.json:client.SpriteAtlasTextureMixin from mod fabric_renderer_api_v1->@Inject::uploadHook(Lnet/minecraft/client/renderer/texture/SpriteLoader$Preparations;Lorg/spongepowered/asm/mixin/injection/callback/CallbackInfo;)V won't be passed a CallbackInfo as a result
[03Dec2024 13:19:25.554] [modloading-worker-0/DEBUG] [mixin/]: Unexpected: Registered method getTexturesByName()Ljava/util/Map; in net.minecraft.client.renderer.texture.TextureAtlas was not merged
[03Dec2024 13:19:25.568] [modloading-worker-0/DEBUG] [mixin/]: Mixing CompositeStateAccessor from iris-batched-entity-rendering.mixins.json into net.minecraft.client.renderer.RenderType$CompositeState
[03Dec2024 13:19:25.568] [modloading-worker-0/DEBUG] [mixin/]: iris-batched-entity-rendering.mixins.json:CompositeStateAccessor from mod iris: Class version 65 required is higher than the class version supported by the current version of Mixin (JAVA_8 supports class version 52)
[03Dec2024 13:19:25.572] [modloading-worker-0/DEBUG] [net.neoforged.fml.config.ConfigTracker/CONFIG]: Config file neoforge-client.toml for neoforge tracking
[03Dec2024 13:19:25.572] [modloading-worker-0/DEBUG] [net.neoforged.fml.config.ConfigTracker/CONFIG]: Config file neoforge-server.toml for neoforge tracking
[03Dec2024 13:19:25.572] [modloading-worker-0/DEBUG] [net.neoforged.fml.config.ConfigTracker/CONFIG]: Config file neoforge-common.toml for neoforge tracking
[03Dec2024 13:19:25.576] [modloading-worker-0/DEBUG] [mixin/]: Mixing features.render.frapi.ItemRendererMixin from sodium.mixins.json into net.minecraft.client.renderer.entity.ItemRenderer
[03Dec2024 13:19:25.576] [modloading-worker-0/DEBUG] [mixin/]: sodium.mixins.json:features.render.frapi.ItemRendererMixin from mod sodium: Class version 65 required is higher than the class version supported by the current version of Mixin (JAVA_17 supports class version 61)
[03Dec2024 13:19:25.576] [modloading-worker-0/DEBUG] [mixin/]: Renaming synthetic method lambda$new$0()Lnet/caffeinemc/mods/sodium/client/render/frapi/render/ItemRenderContext; to mdec2fbb$sodium$lambda$new$0$0 in sodium.mixins.json:features.render.frapi.ItemRendererMixin from mod sodium
[03Dec2024 13:19:25.577] [modloading-worker-0/DEBUG] [mixin/]: Mixing features.render.frapi.ItemRendererAccessor from sodium.mixins.json into net.minecraft.client.renderer.entity.ItemRenderer
[03Dec2024 13:19:25.577] [modloading-worker-0/DEBUG] [mixin/]: sodium.mixins.json:features.render.frapi.ItemRendererAccessor from mod sodium: Class version 65 required is higher than the class version supported by the current version of Mixin (JAVA_17 supports class version 61)
[03Dec2024 13:19:25.577] [modloading-worker-0/DEBUG] [mixin/]: Renaming @Invoker method sodium$hasAnimatedTexture(Lnet/minecraft/world/item/ItemStack;)Z to hasAnimatedTexture$sodium_$md$ec2fbb$1 in sodium.mixins.json:features.render.frapi.ItemRendererAccessor from mod sodium
[03Dec2024 13:19:25.577] [modloading-worker-0/DEBUG] [mixin/]: Mixing features.render.model.item.ItemRendererMixin from sodium.mixins.json into net.minecraft.client.renderer.entity.ItemRenderer
[03Dec2024 13:19:25.578] [modloading-worker-0/DEBUG] [mixin/]: sodium.mixins.json:features.render.model.item.ItemRendererMixin from mod sodium: Class version 65 required is higher than the class version supported by the current version of Mixin (JAVA_17 supports class version 61)
[03Dec2024 13:19:25.581] [modloading-worker-0/DEBUG] [mixin/]: Mixing entity_render_context.MixinItemRenderer from mixins.iris.json into net.minecraft.client.renderer.entity.ItemRenderer
[03Dec2024 13:19:25.581] [modloading-worker-0/DEBUG] [mixin/]: mixins.iris.json:entity_render_context.MixinItemRenderer from mod iris: Class version 65 required is higher than the class version supported by the current version of Mixin (JAVA_8 supports class version 52)
[03Dec2024 13:19:25.588] [modloading-worker-0/DEBUG] [mixin/]: sodium.mixins.json:features.render.frapi.ItemRendererMixin from mod sodium->@Inject::beforeRenderItem(Lnet/minecraft/world/item/ItemStack;Lnet/minecraft/world/item/ItemDisplayContext;Lcom/mojang/blaze3d/vertex/PoseStack;Lnet/minecraft/client/renderer/MultiBufferSource;IILnet/minecraft/client/resources/model/BakedModel;ZLorg/spongepowered/asm/mixin/injection/callback/CallbackInfo;)V does use it's CallbackInfo
[03Dec2024 13:19:25.588] [modloading-worker-0/DEBUG] [mixin/]: sodium.mixins.json:features.render.model.item.ItemRendererMixin from mod sodium->@Inject::renderModelFast(Lnet/minecraft/client/resources/model/BakedModel;Lnet/minecraft/world/item/ItemStack;IILcom/mojang/blaze3d/vertex/PoseStack;Lcom/mojang/blaze3d/vertex/VertexConsumer;Lorg/spongepowered/asm/mixin/injection/callback/CallbackInfo;)V does use it's CallbackInfo
[03Dec2024 13:19:25.588] [modloading-worker-0/DEBUG] [mixin/]: mixins.iris.json:entity_render_context.MixinItemRenderer from mod iris->@Inject::changeId(Lnet/minecraft/world/item/ItemStack;Lnet/minecraft/world/item/ItemDisplayContext;ZLcom/mojang/blaze3d/vertex/PoseStack;Lnet/minecraft/client/renderer/MultiBufferSource;IILnet/minecraft/client/resources/model/BakedModel;Lorg/spongepowered/asm/mixin/injection/callback/CallbackInfo;)V doesn't use it's CallbackInfo
[03Dec2024 13:19:25.588] [modloading-worker-0/DEBUG] [mixin/]: mixins.iris.json:entity_render_context.MixinItemRenderer from mod iris->@Inject::changeId(Lnet/minecraft/world/item/ItemStack;Lnet/minecraft/world/item/ItemDisplayContext;ZLcom/mojang/blaze3d/vertex/PoseStack;Lnet/minecraft/client/renderer/MultiBufferSource;IILnet/minecraft/client/resources/model/BakedModel;Lorg/spongepowered/asm/mixin/injection/callback/CallbackInfo;)V has 0 override(s) in child classes
[03Dec2024 13:19:25.588] [modloading-worker-0/DEBUG] [mixin/]: mixins.iris.json:entity_render_context.MixinItemRenderer from mod iris->@Inject::changeId(Lnet/minecraft/world/item/ItemStack;Lnet/minecraft/world/item/ItemDisplayContext;ZLcom/mojang/blaze3d/vertex/PoseStack;Lnet/minecraft/client/renderer/MultiBufferSource;IILnet/minecraft/client/resources/model/BakedModel;Lorg/spongepowered/asm/mixin/injection/callback/CallbackInfo;)V won't be passed a CallbackInfo as a result
[03Dec2024 13:19:25.588] [modloading-worker-0/DEBUG] [mixin/]: mixins.iris.json:entity_render_context.MixinItemRenderer from mod iris->@Inject::changeId3(Lorg/spongepowered/asm/mixin/injection/callback/CallbackInfo;)V doesn't use it's CallbackInfo
[03Dec2024 13:19:25.588] [modloading-worker-0/DEBUG] [mixin/]: mixins.iris.json:entity_render_context.MixinItemRenderer from mod iris->@Inject::changeId3(Lorg/spongepowered/asm/mixin/injection/callback/CallbackInfo;)V has 0 override(s) in child classes
[03Dec2024 13:19:25.588] [modloading-worker-0/DEBUG] [mixin/]: mixins.iris.json:entity_render_context.MixinItemRenderer from mod iris->@Inject::changeId3(Lorg/spongepowered/asm/mixin/injection/callback/CallbackInfo;)V won't be passed a CallbackInfo as a result
[03Dec2024 13:19:25.594] [modloading-worker-0/DEBUG] [mixin/]: Mixing MixinTheEndPortalRenderer from mixins.iris.json into net.minecraft.client.renderer.blockentity.TheEndPortalRenderer
[03Dec2024 13:19:25.595] [modloading-worker-0/DEBUG] [mixin/]: mixins.iris.json:MixinTheEndPortalRenderer from mod iris: Class version 65 required is higher than the class version supported by the current version of Mixin (JAVA_8 supports class version 52)
[03Dec2024 13:19:25.599] [modloading-worker-0/DEBUG] [mixin/]: mixins.iris.json:MixinTheEndPortalRenderer from mod iris->@Inject::iris$onRender(Lnet/minecraft/world/level/block/entity/TheEndPortalBlockEntity;FLcom/mojang/blaze3d/vertex/PoseStack;Lnet/minecraft/client/renderer/MultiBufferSource;IILorg/spongepowered/asm/mixin/injection/callback/CallbackInfo;)V does use it's CallbackInfo
[03Dec2024 13:19:25.604] [modloading-worker-0/DEBUG] [mixin/]: Mixing features.options.overlays.GuiMixin from sodium.mixins.json into net.minecraft.client.gui.Gui
[03Dec2024 13:19:25.605] [modloading-worker-0/DEBUG] [mixin/]: sodium.mixins.json:features.options.overlays.GuiMixin from mod sodium: Class version 65 required is higher than the class version supported by the current version of Mixin (JAVA_17 supports class version 61)
[03Dec2024 13:19:25.605] [modloading-worker-0/DEBUG] [mixin/]: Mixing gui.MixinGui from mixins.iris.json into net.minecraft.client.gui.Gui
[03Dec2024 13:19:25.605] [modloading-worker-0/DEBUG] [mixin/]: mixins.iris.json:gui.MixinGui from mod iris: Class version 65 required is higher than the class version supported by the current version of Mixin (JAVA_8 supports class version 52)
[03Dec2024 13:19:25.607] [modloading-worker-0/DEBUG] [mixin/]: mixins.iris.json:gui.MixinGui from mod iris->@Inject::iris$handleHudHidingScreens(Lnet/minecraft/client/gui/GuiGraphics;Lnet/minecraft/client/DeltaTracker;Lorg/spongepowered/asm/mixin/injection/callback/CallbackInfo;)V does use it's CallbackInfo
[03Dec2024 13:19:25.607] [modloading-worker-0/DEBUG] [mixin/]: mixins.iris.json:gui.MixinGui from mod iris->@Inject::iris$disableVignetteRendering(Lnet/minecraft/client/gui/GuiGraphics;Lnet/minecraft/world/entity/Entity;Lorg/spongepowered/asm/mixin/injection/callback/CallbackInfo;)V does use it's CallbackInfo
[03Dec2024 13:19:25.616] [modloading-worker-0/DEBUG] [net.neoforged.fml.javafmlmod.AutomaticEventSubscriber/LOADING]: Attempting to inject @EventBusSubscriber classes into the eventbus for sodium
[03Dec2024 13:19:25.645] [modloading-worker-0/DEBUG] [net.neoforged.fml.javafmlmod.AutomaticEventSubscriber/LOADING]: Attempting to inject @EventBusSubscriber classes into the eventbus for neoforge
[03Dec2024 13:19:25.647] [modloading-worker-0/DEBUG] [net.neoforged.fml.javafmlmod.AutomaticEventSubscriber/LOADING]: Auto-subscribing net.neoforged.neoforge.server.command.ConfigCommand to GAME
[03Dec2024 13:19:25.647] [modloading-worker-0/DEBUG] [net.neoforged.fml.javafmlmod.AutomaticEventSubscriber/LOADING]: Auto-subscribing net.neoforged.neoforge.network.filters.GenericPacketSplitter to MOD
[03Dec2024 13:19:25.667] [modloading-worker-0/DEBUG] [io.netty.buffer.AbstractByteBuf/]: -Dio.netty.buffer.checkAccessible: true
[03Dec2024 13:19:25.667] [modloading-worker-0/DEBUG] [io.netty.buffer.AbstractByteBuf/]: -Dio.netty.buffer.checkBounds: true
[03Dec2024 13:19:25.667] [modloading-worker-0/DEBUG] [net.neoforged.fml.config.ConfigTracker/CONFIG]: Config file mob_farms-server.toml for mob_farms tracking
[03Dec2024 13:19:25.667] [modloading-worker-0/DEBUG] [io.netty.util.ResourceLeakDetectorFactory/]: Loaded default ResourceLeakDetector: io.netty.util.ResourceLeakDetector@1aa1f93c
[03Dec2024 13:19:25.668] [modloading-worker-0/DEBUG] [net.neoforged.fml.config.ConfigTracker/CONFIG]: Config file mob_farms-client.toml for mob_farms tracking
[03Dec2024 13:19:25.671] [modloading-worker-0/DEBUG] [net.neoforged.fml.javafmlmod.AutomaticEventSubscriber/LOADING]: Attempting to inject @EventBusSubscriber classes into the eventbus for mob_farms
[03Dec2024 13:19:25.674] [modloading-worker-0/DEBUG] [io.netty.util.internal.InternalThreadLocalMap/]: -Dio.netty.threadLocalMap.stringBuilder.initialSize: 1024
[03Dec2024 13:19:25.674] [modloading-worker-0/DEBUG] [io.netty.util.internal.InternalThreadLocalMap/]: -Dio.netty.threadLocalMap.stringBuilder.maxSize: 4096
[03Dec2024 13:19:25.676] [modloading-worker-0/DEBUG] [io.netty.buffer.PooledByteBufAllocator/]: -Dio.netty.allocator.numHeapArenas: 24
[03Dec2024 13:19:25.676] [modloading-worker-0/DEBUG] [io.netty.buffer.PooledByteBufAllocator/]: -Dio.netty.allocator.numDirectArenas: 24
[03Dec2024 13:19:25.676] [modloading-worker-0/DEBUG] [io.netty.buffer.PooledByteBufAllocator/]: -Dio.netty.allocator.pageSize: 8192
[03Dec2024 13:19:25.676] [modloading-worker-0/DEBUG] [io.netty.buffer.PooledByteBufAllocator/]: -Dio.netty.allocator.maxOrder: 9
[03Dec2024 13:19:25.676] [modloading-worker-0/DEBUG] [io.netty.buffer.PooledByteBufAllocator/]: -Dio.netty.allocator.chunkSize: 4194304
[03Dec2024 13:19:25.676] [modloading-worker-0/DEBUG] [io.netty.buffer.PooledByteBufAllocator/]: -Dio.netty.allocator.smallCacheSize: 256
[03Dec2024 13:19:25.676] [modloading-worker-0/DEBUG] [io.netty.buffer.PooledByteBufAllocator/]: -Dio.netty.allocator.normalCacheSize: 64
[03Dec2024 13:19:25.676] [modloading-worker-0/DEBUG] [io.netty.buffer.PooledByteBufAllocator/]: -Dio.netty.allocator.maxCachedBufferCapacity: 32768
[03Dec2024 13:19:25.676] [modloading-worker-0/DEBUG] [io.netty.buffer.PooledByteBufAllocator/]: -Dio.netty.allocator.cacheTrimInterval: 8192
[03Dec2024 13:19:25.676] [modloading-worker-0/DEBUG] [io.netty.buffer.PooledByteBufAllocator/]: -Dio.netty.allocator.cacheTrimIntervalMillis: 0
[03Dec2024 13:19:25.676] [modloading-worker-0/DEBUG] [io.netty.buffer.PooledByteBufAllocator/]: -Dio.netty.allocator.useCacheForAllThreads: false
[03Dec2024 13:19:25.676] [modloading-worker-0/DEBUG] [io.netty.buffer.PooledByteBufAllocator/]: -Dio.netty.allocator.maxCachedByteBuffersPerChunk: 1023
[03Dec2024 13:19:25.683] [modloading-worker-0/DEBUG] [io.netty.buffer.ByteBufUtil/]: -Dio.netty.allocator.type: pooled
[03Dec2024 13:19:25.683] [modloading-worker-0/DEBUG] [io.netty.buffer.ByteBufUtil/]: -Dio.netty.threadLocalDirectBufferSize: 0
[03Dec2024 13:19:25.683] [modloading-worker-0/DEBUG] [io.netty.buffer.ByteBufUtil/]: -Dio.netty.maxThreadLocalCharBufferSize: 16384
[03Dec2024 13:19:25.689] [modloading-worker-0/DEBUG] [net.neoforged.fml.javafmlmod.AutomaticEventSubscriber/LOADING]: Auto-subscribing net.neoforged.neoforge.network.NetworkInitialization to MOD
[03Dec2024 13:19:25.689] [modloading-worker-0/DEBUG] [net.neoforged.fml.javafmlmod.AutomaticEventSubscriber/LOADING]: Auto-subscribing net.neoforged.neoforge.network.ConfigurationInitialization to MOD
[03Dec2024 13:19:25.691] [modloading-worker-0/DEBUG] [net.neoforged.fml.javafmlmod.AutomaticEventSubscriber/LOADING]: Auto-subscribing net.neoforged.neoforge.common.MonsterRoomHooks to GAME
[03Dec2024 13:19:25.691] [modloading-worker-0/DEBUG] [net.neoforged.fml.javafmlmod.AutomaticEventSubscriber/LOADING]: Auto-subscribing net.neoforged.neoforge.common.DeferredSpawnEggItem$CommonHandler to MOD
[03Dec2024 13:19:25.692] [modloading-worker-0/DEBUG] [net.neoforged.fml.javafmlmod.AutomaticEventSubscriber/LOADING]: Auto-subscribing net.neoforged.neoforge.common.DeferredSpawnEggItem$ColorRegisterHandler to MOD
[03Dec2024 13:19:25.694] [modloading-worker-0/DEBUG] [net.neoforged.fml.javafmlmod.AutomaticEventSubscriber/LOADING]: Auto-subscribing net.neoforged.neoforge.client.model.data.ModelDataManager to GAME
[03Dec2024 13:19:25.694] [modloading-worker-0/DEBUG] [mixin/]: Mixing ModelDataMixin from sodium-forge.mixins.json into net.neoforged.neoforge.client.model.data.ModelData
[03Dec2024 13:19:25.694] [modloading-worker-0/DEBUG] [mixin/]: sodium-forge.mixins.json:ModelDataMixin from mod sodium: Class version 65 required is higher than the class version supported by the current version of Mixin (JAVA_17 supports class version 61)
[03Dec2024 13:19:25.696] [modloading-worker-0/DEBUG] [net.neoforged.fml.javafmlmod.AutomaticEventSubscriber/LOADING]: Auto-subscribing net.neoforged.neoforge.client.ParticleBoundsDebugRenderer to GAME
[03Dec2024 13:19:25.697] [modloading-worker-0/DEBUG] [mixin/]: Mixing features.render.immediate.matrix_stack.PoseStackMixin from sodium.mixins.json into com.mojang.blaze3d.vertex.PoseStack
[03Dec2024 13:19:25.697] [modloading-worker-0/DEBUG] [mixin/]: sodium.mixins.json:features.render.immediate.matrix_stack.PoseStackMixin from mod sodium: Class version 65 required is higher than the class version supported by the current version of Mixin (JAVA_17 supports class version 61)
[03Dec2024 13:19:25.708] [modloading-worker-0/DEBUG] [net.neoforged.fml.javafmlmod.AutomaticEventSubscriber/LOADING]: Auto-subscribing net.neoforged.neoforge.client.ClientHooks$ClientEvents to MOD
[03Dec2024 13:19:25.709] [modloading-worker-0/DEBUG] [net.neoforged.fml.javafmlmod.AutomaticEventSubscriber/LOADING]: Auto-subscribing net.neoforged.neoforge.client.BlockEntityRenderBoundsDebugRenderer to GAME
[03Dec2024 13:19:25.710] [modloading-worker-0/DEBUG] [net.neoforged.fml.javafmlmod.AutomaticEventSubscriber/LOADING]: Auto-subscribing net.neoforged.neoforge.attachment.AttachmentInternals to GAME
[03Dec2024 13:19:25.731] [ForkJoinPool.commonPool-worker-4/WARN] [Iris/]: [Iris Update Check] This version doesn't have an update index, skipping.
[03Dec2024 13:19:25.864] [modloading-sync-worker/DEBUG] [net.neoforged.fml.config.ConfigTracker/CONFIG]: Loading configs type CLIENT
[03Dec2024 13:19:25.867] [modloading-sync-worker/DEBUG] [net.neoforged.neoforge.common.NeoForgeConfig/FORGEMOD]: Loaded NeoForge config file neoforge-client.toml
[03Dec2024 13:19:25.867] [modloading-sync-worker/DEBUG] [net.neoforged.fml.config.ConfigTracker/CONFIG]: Loaded TOML config file D:\MCreatorWorkspaces\mobFarms\MobFarms\run\config\neoforge-client.toml
[03Dec2024 13:19:25.874] [modloading-sync-worker/DEBUG] [net.neoforged.fml.config.ConfigTracker/CONFIG]: Watching TOML config file D:\MCreatorWorkspaces\mobFarms\MobFarms\run\config\neoforge-client.toml for changes
[03Dec2024 13:19:25.875] [modloading-sync-worker/DEBUG] [net.neoforged.fml.config.ConfigTracker/CONFIG]: Loaded TOML config file D:\MCreatorWorkspaces\mobFarms\MobFarms\run\config\mob_farms-client.toml
[03Dec2024 13:19:25.876] [modloading-sync-worker/DEBUG] [net.neoforged.fml.config.ConfigTracker/CONFIG]: Watching TOML config file D:\MCreatorWorkspaces\mobFarms\MobFarms\run\config\mob_farms-client.toml for changes
[03Dec2024 13:19:25.876] [modloading-sync-worker/DEBUG] [net.neoforged.fml.config.ConfigTracker/CONFIG]: Loading configs type COMMON
[03Dec2024 13:19:25.876] [modloading-sync-worker/DEBUG] [net.neoforged.neoforge.common.NeoForgeConfig/FORGEMOD]: Loaded NeoForge config file neoforge-common.toml
[03Dec2024 13:19:25.876] [modloading-sync-worker/DEBUG] [net.neoforged.fml.config.ConfigTracker/CONFIG]: Loaded TOML config file D:\MCreatorWorkspaces\mobFarms\MobFarms\run\config\neoforge-common.toml
[03Dec2024 13:19:25.876] [modloading-sync-worker/DEBUG] [net.neoforged.fml.config.ConfigTracker/CONFIG]: Watching TOML config file D:\MCreatorWorkspaces\mobFarms\MobFarms\run\config\neoforge-common.toml for changes
[03Dec2024 13:19:25.877] [Render thread/DEBUG] [mixin/]: Mixing ResourcePackLoaderMixin from sodium-forge.mixins.json into net.neoforged.neoforge.resource.ResourcePackLoader
[03Dec2024 13:19:25.877] [Render thread/DEBUG] [mixin/]: sodium-forge.mixins.json:ResourcePackLoaderMixin from mod sodium: Class version 65 required is higher than the class version supported by the current version of Mixin (JAVA_17 supports class version 61)
[03Dec2024 13:19:25.877] [Render thread/DEBUG] [mixin/]: Renaming synthetic method lambda$changeSet$0(Ljava/util/Map$Entry;Ljava/util/Map$Entry;)I to mdec2fbb$sodium$lambda$changeSet$0$0 in sodium-forge.mixins.json:ResourcePackLoaderMixin from mod sodium
[03Dec2024 13:19:25.936] [Render thread/DEBUG] [mixin/]: Mixing MixinSodiumGameOptions from mixins.iris.compat.sodium.json into net.caffeinemc.mods.sodium.client.gui.SodiumGameOptions
[03Dec2024 13:19:25.937] [Render thread/DEBUG] [mixin/]: mixins.iris.compat.sodium.json:MixinSodiumGameOptions from mod iris: Class version 65 required is higher than the class version supported by the current version of Mixin (JAVA_8 supports class version 52)
[03Dec2024 13:19:25.937] [Render thread/DEBUG] [mixin/]: mixins.iris.compat.sodium.json:MixinSodiumGameOptions from mod iris->@Inject::iris$writeIrisConfig(Lorg/spongepowered/asm/mixin/injection/callback/CallbackInfo;)V doesn't use it's CallbackInfo
[03Dec2024 13:19:25.948] [Render thread/DEBUG] [mixin/]: Mixing MixinClientLanguage from mixins.iris.json into net.minecraft.client.resources.language.ClientLanguage
[03Dec2024 13:19:25.949] [Render thread/DEBUG] [mixin/]: mixins.iris.json:MixinClientLanguage from mod iris: Class version 65 required is higher than the class version supported by the current version of Mixin (JAVA_8 supports class version 52)
[03Dec2024 13:19:25.953] [Render thread/DEBUG] [mixin/]: mixins.iris.json:MixinClientLanguage from mod iris->@Inject::injectFrom(Ljava/lang/String;Ljava/util/List;Ljava/util/Map;Lorg/spongepowered/asm/mixin/injection/callback/CallbackInfo;)V doesn't use it's CallbackInfo
[03Dec2024 13:19:25.953] [Render thread/DEBUG] [mixin/]: mixins.iris.json:MixinClientLanguage from mod iris->@Inject::check(Lnet/minecraft/server/packs/resources/ResourceManager;Ljava/util/List;ZLorg/spongepowered/asm/mixin/injection/callback/CallbackInfoReturnable;)V doesn't use it's CallbackInfoReturnable
[03Dec2024 13:19:25.953] [Render thread/DEBUG] [mixin/]: mixins.iris.json:MixinClientLanguage from mod iris->@Inject::iris$addLanguageEntries(Ljava/lang/String;Ljava/lang/String;Lorg/spongepowered/asm/mixin/injection/callback/CallbackInfoReturnable;)V does use it's CallbackInfoReturnable
[03Dec2024 13:19:25.953] [Render thread/DEBUG] [mixin/]: mixins.iris.json:MixinClientLanguage from mod iris->@Inject::iris$addLanguageEntriesToTranslationChecks(Ljava/lang/String;Lorg/spongepowered/asm/mixin/injection/callback/CallbackInfoReturnable;)V does use it's CallbackInfoReturnable
[03Dec2024 13:19:25.956] [Render thread/DEBUG] [mixin/]: Mixing texture.MixinTextureManager from mixins.iris.json into net.minecraft.client.renderer.texture.TextureManager
[03Dec2024 13:19:25.956] [Render thread/DEBUG] [mixin/]: mixins.iris.json:texture.MixinTextureManager from mod iris: Class version 65 required is higher than the class version supported by the current version of Mixin (JAVA_8 supports class version 52)
[03Dec2024 13:19:25.959] [Render thread/DEBUG] [mixin/]: mixins.iris.json:texture.MixinTextureManager from mod iris->@Inject::iris$onTailReloadLambda(Lnet/minecraft/server/packs/resources/ResourceManager;Ljava/util/concurrent/Executor;Ljava/util/concurrent/CompletableFuture;Ljava/lang/Void;Lorg/spongepowered/asm/mixin/injection/callback/CallbackInfo;)V doesn't use it's CallbackInfo
[03Dec2024 13:19:25.959] [Render thread/DEBUG] [mixin/]: mixins.iris.json:texture.MixinTextureManager from mod iris->@Inject::iris$onTailReloadLambda(Lnet/minecraft/server/packs/resources/ResourceManager;Ljava/util/concurrent/Executor;Ljava/util/concurrent/CompletableFuture;Ljava/lang/Void;Lorg/spongepowered/asm/mixin/injection/callback/CallbackInfo;)V has 0 override(s) in child classes
[03Dec2024 13:19:25.959] [Render thread/DEBUG] [mixin/]: mixins.iris.json:texture.MixinTextureManager from mod iris->@Inject::iris$onTailReloadLambda(Lnet/minecraft/server/packs/resources/ResourceManager;Ljava/util/concurrent/Executor;Ljava/util/concurrent/CompletableFuture;Ljava/lang/Void;Lorg/spongepowered/asm/mixin/injection/callback/CallbackInfo;)V won't be passed a CallbackInfo as a result
[03Dec2024 13:19:25.959] [Render thread/DEBUG] [mixin/]: mixins.iris.json:texture.MixinTextureManager from mod iris->@Inject::iris$onInnerDumpTextures(Ljava/nio/file/Path;Lorg/spongepowered/asm/mixin/injection/callback/CallbackInfo;)V doesn't use it's CallbackInfo
[03Dec2024 13:19:25.959] [Render thread/DEBUG] [mixin/]: mixins.iris.json:texture.MixinTextureManager from mod iris->@Inject::iris$onInnerDumpTextures(Ljava/nio/file/Path;Lorg/spongepowered/asm/mixin/injection/callback/CallbackInfo;)V has 0 override(s) in child classes
[03Dec2024 13:19:25.959] [Render thread/DEBUG] [mixin/]: mixins.iris.json:texture.MixinTextureManager from mod iris->@Inject::iris$onInnerDumpTextures(Ljava/nio/file/Path;Lorg/spongepowered/asm/mixin/injection/callback/CallbackInfo;)V won't be passed a CallbackInfo as a result
[03Dec2024 13:19:25.959] [Render thread/DEBUG] [mixin/]: mixins.iris.json:texture.MixinTextureManager from mod iris->@Inject::iris$onInnerDumpTextures(Ljava/nio/file/Path;Lorg/spongepowered/asm/mixin/injection/callback/CallbackInfo;)V doesn't use it's CallbackInfo
[03Dec2024 13:19:25.959] [Render thread/DEBUG] [mixin/]: mixins.iris.json:texture.MixinTextureManager from mod iris->@Inject::iris$onInnerDumpTextures(Ljava/nio/file/Path;Lorg/spongepowered/asm/mixin/injection/callback/CallbackInfo;)V has 0 override(s) in child classes
[03Dec2024 13:19:25.959] [Render thread/DEBUG] [mixin/]: mixins.iris.json:texture.MixinTextureManager from mod iris->@Inject::iris$onInnerDumpTextures(Ljava/nio/file/Path;Lorg/spongepowered/asm/mixin/injection/callback/CallbackInfo;)V won't be passed a CallbackInfo as a result
[03Dec2024 13:19:25.959] [Render thread/DEBUG] [mixin/]: mixins.iris.json:texture.MixinTextureManager from mod iris->@Inject::iris$onTailClose(Lorg/spongepowered/asm/mixin/injection/callback/CallbackInfo;)V doesn't use it's CallbackInfo
[03Dec2024 13:19:25.959] [Render thread/DEBUG] [mixin/]: mixins.iris.json:texture.MixinTextureManager from mod iris->@Inject::iris$onTailClose(Lorg/spongepowered/asm/mixin/injection/callback/CallbackInfo;)V has 0 override(s) in child classes
[03Dec2024 13:19:25.959] [Render thread/DEBUG] [mixin/]: mixins.iris.json:texture.MixinTextureManager from mod iris->@Inject::iris$onTailClose(Lorg/spongepowered/asm/mixin/injection/callback/CallbackInfo;)V won't be passed a CallbackInfo as a result
[03Dec2024 13:19:25.962] [Render thread/DEBUG] [mixin/]: Mixing MixinShaderManager_Overrides from mixins.iris.json into net.minecraft.client.renderer.ShaderManager
[03Dec2024 13:19:25.962] [Render thread/DEBUG] [mixin/]: mixins.iris.json:MixinShaderManager_Overrides from mod iris: Class version 65 required is higher than the class version supported by the current version of Mixin (JAVA_8 supports class version 52)
[03Dec2024 13:19:25.964] [Render thread/DEBUG] [mixin/]: Renaming synthetic method lambda$static$82(Ljava/lang/Object;)Lnet/irisshaders/iris/pipeline/programs/ShaderKey; to mdec2fbb$iris$lambda$static$82$0 in mixins.iris.json:MixinShaderManager_Overrides from mod iris
[03Dec2024 13:19:25.964] [Render thread/DEBUG] [mixin/]: Renaming synthetic method lambda$static$81(Ljava/lang/Object;)Lnet/irisshaders/iris/pipeline/programs/ShaderKey; to mdec2fbb$iris$lambda$static$81$1 in mixins.iris.json:MixinShaderManager_Overrides from mod iris
[03Dec2024 13:19:25.964] [Render thread/DEBUG] [mixin/]: Renaming synthetic method lambda$static$80(Ljava/lang/Object;)Lnet/irisshaders/iris/pipeline/programs/ShaderKey; to mdec2fbb$iris$lambda$static$80$2 in mixins.iris.json:MixinShaderManager_Overrides from mod iris
[03Dec2024 13:19:25.964] [Render thread/DEBUG] [mixin/]: Renaming synthetic method lambda$static$79(Ljava/lang/Object;)Lnet/irisshaders/iris/pipeline/programs/ShaderKey; to mdec2fbb$iris$lambda$static$79$3 in mixins.iris.json:MixinShaderManager_Overrides from mod iris
[03Dec2024 13:19:25.964] [Render thread/DEBUG] [mixin/]: Renaming synthetic method lambda$static$78(Ljava/lang/Object;)Lnet/irisshaders/iris/pipeline/programs/ShaderKey; to mdec2fbb$iris$lambda$static$78$4 in mixins.iris.json:MixinShaderManager_Overrides from mod iris
[03Dec2024 13:19:25.964] [Render thread/DEBUG] [mixin/]: Renaming synthetic method lambda$static$77(Ljava/lang/Object;)Lnet/irisshaders/iris/pipeline/programs/ShaderKey; to mdec2fbb$iris$lambda$static$77$5 in mixins.iris.json:MixinShaderManager_Overrides from mod iris
[03Dec2024 13:19:25.964] [Render thread/DEBUG] [mixin/]: Renaming synthetic method lambda$static$76(Ljava/lang/Object;)Lnet/irisshaders/iris/pipeline/programs/ShaderKey; to mdec2fbb$iris$lambda$static$76$6 in mixins.iris.json:MixinShaderManager_Overrides from mod iris
[03Dec2024 13:19:25.964] [Render thread/DEBUG] [mixin/]: Renaming synthetic method lambda$static$75(Ljava/lang/Object;)Lnet/irisshaders/iris/pipeline/programs/ShaderKey; to mdec2fbb$iris$lambda$static$75$7 in mixins.iris.json:MixinShaderManager_Overrides from mod iris
[03Dec2024 13:19:25.964] [Render thread/DEBUG] [mixin/]: Renaming synthetic method lambda$static$74(Ljava/lang/Object;)Lnet/irisshaders/iris/pipeline/programs/ShaderKey; to mdec2fbb$iris$lambda$static$74$8 in mixins.iris.json:MixinShaderManager_Overrides from mod iris
[03Dec2024 13:19:25.964] [Render thread/DEBUG] [mixin/]: Renaming synthetic method lambda$static$73(Ljava/lang/Object;)Lnet/irisshaders/iris/pipeline/programs/ShaderKey; to mdec2fbb$iris$lambda$static$73$9 in mixins.iris.json:MixinShaderManager_Overrides from mod iris
[03Dec2024 13:19:25.964] [Render thread/DEBUG] [mixin/]: Renaming synthetic method lambda$static$72(Ljava/lang/Object;)Lnet/irisshaders/iris/pipeline/programs/ShaderKey; to mdec2fbb$iris$lambda$static$72$a in mixins.iris.json:MixinShaderManager_Overrides from mod iris
[03Dec2024 13:19:25.964] [Render thread/DEBUG] [mixin/]: Renaming synthetic method lambda$static$71(Ljava/lang/Object;)Lnet/irisshaders/iris/pipeline/programs/ShaderKey; to mdec2fbb$iris$lambda$static$71$b in mixins.iris.json:MixinShaderManager_Overrides from mod iris
[03Dec2024 13:19:25.964] [Render thread/DEBUG] [mixin/]: Renaming synthetic method lambda$static$70(Ljava/lang/Object;)Lnet/irisshaders/iris/pipeline/programs/ShaderKey; to mdec2fbb$iris$lambda$static$70$c in mixins.iris.json:MixinShaderManager_Overrides from mod iris
[03Dec2024 13:19:25.964] [Render thread/DEBUG] [mixin/]: Renaming synthetic method lambda$static$69(Ljava/lang/Object;)Lnet/irisshaders/iris/pipeline/programs/ShaderKey; to mdec2fbb$iris$lambda$static$69$d in mixins.iris.json:MixinShaderManager_Overrides from mod iris
[03Dec2024 13:19:25.964] [Render thread/DEBUG] [mixin/]: Renaming synthetic method lambda$static$68(Ljava/lang/Object;)Lnet/irisshaders/iris/pipeline/programs/ShaderKey; to mdec2fbb$iris$lambda$static$68$e in mixins.iris.json:MixinShaderManager_Overrides from mod iris
[03Dec2024 13:19:25.965] [Render thread/DEBUG] [mixin/]: Renaming synthetic method lambda$static$67(Ljava/lang/Object;)Lnet/irisshaders/iris/pipeline/programs/ShaderKey; to mdec2fbb$iris$lambda$static$67$f in mixins.iris.json:MixinShaderManager_Overrides from mod iris
[03Dec2024 13:19:25.965] [Render thread/DEBUG] [mixin/]: Renaming synthetic method lambda$static$66(Ljava/lang/Object;)Lnet/irisshaders/iris/pipeline/programs/ShaderKey; to mdec2fbb$iris$lambda$static$66$10 in mixins.iris.json:MixinShaderManager_Overrides from mod iris
[03Dec2024 13:19:25.965] [Render thread/DEBUG] [mixin/]: Renaming synthetic method lambda$static$65(Ljava/lang/Object;)Lnet/irisshaders/iris/pipeline/programs/ShaderKey; to mdec2fbb$iris$lambda$static$65$11 in mixins.iris.json:MixinShaderManager_Overrides from mod iris
[03Dec2024 13:19:25.965] [Render thread/DEBUG] [mixin/]: Renaming synthetic method lambda$static$64(Ljava/lang/Object;)Lnet/irisshaders/iris/pipeline/programs/ShaderKey; to mdec2fbb$iris$lambda$static$64$12 in mixins.iris.json:MixinShaderManager_Overrides from mod iris
[03Dec2024 13:19:25.965] [Render thread/DEBUG] [mixin/]: Renaming synthetic method lambda$static$63(Ljava/lang/Object;)Lnet/irisshaders/iris/pipeline/programs/ShaderKey; to mdec2fbb$iris$lambda$static$63$13 in mixins.iris.json:MixinShaderManager_Overrides from mod iris
[03Dec2024 13:19:25.965] [Render thread/DEBUG] [mixin/]: Renaming synthetic method lambda$static$62(Ljava/lang/Object;)Lnet/irisshaders/iris/pipeline/programs/ShaderKey; to mdec2fbb$iris$lambda$static$62$14 in mixins.iris.json:MixinShaderManager_Overrides from mod iris
[03Dec2024 13:19:25.965] [Render thread/DEBUG] [mixin/]: Renaming synthetic method lambda$static$61(Ljava/lang/Object;)Lnet/irisshaders/iris/pipeline/programs/ShaderKey; to mdec2fbb$iris$lambda$static$61$15 in mixins.iris.json:MixinShaderManager_Overrides from mod iris
[03Dec2024 13:19:25.965] [Render thread/DEBUG] [mixin/]: Renaming synthetic method lambda$static$60(Ljava/lang/Object;)Lnet/irisshaders/iris/pipeline/programs/ShaderKey; to mdec2fbb$iris$lambda$static$60$16 in mixins.iris.json:MixinShaderManager_Overrides from mod iris
[03Dec2024 13:19:25.965] [Render thread/DEBUG] [mixin/]: Renaming synthetic method lambda$static$59(Ljava/lang/Object;)Lnet/irisshaders/iris/pipeline/programs/ShaderKey; to mdec2fbb$iris$lambda$static$59$17 in mixins.iris.json:MixinShaderManager_Overrides from mod iris
[03Dec2024 13:19:25.965] [Render thread/DEBUG] [mixin/]: Renaming synthetic method lambda$static$58(Ljava/lang/Object;)Lnet/irisshaders/iris/pipeline/programs/ShaderKey; to mdec2fbb$iris$lambda$static$58$18 in mixins.iris.json:MixinShaderManager_Overrides from mod iris
[03Dec2024 13:19:25.965] [Render thread/DEBUG] [mixin/]: Renaming synthetic method lambda$static$57(Ljava/lang/Object;)Lnet/irisshaders/iris/pipeline/programs/ShaderKey; to mdec2fbb$iris$lambda$static$57$19 in mixins.iris.json:MixinShaderManager_Overrides from mod iris
[03Dec2024 13:19:25.965] [Render thread/DEBUG] [mixin/]: Renaming synthetic method lambda$static$56(Ljava/lang/Object;)Lnet/irisshaders/iris/pipeline/programs/ShaderKey; to mdec2fbb$iris$lambda$static$56$1a in mixins.iris.json:MixinShaderManager_Overrides from mod iris
[03Dec2024 13:19:25.965] [Render thread/DEBUG] [mixin/]: Renaming synthetic method lambda$static$55(Ljava/lang/Object;)Lnet/irisshaders/iris/pipeline/programs/ShaderKey; to mdec2fbb$iris$lambda$static$55$1b in mixins.iris.json:MixinShaderManager_Overrides from mod iris
[03Dec2024 13:19:25.965] [Render thread/DEBUG] [mixin/]: Renaming synthetic method lambda$static$54(Ljava/lang/Object;)Lnet/irisshaders/iris/pipeline/programs/ShaderKey; to mdec2fbb$iris$lambda$static$54$1c in mixins.iris.json:MixinShaderManager_Overrides from mod iris
[03Dec2024 13:19:25.965] [Render thread/DEBUG] [mixin/]: Renaming synthetic method lambda$static$53(Ljava/lang/Object;)Lnet/irisshaders/iris/pipeline/programs/ShaderKey; to mdec2fbb$iris$lambda$static$53$1d in mixins.iris.json:MixinShaderManager_Overrides from mod iris
[03Dec2024 13:19:25.965] [Render thread/DEBUG] [mixin/]: Renaming synthetic method lambda$static$52(Ljava/lang/Object;)Lnet/irisshaders/iris/pipeline/programs/ShaderKey; to mdec2fbb$iris$lambda$static$52$1e in mixins.iris.json:MixinShaderManager_Overrides from mod iris
[03Dec2024 13:19:25.965] [Render thread/DEBUG] [mixin/]: Renaming synthetic method lambda$static$51(Ljava/lang/Object;)Lnet/irisshaders/iris/pipeline/programs/ShaderKey; to mdec2fbb$iris$lambda$static$51$1f in mixins.iris.json:MixinShaderManager_Overrides from mod iris
[03Dec2024 13:19:25.965] [Render thread/DEBUG] [mixin/]: Renaming synthetic method lambda$static$50(Ljava/lang/Object;)Lnet/irisshaders/iris/pipeline/programs/ShaderKey; to mdec2fbb$iris$lambda$static$50$20 in mixins.iris.json:MixinShaderManager_Overrides from mod iris
[03Dec2024 13:19:25.965] [Render thread/DEBUG] [mixin/]: Renaming synthetic method lambda$static$49(Ljava/lang/Object;)Lnet/irisshaders/iris/pipeline/programs/ShaderKey; to mdec2fbb$iris$lambda$static$49$21 in mixins.iris.json:MixinShaderManager_Overrides from mod iris
[03Dec2024 13:19:25.965] [Render thread/DEBUG] [mixin/]: Renaming synthetic method lambda$static$48(Ljava/lang/Object;)Lnet/irisshaders/iris/pipeline/programs/ShaderKey; to mdec2fbb$iris$lambda$static$48$22 in mixins.iris.json:MixinShaderManager_Overrides from mod iris
[03Dec2024 13:19:25.965] [Render thread/DEBUG] [mixin/]: Renaming synthetic method lambda$static$47(Ljava/lang/Object;)Lnet/irisshaders/iris/pipeline/programs/ShaderKey; to mdec2fbb$iris$lambda$static$47$23 in mixins.iris.json:MixinShaderManager_Overrides from mod iris
[03Dec2024 13:19:25.965] [Render thread/DEBUG] [mixin/]: Renaming synthetic method lambda$static$46(Ljava/lang/Object;)Lnet/irisshaders/iris/pipeline/programs/ShaderKey; to mdec2fbb$iris$lambda$static$46$24 in mixins.iris.json:MixinShaderManager_Overrides from mod iris
[03Dec2024 13:19:25.965] [Render thread/DEBUG] [mixin/]: Renaming synthetic method lambda$static$45(Ljava/lang/Object;)Lnet/irisshaders/iris/pipeline/programs/ShaderKey; to mdec2fbb$iris$lambda$static$45$25 in mixins.iris.json:MixinShaderManager_Overrides from mod iris
[03Dec2024 13:19:25.965] [Render thread/DEBUG] [mixin/]: Renaming synthetic method lambda$static$44(Ljava/lang/Object;)Lnet/irisshaders/iris/pipeline/programs/ShaderKey; to mdec2fbb$iris$lambda$static$44$26 in mixins.iris.json:MixinShaderManager_Overrides from mod iris
[03Dec2024 13:19:25.965] [Render thread/DEBUG] [mixin/]: Renaming synthetic method lambda$static$43(Ljava/lang/Object;)Lnet/irisshaders/iris/pipeline/programs/ShaderKey; to mdec2fbb$iris$lambda$static$43$27 in mixins.iris.json:MixinShaderManager_Overrides from mod iris
[03Dec2024 13:19:25.965] [Render thread/DEBUG] [mixin/]: Renaming synthetic method lambda$static$42(Ljava/lang/Object;)Lnet/irisshaders/iris/pipeline/programs/ShaderKey; to mdec2fbb$iris$lambda$static$42$28 in mixins.iris.json:MixinShaderManager_Overrides from mod iris
[03Dec2024 13:19:25.965] [Render thread/DEBUG] [mixin/]: Renaming synthetic method lambda$static$41(Ljava/lang/Object;)Lnet/irisshaders/iris/pipeline/programs/ShaderKey; to mdec2fbb$iris$lambda$static$41$29 in mixins.iris.json:MixinShaderManager_Overrides from mod iris
[03Dec2024 13:19:25.965] [Render thread/DEBUG] [mixin/]: Renaming synthetic method lambda$static$40(Ljava/lang/Object;)Lnet/irisshaders/iris/pipeline/programs/ShaderKey; to mdec2fbb$iris$lambda$static$40$2a in mixins.iris.json:MixinShaderManager_Overrides from mod iris
[03Dec2024 13:19:25.965] [Render thread/DEBUG] [mixin/]: Renaming synthetic method lambda$static$39(Ljava/lang/Object;)Lnet/irisshaders/iris/pipeline/programs/ShaderKey; to mdec2fbb$iris$lambda$static$39$2b in mixins.iris.json:MixinShaderManager_Overrides from mod iris
[03Dec2024 13:19:25.965] [Render thread/DEBUG] [mixin/]: Renaming synthetic method lambda$static$38(Ljava/lang/Object;)Lnet/irisshaders/iris/pipeline/programs/ShaderKey; to mdec2fbb$iris$lambda$static$38$2c in mixins.iris.json:MixinShaderManager_Overrides from mod iris
[03Dec2024 13:19:25.965] [Render thread/DEBUG] [mixin/]: Renaming synthetic method lambda$static$37(Ljava/lang/Object;)Lnet/irisshaders/iris/pipeline/programs/ShaderKey; to mdec2fbb$iris$lambda$static$37$2d in mixins.iris.json:MixinShaderManager_Overrides from mod iris
[03Dec2024 13:19:25.965] [Render thread/DEBUG] [mixin/]: Renaming synthetic method lambda$static$36(Ljava/lang/Object;)Lnet/irisshaders/iris/pipeline/programs/ShaderKey; to mdec2fbb$iris$lambda$static$36$2e in mixins.iris.json:MixinShaderManager_Overrides from mod iris
[03Dec2024 13:19:25.965] [Render thread/DEBUG] [mixin/]: Renaming synthetic method lambda$static$35(Ljava/lang/Object;)Lnet/irisshaders/iris/pipeline/programs/ShaderKey; to mdec2fbb$iris$lambda$static$35$2f in mixins.iris.json:MixinShaderManager_Overrides from mod iris
[03Dec2024 13:19:25.965] [Render thread/DEBUG] [mixin/]: Renaming synthetic method lambda$static$34(Ljava/lang/Object;)Lnet/irisshaders/iris/pipeline/programs/ShaderKey; to mdec2fbb$iris$lambda$static$34$30 in mixins.iris.json:MixinShaderManager_Overrides from mod iris
[03Dec2024 13:19:25.965] [Render thread/DEBUG] [mixin/]: Renaming synthetic method lambda$static$33(Ljava/lang/Object;)Lnet/irisshaders/iris/pipeline/programs/ShaderKey; to mdec2fbb$iris$lambda$static$33$31 in mixins.iris.json:MixinShaderManager_Overrides from mod iris
[03Dec2024 13:19:25.966] [Render thread/DEBUG] [mixin/]: Renaming synthetic method lambda$static$32(Ljava/lang/Object;)Lnet/irisshaders/iris/pipeline/programs/ShaderKey; to mdec2fbb$iris$lambda$static$32$32 in mixins.iris.json:MixinShaderManager_Overrides from mod iris
[03Dec2024 13:19:25.966] [Render thread/DEBUG] [mixin/]: Renaming synthetic method lambda$static$31(Ljava/lang/Object;)Lnet/irisshaders/iris/pipeline/programs/ShaderKey; to mdec2fbb$iris$lambda$static$31$33 in mixins.iris.json:MixinShaderManager_Overrides from mod iris
[03Dec2024 13:19:25.966] [Render thread/DEBUG] [mixin/]: Renaming synthetic method lambda$static$30(Ljava/lang/Object;)Lnet/irisshaders/iris/pipeline/programs/ShaderKey; to mdec2fbb$iris$lambda$static$30$34 in mixins.iris.json:MixinShaderManager_Overrides from mod iris
[03Dec2024 13:19:25.966] [Render thread/DEBUG] [mixin/]: Renaming synthetic method lambda$static$29(Ljava/lang/Object;)Lnet/irisshaders/iris/pipeline/programs/ShaderKey; to mdec2fbb$iris$lambda$static$29$35 in mixins.iris.json:MixinShaderManager_Overrides from mod iris
[03Dec2024 13:19:25.966] [Render thread/DEBUG] [mixin/]: Renaming synthetic method lambda$static$28(Ljava/lang/Object;)Lnet/irisshaders/iris/pipeline/programs/ShaderKey; to mdec2fbb$iris$lambda$static$28$36 in mixins.iris.json:MixinShaderManager_Overrides from mod iris
[03Dec2024 13:19:25.966] [Render thread/DEBUG] [mixin/]: Renaming synthetic method lambda$static$27(Ljava/lang/Object;)Lnet/irisshaders/iris/pipeline/programs/ShaderKey; to mdec2fbb$iris$lambda$static$27$37 in mixins.iris.json:MixinShaderManager_Overrides from mod iris
[03Dec2024 13:19:25.966] [Render thread/DEBUG] [mixin/]: Renaming synthetic method lambda$static$26(Ljava/lang/Object;)Lnet/irisshaders/iris/pipeline/programs/ShaderKey; to mdec2fbb$iris$lambda$static$26$38 in mixins.iris.json:MixinShaderManager_Overrides from mod iris
[03Dec2024 13:19:25.966] [Render thread/DEBUG] [mixin/]: Renaming synthetic method lambda$static$25(Ljava/lang/Object;)Lnet/irisshaders/iris/pipeline/programs/ShaderKey; to mdec2fbb$iris$lambda$static$25$39 in mixins.iris.json:MixinShaderManager_Overrides from mod iris
[03Dec2024 13:19:25.966] [Render thread/DEBUG] [mixin/]: Renaming synthetic method lambda$static$24(Ljava/lang/Object;)Lnet/irisshaders/iris/pipeline/programs/ShaderKey; to mdec2fbb$iris$lambda$static$24$3a in mixins.iris.json:MixinShaderManager_Overrides from mod iris
[03Dec2024 13:19:25.966] [Render thread/DEBUG] [mixin/]: Renaming synthetic method lambda$static$23(Ljava/lang/Object;)Lnet/irisshaders/iris/pipeline/programs/ShaderKey; to mdec2fbb$iris$lambda$static$23$3b in mixins.iris.json:MixinShaderManager_Overrides from mod iris
[03Dec2024 13:19:25.966] [Render thread/DEBUG] [mixin/]: Renaming synthetic method lambda$static$22(Ljava/lang/Object;)Lnet/irisshaders/iris/pipeline/programs/ShaderKey; to mdec2fbb$iris$lambda$static$22$3c in mixins.iris.json:MixinShaderManager_Overrides from mod iris
[03Dec2024 13:19:25.966] [Render thread/DEBUG] [mixin/]: Renaming synthetic method lambda$static$21(Ljava/lang/Object;)Lnet/irisshaders/iris/pipeline/programs/ShaderKey; to mdec2fbb$iris$lambda$static$21$3d in mixins.iris.json:MixinShaderManager_Overrides from mod iris
[03Dec2024 13:19:25.966] [Render thread/DEBUG] [mixin/]: Renaming synthetic method lambda$static$20(Ljava/lang/Object;)Lnet/irisshaders/iris/pipeline/programs/ShaderKey; to mdec2fbb$iris$lambda$static$20$3e in mixins.iris.json:MixinShaderManager_Overrides from mod iris
[03Dec2024 13:19:25.966] [Render thread/DEBUG] [mixin/]: Renaming synthetic method lambda$static$19(Ljava/lang/Object;)Lnet/irisshaders/iris/pipeline/programs/ShaderKey; to mdec2fbb$iris$lambda$static$19$3f in mixins.iris.json:MixinShaderManager_Overrides from mod iris
[03Dec2024 13:19:25.966] [Render thread/DEBUG] [mixin/]: Renaming synthetic method lambda$static$18(Ljava/lang/Object;)Lnet/irisshaders/iris/pipeline/programs/ShaderKey; to mdec2fbb$iris$lambda$static$18$40 in mixins.iris.json:MixinShaderManager_Overrides from mod iris
[03Dec2024 13:19:25.966] [Render thread/DEBUG] [mixin/]: Renaming synthetic method lambda$static$17(Ljava/lang/Object;)Lnet/irisshaders/iris/pipeline/programs/ShaderKey; to mdec2fbb$iris$lambda$static$17$41 in mixins.iris.json:MixinShaderManager_Overrides from mod iris
[03Dec2024 13:19:25.966] [Render thread/DEBUG] [mixin/]: Renaming synthetic method lambda$static$16(Ljava/lang/Object;)Lnet/irisshaders/iris/pipeline/programs/ShaderKey; to mdec2fbb$iris$lambda$static$16$42 in mixins.iris.json:MixinShaderManager_Overrides from mod iris
[03Dec2024 13:19:25.966] [Render thread/DEBUG] [mixin/]: Renaming synthetic method lambda$static$15(Ljava/lang/Object;)Lnet/irisshaders/iris/pipeline/programs/ShaderKey; to mdec2fbb$iris$lambda$static$15$43 in mixins.iris.json:MixinShaderManager_Overrides from mod iris
[03Dec2024 13:19:25.966] [Render thread/DEBUG] [mixin/]: Renaming synthetic method lambda$static$14(Ljava/lang/Object;)Lnet/irisshaders/iris/pipeline/programs/ShaderKey; to mdec2fbb$iris$lambda$static$14$44 in mixins.iris.json:MixinShaderManager_Overrides from mod iris
[03Dec2024 13:19:25.966] [Render thread/DEBUG] [mixin/]: Renaming synthetic method lambda$static$13(Ljava/lang/Object;)Lnet/irisshaders/iris/pipeline/programs/ShaderKey; to mdec2fbb$iris$lambda$static$13$45 in mixins.iris.json:MixinShaderManager_Overrides from mod iris
[03Dec2024 13:19:25.966] [Render thread/DEBUG] [mixin/]: Renaming synthetic method lambda$static$12(Ljava/lang/Object;)Lnet/irisshaders/iris/pipeline/programs/ShaderKey; to mdec2fbb$iris$lambda$static$12$46 in mixins.iris.json:MixinShaderManager_Overrides from mod iris
[03Dec2024 13:19:25.966] [Render thread/DEBUG] [mixin/]: Renaming synthetic method lambda$static$11(Ljava/lang/Object;)Lnet/irisshaders/iris/pipeline/programs/ShaderKey; to mdec2fbb$iris$lambda$static$11$47 in mixins.iris.json:MixinShaderManager_Overrides from mod iris
[03Dec2024 13:19:25.966] [Render thread/DEBUG] [mixin/]: Renaming synthetic method lambda$static$10(Ljava/lang/Object;)Lnet/irisshaders/iris/pipeline/programs/ShaderKey; to mdec2fbb$iris$lambda$static$10$48 in mixins.iris.json:MixinShaderManager_Overrides from mod iris
[03Dec2024 13:19:25.966] [Render thread/DEBUG] [mixin/]: Renaming synthetic method lambda$static$9(Ljava/lang/Object;)Lnet/irisshaders/iris/pipeline/programs/ShaderKey; to mdec2fbb$iris$lambda$static$9$49 in mixins.iris.json:MixinShaderManager_Overrides from mod iris
[03Dec2024 13:19:25.966] [Render thread/DEBUG] [mixin/]: Renaming synthetic method lambda$static$8(Ljava/lang/Object;)Lnet/irisshaders/iris/pipeline/programs/ShaderKey; to mdec2fbb$iris$lambda$static$8$4a in mixins.iris.json:MixinShaderManager_Overrides from mod iris
[03Dec2024 13:19:25.966] [Render thread/DEBUG] [mixin/]: Renaming synthetic method lambda$static$7(Ljava/lang/Object;)Lnet/irisshaders/iris/pipeline/programs/ShaderKey; to mdec2fbb$iris$lambda$static$7$4b in mixins.iris.json:MixinShaderManager_Overrides from mod iris
[03Dec2024 13:19:25.966] [Render thread/DEBUG] [mixin/]: Renaming synthetic method lambda$static$6(Ljava/lang/Object;)Lnet/irisshaders/iris/pipeline/programs/ShaderKey; to mdec2fbb$iris$lambda$static$6$4c in mixins.iris.json:MixinShaderManager_Overrides from mod iris
[03Dec2024 13:19:25.966] [Render thread/DEBUG] [mixin/]: Renaming synthetic method lambda$static$5(Ljava/lang/Object;)Lnet/irisshaders/iris/pipeline/programs/ShaderKey; to mdec2fbb$iris$lambda$static$5$4d in mixins.iris.json:MixinShaderManager_Overrides from mod iris
[03Dec2024 13:19:25.966] [Render thread/DEBUG] [mixin/]: Renaming synthetic method lambda$static$4(Ljava/lang/Object;)Lnet/irisshaders/iris/pipeline/programs/ShaderKey; to mdec2fbb$iris$lambda$static$4$4e in mixins.iris.json:MixinShaderManager_Overrides from mod iris
[03Dec2024 13:19:25.966] [Render thread/DEBUG] [mixin/]: Renaming synthetic method lambda$static$3(Ljava/lang/Object;)Lnet/irisshaders/iris/pipeline/programs/ShaderKey; to mdec2fbb$iris$lambda$static$3$4f in mixins.iris.json:MixinShaderManager_Overrides from mod iris
[03Dec2024 13:19:25.966] [Render thread/DEBUG] [mixin/]: Renaming synthetic method lambda$static$2(Ljava/lang/Object;)Lnet/irisshaders/iris/pipeline/programs/ShaderKey; to mdec2fbb$iris$lambda$static$2$50 in mixins.iris.json:MixinShaderManager_Overrides from mod iris
[03Dec2024 13:19:25.966] [Render thread/DEBUG] [mixin/]: Renaming synthetic method lambda$static$1(Ljava/lang/Object;)Lnet/irisshaders/iris/pipeline/programs/ShaderKey; to mdec2fbb$iris$lambda$static$1$51 in mixins.iris.json:MixinShaderManager_Overrides from mod iris
[03Dec2024 13:19:25.966] [Render thread/DEBUG] [mixin/]: Renaming synthetic method lambda$static$0(Ljava/lang/Object;)Lnet/irisshaders/iris/pipeline/programs/ShaderKey; to mdec2fbb$iris$lambda$static$0$52 in mixins.iris.json:MixinShaderManager_Overrides from mod iris
[03Dec2024 13:19:25.991] [Render thread/DEBUG] [mixin/]: mixins.iris.json:MixinShaderManager_Overrides from mod iris->@Inject::redirectIrisProgram(Lnet/minecraft/client/renderer/ShaderProgram;Lorg/spongepowered/asm/mixin/injection/callback/CallbackInfoReturnable;)V does use it's CallbackInfoReturnable
[03Dec2024 13:19:26.001] [Render thread/DEBUG] [mixin/]: Mixing MixinCloudRenderer from mixins.iris.compat.sodium.json into net.caffeinemc.mods.sodium.client.render.immediate.CloudRenderer
[03Dec2024 13:19:26.001] [Render thread/DEBUG] [mixin/]: mixins.iris.compat.sodium.json:MixinCloudRenderer from mod iris: Class version 65 required is higher than the class version supported by the current version of Mixin (JAVA_8 supports class version 52)
[03Dec2024 13:19:26.012] [Render thread/DEBUG] [mixin/]: mixins.iris.compat.sodium.json:MixinCloudRenderer from mod iris->@Inject::writeIrisVertex(JFFFILorg/spongepowered/asm/mixin/injection/callback/CallbackInfoReturnable;)V does use it's CallbackInfoReturnable
[03Dec2024 13:19:26.012] [Render thread/DEBUG] [mixin/]: mixins.iris.compat.sodium.json:MixinCloudRenderer from mod iris->@Inject::computeNormal2D(Lnet/caffeinemc/mods/sodium/api/vertex/buffer/VertexBufferWriter;IIFFLorg/spongepowered/asm/mixin/injection/callback/CallbackInfo;)V doesn't use it's CallbackInfo
[03Dec2024 13:19:26.012] [Render thread/DEBUG] [mixin/]: mixins.iris.compat.sodium.json:MixinCloudRenderer from mod iris->@Inject::computeNormal3D(Lnet/caffeinemc/mods/sodium/api/vertex/buffer/VertexBufferWriter;IIFFZLorg/spongepowered/asm/mixin/injection/callback/CallbackInfo;)V doesn't use it's CallbackInfo
[03Dec2024 13:19:26.061] [Render thread/DEBUG] [mixin/]: Mixing features.render.gui.font.BakedGlyphMixin from sodium.mixins.json into net.minecraft.client.gui.font.glyphs.BakedGlyph
[03Dec2024 13:19:26.062] [Render thread/DEBUG] [mixin/]: sodium.mixins.json:features.render.gui.font.BakedGlyphMixin from mod sodium: Class version 65 required is higher than the class version supported by the current version of Mixin (JAVA_17 supports class version 61)
[03Dec2024 13:19:26.064] [Render thread/DEBUG] [mixin/]: sodium.mixins.json:features.render.gui.font.BakedGlyphMixin from mod sodium->@Inject::drawFast(ZFFLorg/joml/Matrix4f;Lcom/mojang/blaze3d/vertex/VertexConsumer;IILorg/spongepowered/asm/mixin/injection/callback/CallbackInfo;)V does use it's CallbackInfo
[03Dec2024 13:19:26.085] [Render thread/DEBUG] [mixin/]: Mixing core.model.colors.BlockColorsMixin from sodium.mixins.json into net.minecraft.client.color.block.BlockColors
[03Dec2024 13:19:26.085] [Render thread/DEBUG] [mixin/]: sodium.mixins.json:core.model.colors.BlockColorsMixin from mod sodium: Class version 65 required is higher than the class version supported by the current version of Mixin (JAVA_17 supports class version 61)
[03Dec2024 13:19:26.090] [Render thread/DEBUG] [mixin/]: sodium.mixins.json:core.model.colors.BlockColorsMixin from mod sodium->@Inject::preRegisterColorProvider(Lnet/minecraft/client/color/block/BlockColor;[Lnet/minecraft/world/level/block/Block;Lorg/spongepowered/asm/mixin/injection/callback/CallbackInfo;)V doesn't use it's CallbackInfo
[03Dec2024 13:19:26.090] [Render thread/DEBUG] [mixin/]: sodium.mixins.json:core.model.colors.BlockColorsMixin from mod sodium->@Inject::preRegisterColorProvider(Lnet/minecraft/client/color/block/BlockColor;[Lnet/minecraft/world/level/block/Block;Lorg/spongepowered/asm/mixin/injection/callback/CallbackInfo;)V has 0 override(s) in child classes
[03Dec2024 13:19:26.090] [Render thread/DEBUG] [mixin/]: sodium.mixins.json:core.model.colors.BlockColorsMixin from mod sodium->@Inject::preRegisterColorProvider(Lnet/minecraft/client/color/block/BlockColor;[Lnet/minecraft/world/level/block/Block;Lorg/spongepowered/asm/mixin/injection/callback/CallbackInfo;)V won't be passed a CallbackInfo as a result
[03Dec2024 13:19:26.097] [Render thread/DEBUG] [mixin/]: Mixing ClientHooksMixin from sodium-forge.mixins.json into net.neoforged.neoforge.client.ClientHooks
[03Dec2024 13:19:26.097] [Render thread/DEBUG] [mixin/]: sodium-forge.mixins.json:ClientHooksMixin from mod sodium: Class version 65 required is higher than the class version supported by the current version of Mixin (JAVA_17 supports class version 61)
[03Dec2024 13:19:26.111] [Render thread/DEBUG] [mixin/]: Mixing core.model.colors.ItemColorsMixin from sodium.mixins.json into net.minecraft.client.color.item.ItemColors
[03Dec2024 13:19:26.111] [Render thread/DEBUG] [mixin/]: sodium.mixins.json:core.model.colors.ItemColorsMixin from mod sodium: Class version 65 required is higher than the class version supported by the current version of Mixin (JAVA_17 supports class version 61)
[03Dec2024 13:19:26.112] [Render thread/DEBUG] [mixin/]: sodium.mixins.json:core.model.colors.ItemColorsMixin from mod sodium->@Inject::preRegisterColor(Lnet/minecraft/client/color/item/ItemColor;[Lnet/minecraft/world/level/ItemLike;Lorg/spongepowered/asm/mixin/injection/callback/CallbackInfo;)V doesn't use it's CallbackInfo
[03Dec2024 13:19:26.112] [Render thread/DEBUG] [mixin/]: sodium.mixins.json:core.model.colors.ItemColorsMixin from mod sodium->@Inject::preRegisterColor(Lnet/minecraft/client/color/item/ItemColor;[Lnet/minecraft/world/level/ItemLike;Lorg/spongepowered/asm/mixin/injection/callback/CallbackInfo;)V has 0 override(s) in child classes
[03Dec2024 13:19:26.112] [Render thread/DEBUG] [mixin/]: sodium.mixins.json:core.model.colors.ItemColorsMixin from mod sodium->@Inject::preRegisterColor(Lnet/minecraft/client/color/item/ItemColor;[Lnet/minecraft/world/level/ItemLike;Lorg/spongepowered/asm/mixin/injection/callback/CallbackInfo;)V won't be passed a CallbackInfo as a result
[03Dec2024 13:19:26.118] [Render thread/DEBUG] [mixin/]: Mixing MixinSheets from iris-batched-entity-rendering.mixins.json into net.minecraft.client.renderer.Sheets
[03Dec2024 13:19:26.118] [Render thread/DEBUG] [mixin/]: iris-batched-entity-rendering.mixins.json:MixinSheets from mod iris: Class version 65 required is higher than the class version supported by the current version of Mixin (JAVA_8 supports class version 52)
[03Dec2024 13:19:26.119] [Render thread/DEBUG] [mixin/]: iris-batched-entity-rendering.mixins.json:MixinSheets from mod iris->@Inject::setSheet(Lorg/spongepowered/asm/mixin/injection/callback/CallbackInfo;)V doesn't use it's CallbackInfo
[03Dec2024 13:19:26.131] [Render thread/DEBUG] [mixin/]: Mixing entity_render_context.MixinBlockEntityRenderDispatcher from mixins.iris.json into net.minecraft.client.renderer.blockentity.BlockEntityRenderDispatcher
[03Dec2024 13:19:26.131] [Render thread/DEBUG] [mixin/]: mixins.iris.json:entity_render_context.MixinBlockEntityRenderDispatcher from mod iris: Class version 65 required is higher than the class version supported by the current version of Mixin (JAVA_8 supports class version 52)
[03Dec2024 13:19:26.131] [Render thread/DEBUG] [mixin/]: Renaming synthetic method lambda$iris$wrapBufferSource$0(Lnet/minecraft/client/renderer/RenderType;)Lnet/minecraft/client/renderer/RenderType; to mdec2fbb$iris$lambda$iris$wrapBufferSource$0$0 in mixins.iris.json:entity_render_context.MixinBlockEntityRenderDispatcher from mod iris
[03Dec2024 13:19:26.134] [Render thread/DEBUG] [mixin/]: mixins.iris.json:entity_render_context.MixinBlockEntityRenderDispatcher from mod iris->@Inject::iris$afterRender(Lnet/minecraft/world/level/block/entity/BlockEntity;FLcom/mojang/blaze3d/vertex/PoseStack;Lnet/minecraft/client/renderer/MultiBufferSource;Lorg/spongepowered/asm/mixin/injection/callback/CallbackInfo;)V doesn't use it's CallbackInfo
[03Dec2024 13:19:26.134] [Render thread/DEBUG] [mixin/]: mixins.iris.json:entity_render_context.MixinBlockEntityRenderDispatcher from mod iris->@Inject::iris$afterRender(Lnet/minecraft/world/level/block/entity/BlockEntity;FLcom/mojang/blaze3d/vertex/PoseStack;Lnet/minecraft/client/renderer/MultiBufferSource;Lorg/spongepowered/asm/mixin/injection/callback/CallbackInfo;)V has 0 override(s) in child classes
[03Dec2024 13:19:26.134] [Render thread/DEBUG] [mixin/]: mixins.iris.json:entity_render_context.MixinBlockEntityRenderDispatcher from mod iris->@Inject::iris$afterRender(Lnet/minecraft/world/level/block/entity/BlockEntity;FLcom/mojang/blaze3d/vertex/PoseStack;Lnet/minecraft/client/renderer/MultiBufferSource;Lorg/spongepowered/asm/mixin/injection/callback/CallbackInfo;)V won't be passed a CallbackInfo as a result
[03Dec2024 13:19:26.137] [Render thread/DEBUG] [mixin/]: Mixing features.render.entity.shadows.EntityRenderDispatcherMixin from sodium.mixins.json into net.minecraft.client.renderer.entity.EntityRenderDispatcher
[03Dec2024 13:19:26.137] [Render thread/DEBUG] [mixin/]: sodium.mixins.json:features.render.entity.shadows.EntityRenderDispatcherMixin from mod sodium: Class version 65 required is higher than the class version supported by the current version of Mixin (JAVA_17 supports class version 61)
[03Dec2024 13:19:26.148] [Render thread/DEBUG] [mixin/]: Mixing MixinEntityRenderDispatcher from mixins.iris.json into net.minecraft.client.renderer.entity.EntityRenderDispatcher
[03Dec2024 13:19:26.148] [Render thread/DEBUG] [mixin/]: mixins.iris.json:MixinEntityRenderDispatcher from mod iris: Class version 65 required is higher than the class version supported by the current version of Mixin (JAVA_8 supports class version 52)
[03Dec2024 13:19:26.149] [Render thread/DEBUG] [mixin/]: Mixing entity_render_context.MixinEntityRenderDispatcher from mixins.iris.json into net.minecraft.client.renderer.entity.EntityRenderDispatcher
[03Dec2024 13:19:26.149] [Render thread/DEBUG] [mixin/]: mixins.iris.json:entity_render_context.MixinEntityRenderDispatcher from mod iris: Class version 65 required is higher than the class version supported by the current version of Mixin (JAVA_8 supports class version 52)
[03Dec2024 13:19:26.149] [Render thread/DEBUG] [mixin/]: Renaming synthetic method lambda$iris$beginEntityRender$2(Lnet/minecraft/client/renderer/RenderType;)Lnet/minecraft/client/renderer/RenderType; to mdec2fbb$iris$lambda$iris$beginEntityRender$2$0 in mixins.iris.json:entity_render_context.MixinEntityRenderDispatcher from mod iris
[03Dec2024 13:19:26.149] [Render thread/DEBUG] [mixin/]: Renaming synthetic method lambda$iris$beginEntityRender$1(Lnet/minecraft/world/entity/Entity;Ljava/lang/Object;)Lnet/irisshaders/iris/shaderpack/materialmap/NamespacedId; to mdec2fbb$iris$lambda$iris$beginEntityRender$1$1 in mixins.iris.json:entity_render_context.MixinEntityRenderDispatcher from mod iris
[03Dec2024 13:19:26.149] [Render thread/DEBUG] [mixin/]: Renaming synthetic method lambda$iris$beginEntityRender$0(Lnet/minecraft/world/entity/Entity;Ljava/lang/Object;)Lnet/irisshaders/iris/shaderpack/materialmap/NamespacedId; to mdec2fbb$iris$lambda$iris$beginEntityRender$0$2 in mixins.iris.json:entity_render_context.MixinEntityRenderDispatcher from mod iris
[03Dec2024 13:19:26.161] [Render thread/DEBUG] [mixin/]: sodium.mixins.json:features.render.entity.shadows.EntityRenderDispatcherMixin from mod sodium->@Inject::renderShadowPartFast(Lcom/mojang/blaze3d/vertex/PoseStack$Pose;Lcom/mojang/blaze3d/vertex/VertexConsumer;Lnet/minecraft/world/level/chunk/ChunkAccess;Lnet/minecraft/world/level/LevelReader;Lnet/minecraft/core/BlockPos;DDDFFLorg/spongepowered/asm/mixin/injection/callback/CallbackInfo;)V does use it's CallbackInfo
[03Dec2024 13:19:26.161] [Render thread/DEBUG] [mixin/]: mixins.iris.json:MixinEntityRenderDispatcher from mod iris->@Inject::iris$maybeSuppressEntityShadow(Lcom/mojang/blaze3d/vertex/PoseStack;Lnet/minecraft/client/renderer/MultiBufferSource;Lnet/minecraft/client/renderer/entity/state/EntityRenderState;FFLnet/minecraft/world/level/LevelReader;FLorg/spongepowered/asm/mixin/injection/callback/CallbackInfo;)V does use it's CallbackInfo
[03Dec2024 13:19:26.161] [Render thread/DEBUG] [mixin/]: mixins.iris.json:MixinEntityRenderDispatcher from mod iris->@Inject::restoreShadow(Lcom/mojang/blaze3d/vertex/PoseStack;Lnet/minecraft/client/renderer/MultiBufferSource;Lnet/minecraft/client/renderer/entity/state/EntityRenderState;FFLnet/minecraft/world/level/LevelReader;FLorg/spongepowered/asm/mixin/injection/callback/CallbackInfo;)V doesn't use it's CallbackInfo
[03Dec2024 13:19:26.161] [Render thread/DEBUG] [mixin/]: mixins.iris.json:MixinEntityRenderDispatcher from mod iris->@Inject::renderBlockShadow(Lcom/mojang/blaze3d/vertex/PoseStack$Pose;Lcom/mojang/blaze3d/vertex/VertexConsumer;Lnet/minecraft/world/level/chunk/ChunkAccess;Lnet/minecraft/world/level/LevelReader;Lnet/minecraft/core/BlockPos;DDDFFLorg/spongepowered/asm/mixin/injection/callback/CallbackInfo;)V does use it's CallbackInfo
[03Dec2024 13:19:26.161] [Render thread/DEBUG] [mixin/]: mixins.iris.json:MixinEntityRenderDispatcher from mod iris->@Inject::iris$setFlameId(Lcom/mojang/blaze3d/vertex/PoseStack;Lnet/minecraft/client/renderer/MultiBufferSource;Lnet/minecraft/client/renderer/entity/state/EntityRenderState;Lorg/joml/Quaternionf;Lorg/spongepowered/asm/mixin/injection/callback/CallbackInfo;)V doesn't use it's CallbackInfo
[03Dec2024 13:19:26.161] [Render thread/DEBUG] [mixin/]: mixins.iris.json:MixinEntityRenderDispatcher from mod iris->@Inject::iris$setFlameId(Lcom/mojang/blaze3d/vertex/PoseStack;Lnet/minecraft/client/renderer/MultiBufferSource;Lnet/minecraft/client/renderer/entity/state/EntityRenderState;Lorg/joml/Quaternionf;Lorg/spongepowered/asm/mixin/injection/callback/CallbackInfo;)V has 0 override(s) in child classes
[03Dec2024 13:19:26.161] [Render thread/DEBUG] [mixin/]: mixins.iris.json:MixinEntityRenderDispatcher from mod iris->@Inject::iris$setFlameId(Lcom/mojang/blaze3d/vertex/PoseStack;Lnet/minecraft/client/renderer/MultiBufferSource;Lnet/minecraft/client/renderer/entity/state/EntityRenderState;Lorg/joml/Quaternionf;Lorg/spongepowered/asm/mixin/injection/callback/CallbackInfo;)V won't be passed a CallbackInfo as a result
[03Dec2024 13:19:26.161] [Render thread/DEBUG] [mixin/]: mixins.iris.json:MixinEntityRenderDispatcher from mod iris->@Inject::restoreFlameId(Lcom/mojang/blaze3d/vertex/PoseStack;Lnet/minecraft/client/renderer/MultiBufferSource;Lnet/minecraft/client/renderer/entity/state/EntityRenderState;Lorg/joml/Quaternionf;Lorg/spongepowered/asm/mixin/injection/callback/CallbackInfo;)V doesn't use it's CallbackInfo
[03Dec2024 13:19:26.161] [Render thread/DEBUG] [mixin/]: mixins.iris.json:MixinEntityRenderDispatcher from mod iris->@Inject::restoreFlameId(Lcom/mojang/blaze3d/vertex/PoseStack;Lnet/minecraft/client/renderer/MultiBufferSource;Lnet/minecraft/client/renderer/entity/state/EntityRenderState;Lorg/joml/Quaternionf;Lorg/spongepowered/asm/mixin/injection/callback/CallbackInfo;)V has 0 override(s) in child classes
[03Dec2024 13:19:26.161] [Render thread/DEBUG] [mixin/]: mixins.iris.json:MixinEntityRenderDispatcher from mod iris->@Inject::restoreFlameId(Lcom/mojang/blaze3d/vertex/PoseStack;Lnet/minecraft/client/renderer/MultiBufferSource;Lnet/minecraft/client/renderer/entity/state/EntityRenderState;Lorg/joml/Quaternionf;Lorg/spongepowered/asm/mixin/injection/callback/CallbackInfo;)V won't be passed a CallbackInfo as a result
[03Dec2024 13:19:26.161] [Render thread/DEBUG] [mixin/]: mixins.iris.json:entity_render_context.MixinEntityRenderDispatcher from mod iris->@Inject::iris$endEntityRender(Lnet/minecraft/world/entity/Entity;DDDFLcom/mojang/blaze3d/vertex/PoseStack;Lnet/minecraft/client/renderer/MultiBufferSource;ILnet/minecraft/client/renderer/entity/EntityRenderer;Lorg/spongepowered/asm/mixin/injection/callback/CallbackInfo;)V doesn't use it's CallbackInfo
[03Dec2024 13:19:26.161] [Render thread/DEBUG] [mixin/]: mixins.iris.json:entity_render_context.MixinEntityRenderDispatcher from mod iris->@Inject::iris$endEntityRender(Lnet/minecraft/world/entity/Entity;DDDFLcom/mojang/blaze3d/vertex/PoseStack;Lnet/minecraft/client/renderer/MultiBufferSource;ILnet/minecraft/client/renderer/entity/EntityRenderer;Lorg/spongepowered/asm/mixin/injection/callback/CallbackInfo;)V has 0 override(s) in child classes
[03Dec2024 13:19:26.161] [Render thread/DEBUG] [mixin/]: mixins.iris.json:entity_render_context.MixinEntityRenderDispatcher from mod iris->@Inject::iris$endEntityRender(Lnet/minecraft/world/entity/Entity;DDDFLcom/mojang/blaze3d/vertex/PoseStack;Lnet/minecraft/client/renderer/MultiBufferSource;ILnet/minecraft/client/renderer/entity/EntityRenderer;Lorg/spongepowered/asm/mixin/injection/callback/CallbackInfo;)V won't be passed a CallbackInfo as a result
[03Dec2024 13:19:26.170] [Render thread/DEBUG] [mixin/]: Mixing features.render.frapi.BakedModelMixin from sodium.mixins.json into net.minecraft.client.resources.model.BakedModel
[03Dec2024 13:19:26.170] [Render thread/DEBUG] [mixin/]: sodium.mixins.json:features.render.frapi.BakedModelMixin from mod sodium: Class version 65 required is higher than the class version supported by the current version of Mixin (JAVA_17 supports class version 61)
[03Dec2024 13:19:26.170] [Render thread/DEBUG] [mixin/]: Mixing client.BakedModelMixin from fabric-renderer-api-v1.mixins.json into net.minecraft.client.resources.model.BakedModel
[03Dec2024 13:19:26.170] [Render thread/DEBUG] [mixin/]: fabric-renderer-api-v1.mixins.json:client.BakedModelMixin from mod fabric_renderer_api_v1: Class version 65 required is higher than the class version supported by the current version of Mixin (JAVA_17 supports class version 61)
[03Dec2024 13:19:26.176] [Render thread/DEBUG] [mixin/]: Mixing texture.AnimationMetadataSectionAccessor from mixins.iris.json into net.minecraft.client.resources.metadata.animation.AnimationMetadataSection
[03Dec2024 13:19:26.176] [Render thread/DEBUG] [mixin/]: mixins.iris.json:texture.AnimationMetadataSectionAccessor from mod iris: Class version 65 required is higher than the class version supported by the current version of Mixin (JAVA_8 supports class version 52)
[03Dec2024 13:19:26.179] [Render thread/DEBUG] [mixin/]: Mixing core.render.world.RenderBuffersMixin from sodium.mixins.json into net.minecraft.client.renderer.RenderBuffers
[03Dec2024 13:19:26.179] [Render thread/DEBUG] [mixin/]: sodium.mixins.json:core.render.world.RenderBuffersMixin from mod sodium: Class version 65 required is higher than the class version supported by the current version of Mixin (JAVA_17 supports class version 61)
[03Dec2024 13:19:26.180] [Render thread/DEBUG] [mixin/]: Mixing MixinRenderBuffers from iris-batched-entity-rendering.mixins.json into net.minecraft.client.renderer.RenderBuffers
[03Dec2024 13:19:26.180] [Render thread/DEBUG] [mixin/]: iris-batched-entity-rendering.mixins.json:MixinRenderBuffers from mod iris: Class version 65 required is higher than the class version supported by the current version of Mixin (JAVA_8 supports class version 52)
[03Dec2024 13:19:26.181] [Render thread/DEBUG] [mixin/]: Renaming synthetic method lambda$freeAndDeleteBuffers$1(Lnet/minecraft/client/renderer/RenderType;Lcom/mojang/blaze3d/vertex/ByteBufferBuilder;)V to mdec2fbb$iris$lambda$freeAndDeleteBuffers$1$0 in iris-batched-entity-rendering.mixins.json:MixinRenderBuffers from mod iris
[03Dec2024 13:19:26.181] [Render thread/DEBUG] [mixin/]: Renaming synthetic method lambda$freeAndDeleteBuffers$0(Lcom/mojang/blaze3d/vertex/ByteBufferBuilder;)V to mdec2fbb$iris$lambda$freeAndDeleteBuffers$0$1 in iris-batched-entity-rendering.mixins.json:MixinRenderBuffers from mod iris
[03Dec2024 13:19:26.181] [Render thread/DEBUG] [mixin/]: Renaming @Unique field outlineBufferSourceLnet/minecraft/client/renderer/OutlineBufferSource; to fdec2fbb$iris$outlineBufferSource$0 in iris-batched-entity-rendering.mixins.json:MixinRenderBuffers from mod iris
[03Dec2024 13:19:26.185] [Render thread/DEBUG] [mixin/]: iris-batched-entity-rendering.mixins.json:MixinRenderBuffers from mod iris->@Inject::batchedentityrendering$replaceBufferSource(Lorg/spongepowered/asm/mixin/injection/callback/CallbackInfoReturnable;)V does use it's CallbackInfoReturnable
[03Dec2024 13:19:26.185] [Render thread/DEBUG] [mixin/]: iris-batched-entity-rendering.mixins.json:MixinRenderBuffers from mod iris->@Inject::batchedentityrendering$replaceCrumblingBufferSource(Lorg/spongepowered/asm/mixin/injection/callback/CallbackInfoReturnable;)V does use it's CallbackInfoReturnable
[03Dec2024 13:19:26.186] [Render thread/DEBUG] [mixin/]: iris-batched-entity-rendering.mixins.json:MixinRenderBuffers from mod iris->@Inject::batchedentityrendering$replaceOutlineBufferSource(Lorg/spongepowered/asm/mixin/injection/callback/CallbackInfoReturnable;)V does use it's CallbackInfoReturnable
[03Dec2024 13:19:26.188] [Render thread/DEBUG] [mixin/]: Mixing immediate.MixinBufferSource from mixins.iris.vertexformat.json into net.minecraft.client.renderer.MultiBufferSource$BufferSource
[03Dec2024 13:19:26.188] [Render thread/DEBUG] [mixin/]: mixins.iris.vertexformat.json:immediate.MixinBufferSource from mod iris: Class version 65 required is higher than the class version supported by the current version of Mixin (JAVA_8 supports class version 52)
[03Dec2024 13:19:26.188] [Render thread/DEBUG] [mixin/]: Mixing BufferSourceAccessor from iris-batched-entity-rendering.mixins.json into net.minecraft.client.renderer.MultiBufferSource$BufferSource
[03Dec2024 13:19:26.188] [Render thread/DEBUG] [mixin/]: iris-batched-entity-rendering.mixins.json:BufferSourceAccessor from mod iris: Class version 65 required is higher than the class version supported by the current version of Mixin (JAVA_8 supports class version 52)
[03Dec2024 13:19:26.188] [Render thread/DEBUG] [mixin/]: Mixing MixinBufferSource from iris-batched-entity-rendering.mixins.json into net.minecraft.client.renderer.MultiBufferSource$BufferSource
[03Dec2024 13:19:26.188] [Render thread/DEBUG] [mixin/]: iris-batched-entity-rendering.mixins.json:MixinBufferSource from mod iris: Class version 65 required is higher than the class version supported by the current version of Mixin (JAVA_8 supports class version 52)
[03Dec2024 13:19:26.191] [Render thread/DEBUG] [mixin/]: mixins.iris.vertexformat.json:immediate.MixinBufferSource from mod iris->@Inject::iris$beforeFlushBuffer(Lnet/minecraft/client/renderer/RenderType;Lcom/mojang/blaze3d/vertex/BufferBuilder;Lorg/spongepowered/asm/mixin/injection/callback/CallbackInfo;)V doesn't use it's CallbackInfo
[03Dec2024 13:19:26.191] [Render thread/DEBUG] [mixin/]: mixins.iris.vertexformat.json:immediate.MixinBufferSource from mod iris->@Inject::iris$beforeFlushBuffer(Lnet/minecraft/client/renderer/RenderType;Lcom/mojang/blaze3d/vertex/BufferBuilder;Lorg/spongepowered/asm/mixin/injection/callback/CallbackInfo;)V has 0 override(s) in child classes
[03Dec2024 13:19:26.191] [Render thread/DEBUG] [mixin/]: mixins.iris.vertexformat.json:immediate.MixinBufferSource from mod iris->@Inject::iris$beforeFlushBuffer(Lnet/minecraft/client/renderer/RenderType;Lcom/mojang/blaze3d/vertex/BufferBuilder;Lorg/spongepowered/asm/mixin/injection/callback/CallbackInfo;)V won't be passed a CallbackInfo as a result
[03Dec2024 13:19:26.191] [Render thread/DEBUG] [mixin/]: mixins.iris.vertexformat.json:immediate.MixinBufferSource from mod iris->@Inject::iris$afterFlushBuffer(Lnet/minecraft/client/renderer/RenderType;Lcom/mojang/blaze3d/vertex/BufferBuilder;Lorg/spongepowered/asm/mixin/injection/callback/CallbackInfo;)V doesn't use it's CallbackInfo
[03Dec2024 13:19:26.191] [Render thread/DEBUG] [mixin/]: mixins.iris.vertexformat.json:immediate.MixinBufferSource from mod iris->@Inject::iris$afterFlushBuffer(Lnet/minecraft/client/renderer/RenderType;Lcom/mojang/blaze3d/vertex/BufferBuilder;Lorg/spongepowered/asm/mixin/injection/callback/CallbackInfo;)V has 0 override(s) in child classes
[03Dec2024 13:19:26.191] [Render thread/DEBUG] [mixin/]: mixins.iris.vertexformat.json:immediate.MixinBufferSource from mod iris->@Inject::iris$afterFlushBuffer(Lnet/minecraft/client/renderer/RenderType;Lcom/mojang/blaze3d/vertex/BufferBuilder;Lorg/spongepowered/asm/mixin/injection/callback/CallbackInfo;)V won't be passed a CallbackInfo as a result
[03Dec2024 13:19:26.195] [Render thread/DEBUG] [mixin/]: Mixing SectionBufferBuilderPackAccessor from iris-batched-entity-rendering.mixins.json into net.minecraft.client.renderer.SectionBufferBuilderPack
[03Dec2024 13:19:26.195] [Render thread/DEBUG] [mixin/]: iris-batched-entity-rendering.mixins.json:SectionBufferBuilderPackAccessor from mod iris: Class version 65 required is higher than the class version supported by the current version of Mixin (JAVA_8 supports class version 52)
[03Dec2024 13:19:26.199] [Render thread/DEBUG] [mixin/]: Mixing OutlineBufferSourceAccessor from iris-batched-entity-rendering.mixins.json into net.minecraft.client.renderer.OutlineBufferSource
[03Dec2024 13:19:26.199] [Render thread/DEBUG] [mixin/]: iris-batched-entity-rendering.mixins.json:OutlineBufferSourceAccessor from mod iris: Class version 65 required is higher than the class version supported by the current version of Mixin (JAVA_8 supports class version 52)
[03Dec2024 13:19:26.207] [Render thread/DEBUG] [mixin/]: Mixing features.render.frapi.ModelBlockRendererMixin from sodium.mixins.json into net.minecraft.client.renderer.block.ModelBlockRenderer
[03Dec2024 13:19:26.207] [Render thread/DEBUG] [mixin/]: sodium.mixins.json:features.render.frapi.ModelBlockRendererMixin from mod sodium: Class version 65 required is higher than the class version supported by the current version of Mixin (JAVA_17 supports class version 61)
[03Dec2024 13:19:26.208] [Render thread/DEBUG] [mixin/]: Renaming synthetic method lambda$new$0()Lnet/caffeinemc/mods/sodium/client/render/frapi/render/NonTerrainBlockRenderContext; to mdec2fbb$sodium$lambda$new$0$0 in sodium.mixins.json:features.render.frapi.ModelBlockRendererMixin from mod sodium
[03Dec2024 13:19:26.208] [Render thread/DEBUG] [mixin/]: Mixing features.textures.animations.tracking.ModelBlockRendererMixin from sodium.mixins.json into net.minecraft.client.renderer.block.ModelBlockRenderer
[03Dec2024 13:19:26.208] [Render thread/DEBUG] [mixin/]: sodium.mixins.json:features.textures.animations.tracking.ModelBlockRendererMixin from mod sodium: Class version 65 required is higher than the class version supported by the current version of Mixin (JAVA_17 supports class version 61)
[03Dec2024 13:19:26.208] [Render thread/DEBUG] [mixin/]: Mixing features.render.model.block.ModelBlockRendererMixin from sodium-forge.mixins.json into net.minecraft.client.renderer.block.ModelBlockRenderer
[03Dec2024 13:19:26.208] [Render thread/DEBUG] [mixin/]: sodium-forge.mixins.json:features.render.model.block.ModelBlockRendererMixin from mod sodium: Class version 65 required is higher than the class version supported by the current version of Mixin (JAVA_17 supports class version 61)
[03Dec2024 13:19:26.213] [Render thread/DEBUG] [mixin/]: sodium.mixins.json:features.render.frapi.ModelBlockRendererMixin from mod sodium->@Inject::onRender(Lnet/minecraft/world/level/BlockAndTintGetter;Lnet/minecraft/client/resources/model/BakedModel;Lnet/minecraft/world/level/block/state/BlockState;Lnet/minecraft/core/BlockPos;Lcom/mojang/blaze3d/vertex/PoseStack;Lcom/mojang/blaze3d/vertex/VertexConsumer;ZLnet/minecraft/util/RandomSource;JILorg/spongepowered/asm/mixin/injection/callback/CallbackInfo;)V does use it's CallbackInfo
[03Dec2024 13:19:26.213] [Render thread/DEBUG] [mixin/]: sodium.mixins.json:features.textures.animations.tracking.ModelBlockRendererMixin from mod sodium->@Inject::preRenderQuad(Lnet/minecraft/world/level/BlockAndTintGetter;Lnet/minecraft/world/level/block/state/BlockState;Lnet/minecraft/core/BlockPos;Lcom/mojang/blaze3d/vertex/VertexConsumer;Lcom/mojang/blaze3d/vertex/PoseStack$Pose;Lnet/minecraft/client/renderer/block/model/BakedQuad;FFFFIIIIILorg/spongepowered/asm/mixin/injection/callback/CallbackInfo;)V doesn't use it's CallbackInfo
[03Dec2024 13:19:26.213] [Render thread/DEBUG] [mixin/]: sodium.mixins.json:features.textures.animations.tracking.ModelBlockRendererMixin from mod sodium->@Inject::preRenderQuad(Lnet/minecraft/world/level/BlockAndTintGetter;Lnet/minecraft/world/level/block/state/BlockState;Lnet/minecraft/core/BlockPos;Lcom/mojang/blaze3d/vertex/VertexConsumer;Lcom/mojang/blaze3d/vertex/PoseStack$Pose;Lnet/minecraft/client/renderer/block/model/BakedQuad;FFFFIIIIILorg/spongepowered/asm/mixin/injection/callback/CallbackInfo;)V has 0 override(s) in child classes
[03Dec2024 13:19:26.213] [Render thread/DEBUG] [mixin/]: sodium.mixins.json:features.textures.animations.tracking.ModelBlockRendererMixin from mod sodium->@Inject::preRenderQuad(Lnet/minecraft/world/level/BlockAndTintGetter;Lnet/minecraft/world/level/block/state/BlockState;Lnet/minecraft/core/BlockPos;Lcom/mojang/blaze3d/vertex/VertexConsumer;Lcom/mojang/blaze3d/vertex/PoseStack$Pose;Lnet/minecraft/client/renderer/block/model/BakedQuad;FFFFIIIIILorg/spongepowered/asm/mixin/injection/callback/CallbackInfo;)V won't be passed a CallbackInfo as a result
[03Dec2024 13:19:26.213] [Render thread/DEBUG] [mixin/]: sodium-forge.mixins.json:features.render.model.block.ModelBlockRendererMixin from mod sodium->@Inject::renderFast(Lcom/mojang/blaze3d/vertex/PoseStack$Pose;Lcom/mojang/blaze3d/vertex/VertexConsumer;Lnet/minecraft/world/level/block/state/BlockState;Lnet/minecraft/client/resources/model/BakedModel;FFFIILnet/neoforged/neoforge/client/model/data/ModelData;Lnet/minecraft/client/renderer/RenderType;Lorg/spongepowered/asm/mixin/injection/callback/CallbackInfo;)V does use it's CallbackInfo
[03Dec2024 13:19:26.221] [Render thread/DEBUG] [mixin/]: Mixing AbstractBlockRenderContextMixin from sodium-forge.mixins.json into net.caffeinemc.mods.sodium.client.render.frapi.render.AbstractBlockRenderContext
[03Dec2024 13:19:26.221] [Render thread/DEBUG] [mixin/]: sodium-forge.mixins.json:AbstractBlockRenderContextMixin from mod sodium: Class version 65 required is higher than the class version supported by the current version of Mixin (JAVA_17 supports class version 61)
[03Dec2024 13:19:26.224] [Render thread/DEBUG] [mixin/]: Mixing core.model.TextureAtlasSpriteMixin from sodium.mixins.json into net.minecraft.client.renderer.texture.TextureAtlasSprite
[03Dec2024 13:19:26.224] [Render thread/DEBUG] [mixin/]: sodium.mixins.json:core.model.TextureAtlasSpriteMixin from mod sodium: Class version 65 required is higher than the class version supported by the current version of Mixin (JAVA_17 supports class version 61)
[03Dec2024 13:19:26.227] [Render thread/DEBUG] [mixin/]: Mixing MixinItemInHandRenderer from mixins.iris.json into net.minecraft.client.renderer.ItemInHandRenderer
[03Dec2024 13:19:26.227] [Render thread/DEBUG] [mixin/]: mixins.iris.json:MixinItemInHandRenderer from mod iris: Class version 65 required is higher than the class version supported by the current version of Mixin (JAVA_8 supports class version 52)
[03Dec2024 13:19:26.228] [Render thread/DEBUG] [mixin/]: mixins.iris.json:MixinItemInHandRenderer from mod iris->@Inject::iris$skipTranslucentHands(Lnet/minecraft/client/player/AbstractClientPlayer;FFLnet/minecraft/world/InteractionHand;FLnet/minecraft/world/item/ItemStack;FLcom/mojang/blaze3d/vertex/PoseStack;Lnet/minecraft/client/renderer/MultiBufferSource;ILorg/spongepowered/asm/mixin/injection/callback/CallbackInfo;)V does use it's CallbackInfo
[03Dec2024 13:19:26.231] [Render thread/DEBUG] [mixin/]: Mixing MixinParticleEngine from mixins.iris.json into net.minecraft.client.particle.ParticleEngine
[03Dec2024 13:19:26.231] [Render thread/DEBUG] [mixin/]: mixins.iris.json:MixinParticleEngine from mod iris: Class version 65 required is higher than the class version supported by the current version of Mixin (JAVA_8 supports class version 52)
[03Dec2024 13:19:26.231] [Render thread/DEBUG] [mixin/]: Renaming synthetic method lambda$iris$finishDrawingParticles$1(Lnet/irisshaders/iris/pipeline/WorldRenderingPipeline;)V to mdec2fbb$iris$lambda$iris$finishDrawingParticles$1$0 in mixins.iris.json:MixinParticleEngine from mod iris
[03Dec2024 13:19:26.231] [Render thread/DEBUG] [mixin/]: Renaming synthetic method lambda$iris$beginDrawingParticles$0(Lnet/irisshaders/iris/pipeline/WorldRenderingPipeline;)V to mdec2fbb$iris$lambda$iris$beginDrawingParticles$0$1 in mixins.iris.json:MixinParticleEngine from mod iris
[03Dec2024 13:19:26.232] [Render thread/DEBUG] [mixin/]: mixins.iris.json:MixinParticleEngine from mod iris->@Inject::iris$beginDrawingParticles(Lnet/minecraft/client/renderer/LightTexture;Lnet/minecraft/client/Camera;FLorg/spongepowered/asm/mixin/injection/callback/CallbackInfo;)V doesn't use it's CallbackInfo
[03Dec2024 13:19:26.232] [Render thread/DEBUG] [mixin/]: mixins.iris.json:MixinParticleEngine from mod iris->@Inject::iris$beginDrawingParticles(Lnet/minecraft/client/renderer/LightTexture;Lnet/minecraft/client/Camera;FLorg/spongepowered/asm/mixin/injection/callback/CallbackInfo;)V has 0 override(s) in child classes
[03Dec2024 13:19:26.232] [Render thread/DEBUG] [mixin/]: mixins.iris.json:MixinParticleEngine from mod iris->@Inject::iris$beginDrawingParticles(Lnet/minecraft/client/renderer/LightTexture;Lnet/minecraft/client/Camera;FLorg/spongepowered/asm/mixin/injection/callback/CallbackInfo;)V won't be passed a CallbackInfo as a result
[03Dec2024 13:19:26.232] [Render thread/DEBUG] [mixin/]: mixins.iris.json:MixinParticleEngine from mod iris->@Inject::iris$finishDrawingParticles(Lnet/minecraft/client/renderer/LightTexture;Lnet/minecraft/client/Camera;FLorg/spongepowered/asm/mixin/injection/callback/CallbackInfo;)V doesn't use it's CallbackInfo
[03Dec2024 13:19:26.232] [Render thread/DEBUG] [mixin/]: mixins.iris.json:MixinParticleEngine from mod iris->@Inject::iris$finishDrawingParticles(Lnet/minecraft/client/renderer/LightTexture;Lnet/minecraft/client/Camera;FLorg/spongepowered/asm/mixin/injection/callback/CallbackInfo;)V has 0 override(s) in child classes
[03Dec2024 13:19:26.232] [Render thread/DEBUG] [mixin/]: mixins.iris.json:MixinParticleEngine from mod iris->@Inject::iris$finishDrawingParticles(Lnet/minecraft/client/renderer/LightTexture;Lnet/minecraft/client/Camera;FLorg/spongepowered/asm/mixin/injection/callback/CallbackInfo;)V won't be passed a CallbackInfo as a result
[03Dec2024 13:19:26.235] [Render thread/DEBUG] [mixin/]: Mixing MixinTerrainParticle from mixins.iris.fantastic.json into net.minecraft.client.particle.TerrainParticle
[03Dec2024 13:19:26.235] [Render thread/DEBUG] [mixin/]: mixins.iris.fantastic.json:MixinTerrainParticle from mod iris: Class version 65 required is higher than the class version supported by the current version of Mixin (JAVA_8 supports class version 52)
[03Dec2024 13:19:26.236] [Render thread/DEBUG] [mixin/]: mixins.iris.fantastic.json:MixinTerrainParticle from mod iris->@Inject::iris$resolveTranslucency(Lnet/minecraft/client/multiplayer/ClientLevel;DDDDDDLnet/minecraft/world/level/block/state/BlockState;Lnet/minecraft/core/BlockPos;Lorg/spongepowered/asm/mixin/injection/callback/CallbackInfo;)V doesn't use it's CallbackInfo
[03Dec2024 13:19:26.236] [Render thread/DEBUG] [mixin/]: mixins.iris.fantastic.json:MixinTerrainParticle from mod iris->@Inject::iris$resolveTranslucency(Lnet/minecraft/client/multiplayer/ClientLevel;DDDDDDLnet/minecraft/world/level/block/state/BlockState;Lnet/minecraft/core/BlockPos;Lorg/spongepowered/asm/mixin/injection/callback/CallbackInfo;)V has 0 override(s) in child classes
[03Dec2024 13:19:26.236] [Render thread/DEBUG] [mixin/]: mixins.iris.fantastic.json:MixinTerrainParticle from mod iris->@Inject::iris$resolveTranslucency(Lnet/minecraft/client/multiplayer/ClientLevel;DDDDDDLnet/minecraft/world/level/block/state/BlockState;Lnet/minecraft/core/BlockPos;Lorg/spongepowered/asm/mixin/injection/callback/CallbackInfo;)V won't be passed a CallbackInfo as a result
[03Dec2024 13:19:26.236] [Render thread/DEBUG] [mixin/]: mixins.iris.fantastic.json:MixinTerrainParticle from mod iris->@Inject::iris$overrideParticleSheet(Lorg/spongepowered/asm/mixin/injection/callback/CallbackInfoReturnable;)V does use it's CallbackInfoReturnable
[03Dec2024 13:19:26.237] [Render thread/DEBUG] [mixin/]: Mixing features.textures.animations.tracking.TextureSheetParticleMixin from sodium.mixins.json into net.minecraft.client.particle.TextureSheetParticle
[03Dec2024 13:19:26.237] [Render thread/DEBUG] [mixin/]: sodium.mixins.json:features.textures.animations.tracking.TextureSheetParticleMixin from mod sodium: Class version 65 required is higher than the class version supported by the current version of Mixin (JAVA_17 supports class version 61)
[03Dec2024 13:19:26.237] [Render thread/DEBUG] [mixin/]: sodium.mixins.json:features.textures.animations.tracking.TextureSheetParticleMixin from mod sodium->@Inject::afterSetSprite(Lnet/minecraft/client/renderer/texture/TextureAtlasSprite;Lorg/spongepowered/asm/mixin/injection/callback/CallbackInfo;)V doesn't use it's CallbackInfo
[03Dec2024 13:19:26.237] [Render thread/DEBUG] [mixin/]: sodium.mixins.json:features.textures.animations.tracking.TextureSheetParticleMixin from mod sodium->@Inject::afterSetSprite(Lnet/minecraft/client/renderer/texture/TextureAtlasSprite;Lorg/spongepowered/asm/mixin/injection/callback/CallbackInfo;)V has 0 override(s) in child classes
[03Dec2024 13:19:26.237] [Render thread/DEBUG] [mixin/]: sodium.mixins.json:features.textures.animations.tracking.TextureSheetParticleMixin from mod sodium->@Inject::afterSetSprite(Lnet/minecraft/client/renderer/texture/TextureAtlasSprite;Lorg/spongepowered/asm/mixin/injection/callback/CallbackInfo;)V won't be passed a CallbackInfo as a result
[03Dec2024 13:19:26.238] [Render thread/DEBUG] [mixin/]: Mixing features.render.particle.SingleQuadParticleMixin from sodium.mixins.json into net.minecraft.client.particle.SingleQuadParticle
[03Dec2024 13:19:26.238] [Render thread/DEBUG] [mixin/]: sodium.mixins.json:features.render.particle.SingleQuadParticleMixin from mod sodium: Class version 65 required is higher than the class version supported by the current version of Mixin (JAVA_17 supports class version 61)
[03Dec2024 13:19:26.245] [Render thread/DEBUG] [mixin/]: Mixing MixinStationaryItemParticle from mixins.iris.fantastic.json into net.minecraft.client.particle.BlockMarker
[03Dec2024 13:19:26.245] [Render thread/DEBUG] [mixin/]: mixins.iris.fantastic.json:MixinStationaryItemParticle from mod iris: Class version 65 required is higher than the class version supported by the current version of Mixin (JAVA_8 supports class version 52)
[03Dec2024 13:19:26.246] [Render thread/DEBUG] [mixin/]: mixins.iris.fantastic.json:MixinStationaryItemParticle from mod iris->@Inject::iris$resolveTranslucency(Lnet/minecraft/client/multiplayer/ClientLevel;DDDLnet/minecraft/world/level/block/state/BlockState;Lorg/spongepowered/asm/mixin/injection/callback/CallbackInfo;)V doesn't use it's CallbackInfo
[03Dec2024 13:19:26.246] [Render thread/DEBUG] [mixin/]: mixins.iris.fantastic.json:MixinStationaryItemParticle from mod iris->@Inject::iris$resolveTranslucency(Lnet/minecraft/client/multiplayer/ClientLevel;DDDLnet/minecraft/world/level/block/state/BlockState;Lorg/spongepowered/asm/mixin/injection/callback/CallbackInfo;)V has 0 override(s) in child classes
[03Dec2024 13:19:26.246] [Render thread/DEBUG] [mixin/]: mixins.iris.fantastic.json:MixinStationaryItemParticle from mod iris->@Inject::iris$resolveTranslucency(Lnet/minecraft/client/multiplayer/ClientLevel;DDDLnet/minecraft/world/level/block/state/BlockState;Lorg/spongepowered/asm/mixin/injection/callback/CallbackInfo;)V won't be passed a CallbackInfo as a result
[03Dec2024 13:19:26.246] [Render thread/DEBUG] [mixin/]: mixins.iris.fantastic.json:MixinStationaryItemParticle from mod iris->@Inject::iris$overrideParticleRenderType(Lorg/spongepowered/asm/mixin/injection/callback/CallbackInfoReturnable;)V does use it's CallbackInfoReturnable
[03Dec2024 13:19:26.262] [Render thread/DEBUG] [mixin/]: Mixing MixinFireworkSparkParticle from mixins.iris.fantastic.json into net.minecraft.client.particle.FireworkParticles$SparkParticle
[03Dec2024 13:19:26.263] [Render thread/DEBUG] [mixin/]: mixins.iris.fantastic.json:MixinFireworkSparkParticle from mod iris: Class version 65 required is higher than the class version supported by the current version of Mixin (JAVA_8 supports class version 52)
[03Dec2024 13:19:26.293] [Render thread/DEBUG] [mixin/]: Mixing features.gui.hooks.console.GameRendererMixin from sodium.mixins.json into net.minecraft.client.renderer.GameRenderer
[03Dec2024 13:19:26.293] [Render thread/DEBUG] [mixin/]: sodium.mixins.json:features.gui.hooks.console.GameRendererMixin from mod sodium: Class version 65 required is higher than the class version supported by the current version of Mixin (JAVA_17 supports class version 61)
[03Dec2024 13:19:26.293] [Render thread/DEBUG] [mixin/]: Mixing GameRendererAccessor from mixins.iris.json into net.minecraft.client.renderer.GameRenderer
[03Dec2024 13:19:26.293] [Render thread/DEBUG] [mixin/]: mixins.iris.json:GameRendererAccessor from mod iris: Class version 65 required is higher than the class version supported by the current version of Mixin (JAVA_8 supports class version 52)
[03Dec2024 13:19:26.294] [Render thread/DEBUG] [mixin/]: Mixing MixinGameRenderer from mixins.iris.json into net.minecraft.client.renderer.GameRenderer
[03Dec2024 13:19:26.294] [Render thread/DEBUG] [mixin/]: mixins.iris.json:MixinGameRenderer from mod iris: Class version 65 required is higher than the class version supported by the current version of Mixin (JAVA_8 supports class version 52)
[03Dec2024 13:19:26.295] [Render thread/DEBUG] [mixin/]: Mixing MixinModelViewBobbing from mixins.iris.json into net.minecraft.client.renderer.GameRenderer
[03Dec2024 13:19:26.295] [Render thread/DEBUG] [mixin/]: mixins.iris.json:MixinModelViewBobbing from mod iris: Class version 65 required is higher than the class version supported by the current version of Mixin (JAVA_8 supports class version 52)
[03Dec2024 13:19:26.297] [Render thread/DEBUG] [mixin/]: Mixing MixinGameRenderer_NightVisionCompat from mixins.iris.json into net.minecraft.client.renderer.GameRenderer
[03Dec2024 13:19:26.297] [Render thread/DEBUG] [mixin/]: mixins.iris.json:MixinGameRenderer_NightVisionCompat from mod iris: Class version 65 required is higher than the class version supported by the current version of Mixin (JAVA_8 supports class version 52)
[03Dec2024 13:19:26.306] [Render thread/DEBUG] [mixin/]: sodium.mixins.json:features.gui.hooks.console.GameRendererMixin from mod sodium->@Inject::onRender(Lnet/minecraft/client/DeltaTracker;ZLorg/spongepowered/asm/mixin/injection/callback/CallbackInfo;)V doesn't use it's CallbackInfo
[03Dec2024 13:19:26.306] [Render thread/DEBUG] [mixin/]: sodium.mixins.json:features.gui.hooks.console.GameRendererMixin from mod sodium->@Inject::onRender(Lnet/minecraft/client/DeltaTracker;ZLorg/spongepowered/asm/mixin/injection/callback/CallbackInfo;)V has 0 override(s) in child classes
[03Dec2024 13:19:26.306] [Render thread/DEBUG] [mixin/]: sodium.mixins.json:features.gui.hooks.console.GameRendererMixin from mod sodium->@Inject::onRender(Lnet/minecraft/client/DeltaTracker;ZLorg/spongepowered/asm/mixin/injection/callback/CallbackInfo;)V won't be passed a CallbackInfo as a result
[03Dec2024 13:19:26.306] [Render thread/DEBUG] [mixin/]: sodium.mixins.json:features.gui.hooks.console.GameRendererMixin from mod sodium->@Inject::onRender(Lnet/minecraft/client/DeltaTracker;ZLorg/spongepowered/asm/mixin/injection/callback/CallbackInfo;)V doesn't use it's CallbackInfo
[03Dec2024 13:19:26.306] [Render thread/DEBUG] [mixin/]: sodium.mixins.json:features.gui.hooks.console.GameRendererMixin from mod sodium->@Inject::onRender(Lnet/minecraft/client/DeltaTracker;ZLorg/spongepowered/asm/mixin/injection/callback/CallbackInfo;)V has 0 override(s) in child classes
[03Dec2024 13:19:26.306] [Render thread/DEBUG] [mixin/]: sodium.mixins.json:features.gui.hooks.console.GameRendererMixin from mod sodium->@Inject::onRender(Lnet/minecraft/client/DeltaTracker;ZLorg/spongepowered/asm/mixin/injection/callback/CallbackInfo;)V won't be passed a CallbackInfo as a result
[03Dec2024 13:19:26.306] [Render thread/DEBUG] [mixin/]: mixins.iris.json:MixinGameRenderer from mod iris->@Inject::iris$startFrame(Lnet/minecraft/client/DeltaTracker;ZLorg/spongepowered/asm/mixin/injection/callback/CallbackInfo;)V doesn't use it's CallbackInfo
[03Dec2024 13:19:26.306] [Render thread/DEBUG] [mixin/]: mixins.iris.json:MixinGameRenderer from mod iris->@Inject::iris$startFrame(Lnet/minecraft/client/DeltaTracker;ZLorg/spongepowered/asm/mixin/injection/callback/CallbackInfo;)V has 0 override(s) in child classes
[03Dec2024 13:19:26.306] [Render thread/DEBUG] [mixin/]: mixins.iris.json:MixinGameRenderer from mod iris->@Inject::iris$startFrame(Lnet/minecraft/client/DeltaTracker;ZLorg/spongepowered/asm/mixin/injection/callback/CallbackInfo;)V won't be passed a CallbackInfo as a result
[03Dec2024 13:19:26.306] [Render thread/DEBUG] [mixin/]: mixins.iris.json:MixinGameRenderer from mod iris->@Inject::iris$logSystem(Lnet/minecraft/client/Minecraft;Lnet/minecraft/client/renderer/ItemInHandRenderer;Lnet/minecraft/server/packs/resources/ResourceManager;Lnet/minecraft/client/renderer/RenderBuffers;Lorg/spongepowered/asm/mixin/injection/callback/CallbackInfo;)V doesn't use it's CallbackInfo
[03Dec2024 13:19:26.306] [Render thread/DEBUG] [mixin/]: mixins.iris.json:MixinGameRenderer from mod iris->@Inject::iris$logSystem(Lnet/minecraft/client/Minecraft;Lnet/minecraft/client/renderer/ItemInHandRenderer;Lnet/minecraft/server/packs/resources/ResourceManager;Lnet/minecraft/client/renderer/RenderBuffers;Lorg/spongepowered/asm/mixin/injection/callback/CallbackInfo;)V has 0 override(s) in child classes
[03Dec2024 13:19:26.306] [Render thread/DEBUG] [mixin/]: mixins.iris.json:MixinGameRenderer from mod iris->@Inject::iris$logSystem(Lnet/minecraft/client/Minecraft;Lnet/minecraft/client/renderer/ItemInHandRenderer;Lnet/minecraft/server/packs/resources/ResourceManager;Lnet/minecraft/client/renderer/RenderBuffers;Lorg/spongepowered/asm/mixin/injection/callback/CallbackInfo;)V won't be passed a CallbackInfo as a result
[03Dec2024 13:19:26.306] [Render thread/DEBUG] [mixin/]: mixins.iris.json:MixinGameRenderer from mod iris->@Inject::iris$runColorSpace(Lnet/minecraft/client/DeltaTracker;Lorg/spongepowered/asm/mixin/injection/callback/CallbackInfo;)V doesn't use it's CallbackInfo
[03Dec2024 13:19:26.306] [Render thread/DEBUG] [mixin/]: mixins.iris.json:MixinGameRenderer from mod iris->@Inject::iris$runColorSpace(Lnet/minecraft/client/DeltaTracker;Lorg/spongepowered/asm/mixin/injection/callback/CallbackInfo;)V has 0 override(s) in child classes
[03Dec2024 13:19:26.306] [Render thread/DEBUG] [mixin/]: mixins.iris.json:MixinGameRenderer from mod iris->@Inject::iris$runColorSpace(Lnet/minecraft/client/DeltaTracker;Lorg/spongepowered/asm/mixin/injection/callback/CallbackInfo;)V won't be passed a CallbackInfo as a result
[03Dec2024 13:19:26.306] [Render thread/DEBUG] [mixin/]: mixins.iris.json:MixinModelViewBobbing from mod iris->@Inject::iris$saveShadersOn(Lnet/minecraft/client/DeltaTracker;Lorg/spongepowered/asm/mixin/injection/callback/CallbackInfo;)V doesn't use it's CallbackInfo
[03Dec2024 13:19:26.306] [Render thread/DEBUG] [mixin/]: mixins.iris.json:MixinModelViewBobbing from mod iris->@Inject::iris$saveShadersOn(Lnet/minecraft/client/DeltaTracker;Lorg/spongepowered/asm/mixin/injection/callback/CallbackInfo;)V has 0 override(s) in child classes
[03Dec2024 13:19:26.306] [Render thread/DEBUG] [mixin/]: mixins.iris.json:MixinModelViewBobbing from mod iris->@Inject::iris$saveShadersOn(Lnet/minecraft/client/DeltaTracker;Lorg/spongepowered/asm/mixin/injection/callback/CallbackInfo;)V won't be passed a CallbackInfo as a result
[03Dec2024 13:19:26.306] [Render thread/DEBUG] [mixin/]: mixins.iris.json:MixinGameRenderer_NightVisionCompat from mod iris->@Inject::iris$safecheckNightvisionStrength(Lnet/minecraft/world/entity/LivingEntity;FLorg/spongepowered/asm/mixin/injection/callback/CallbackInfoReturnable;)V does use it's CallbackInfoReturnable
[03Dec2024 13:19:26.313] [Render thread/DEBUG] [mixin/]: Mixing LightTextureAccessor from mixins.iris.json into net.minecraft.client.renderer.LightTexture
[03Dec2024 13:19:26.314] [Render thread/DEBUG] [mixin/]: mixins.iris.json:LightTextureAccessor from mod iris: Class version 65 required is higher than the class version supported by the current version of Mixin (JAVA_8 supports class version 52)
[03Dec2024 13:19:26.314] [Render thread/DEBUG] [mixin/]: Mixing MixinLightTexture from mixins.iris.json into net.minecraft.client.renderer.LightTexture
[03Dec2024 13:19:26.314] [Render thread/DEBUG] [mixin/]: mixins.iris.json:MixinLightTexture from mod iris: Class version 65 required is higher than the class version supported by the current version of Mixin (JAVA_8 supports class version 52)
[03Dec2024 13:19:26.315] [Render thread/DEBUG] [mixin/]: mixins.iris.json:MixinLightTexture from mod iris->@Inject::resetDarknessValue(FLorg/spongepowered/asm/mixin/injection/callback/CallbackInfo;)V doesn't use it's CallbackInfo
[03Dec2024 13:19:26.315] [Render thread/DEBUG] [mixin/]: mixins.iris.json:MixinLightTexture from mod iris->@Inject::resetDarknessValue(FLorg/spongepowered/asm/mixin/injection/callback/CallbackInfo;)V has 0 override(s) in child classes
[03Dec2024 13:19:26.315] [Render thread/DEBUG] [mixin/]: mixins.iris.json:MixinLightTexture from mod iris->@Inject::resetDarknessValue(FLorg/spongepowered/asm/mixin/injection/callback/CallbackInfo;)V won't be passed a CallbackInfo as a result
[03Dec2024 13:19:26.315] [Render thread/DEBUG] [mixin/]: mixins.iris.json:MixinLightTexture from mod iris->@Inject::storeDarknessValue(Lnet/minecraft/world/entity/LivingEntity;FFLorg/spongepowered/asm/mixin/injection/callback/CallbackInfoReturnable;)V does use it's CallbackInfoReturnable
[03Dec2024 13:19:26.317] [Render thread/INFO] [Iris/]: Hardware information:
[03Dec2024 13:19:26.318] [Render thread/INFO] [Iris/]: CPU: 12x AMD Ryzen 5 7640HS w/ Radeon 760M Graphics 
[03Dec2024 13:19:26.318] [Render thread/INFO] [Iris/]: GPU: AMD Radeon(TM) 760M (Supports OpenGL 4.6.0 Core Profile Context 24.10.27.01.240627)
[03Dec2024 13:19:26.318] [Render thread/INFO] [Iris/]: OS: Windows 11 (10.0)
[03Dec2024 13:19:26.319] [Render thread/DEBUG] [mixin/]: Mixing immediate.MixinLevelRenderer from mixins.iris.vertexformat.json into net.minecraft.client.renderer.LevelRenderer
[03Dec2024 13:19:26.320] [Render thread/DEBUG] [mixin/]: mixins.iris.vertexformat.json:immediate.MixinLevelRenderer from mod iris: Class version 65 required is higher than the class version supported by the current version of Mixin (JAVA_8 supports class version 52)
[03Dec2024 13:19:26.320] [Render thread/DEBUG] [mixin/]: Mixing MixinLevelRenderer from iris-batched-entity-rendering.mixins.json into net.minecraft.client.renderer.LevelRenderer
[03Dec2024 13:19:26.320] [Render thread/DEBUG] [mixin/]: iris-batched-entity-rendering.mixins.json:MixinLevelRenderer from mod iris: Class version 65 required is higher than the class version supported by the current version of Mixin (JAVA_8 supports class version 52)
[03Dec2024 13:19:26.321] [Render thread/DEBUG] [mixin/]: Mixing MixinLevelRenderer_EntityListSorting from iris-batched-entity-rendering.mixins.json into net.minecraft.client.renderer.LevelRenderer
[03Dec2024 13:19:26.321] [Render thread/DEBUG] [mixin/]: iris-batched-entity-rendering.mixins.json:MixinLevelRenderer_EntityListSorting from mod iris: Class version 65 required is higher than the class version supported by the current version of Mixin (JAVA_8 supports class version 52)
[03Dec2024 13:19:26.321] [Render thread/DEBUG] [mixin/]: Renaming synthetic method lambda$batchedentityrendering$sortEntityList$1(Ljava/util/Map;Lnet/minecraft/world/entity/Entity;)V to mdec2fbb$iris$lambda$batchedentityrendering$sortEntityList$1$0 in iris-batched-entity-rendering.mixins.json:MixinLevelRenderer_EntityListSorting from mod iris
[03Dec2024 13:19:26.321] [Render thread/DEBUG] [mixin/]: Renaming synthetic method lambda$batchedentityrendering$sortEntityList$0(Lnet/minecraft/world/entity/EntityType;)Ljava/util/List; to mdec2fbb$iris$lambda$batchedentityrendering$sortEntityList$0$1 in iris-batched-entity-rendering.mixins.json:MixinLevelRenderer_EntityListSorting from mod iris
[03Dec2024 13:19:26.323] [Render thread/DEBUG] [mixin/]: Mixing core.render.world.LevelRendererMixin from sodium.mixins.json into net.minecraft.client.renderer.LevelRenderer
[03Dec2024 13:19:26.323] [Render thread/DEBUG] [mixin/]: sodium.mixins.json:core.render.world.LevelRendererMixin from mod sodium: Class version 65 required is higher than the class version supported by the current version of Mixin (JAVA_17 supports class version 61)
[03Dec2024 13:19:26.325] [Render thread/DEBUG] [mixin/]: Mixing features.render.world.clouds.LevelRendererMixin from sodium.mixins.json into net.minecraft.client.renderer.LevelRenderer
[03Dec2024 13:19:26.325] [Render thread/DEBUG] [mixin/]: sodium.mixins.json:features.render.world.clouds.LevelRendererMixin from mod sodium: Class version 65 required is higher than the class version supported by the current version of Mixin (JAVA_17 supports class version 61)
[03Dec2024 13:19:26.326] [Render thread/DEBUG] [mixin/]: Mixing LevelRendererAccessor from mixins.iris.json into net.minecraft.client.renderer.LevelRenderer
[03Dec2024 13:19:26.326] [Render thread/DEBUG] [mixin/]: mixins.iris.json:LevelRendererAccessor from mod iris: Class version 65 required is higher than the class version supported by the current version of Mixin (JAVA_8 supports class version 52)
[03Dec2024 13:19:26.326] [Render thread/DEBUG] [mixin/]: Mixing MixinLevelRenderer from mixins.iris.json into net.minecraft.client.renderer.LevelRenderer
[03Dec2024 13:19:26.326] [Render thread/DEBUG] [mixin/]: mixins.iris.json:MixinLevelRenderer from mod iris: Class version 65 required is higher than the class version supported by the current version of Mixin (JAVA_8 supports class version 52)
[03Dec2024 13:19:26.326] [Render thread/DEBUG] [mixin/]: Renaming synthetic method lambda$iris$endLevelRender$1(Lnet/irisshaders/iris/UpdateChecker$BetaInfo;)V to mdec2fbb$iris$lambda$iris$endLevelRender$1$2 in mixins.iris.json:MixinLevelRenderer from mod iris
[03Dec2024 13:19:26.327] [Render thread/DEBUG] [mixin/]: Renaming synthetic method lambda$iris$beginLevelRender$0(Lnet/minecraft/client/renderer/FogParameters;)V to mdec2fbb$iris$lambda$iris$beginLevelRender$0$3 in mixins.iris.json:MixinLevelRenderer from mod iris
[03Dec2024 13:19:26.331] [Render thread/DEBUG] [mixin/]: Mixing MixinLevelRenderer_SkipRendering from mixins.iris.json into net.minecraft.client.renderer.LevelRenderer
[03Dec2024 13:19:26.331] [Render thread/DEBUG] [mixin/]: mixins.iris.json:MixinLevelRenderer_SkipRendering from mod iris: Class version 65 required is higher than the class version supported by the current version of Mixin (JAVA_8 supports class version 52)
[03Dec2024 13:19:26.334] [Render thread/DEBUG] [mixin/]: Mixing MixinLevelRenderer_Sky from mixins.iris.json into net.minecraft.client.renderer.LevelRenderer
[03Dec2024 13:19:26.334] [Render thread/DEBUG] [mixin/]: mixins.iris.json:MixinLevelRenderer_Sky from mod iris: Class version 65 required is higher than the class version supported by the current version of Mixin (JAVA_8 supports class version 52)
[03Dec2024 13:19:26.336] [Render thread/DEBUG] [mixin/]: Mixing fabulous.MixinDisableFabulousGraphics from mixins.iris.json into net.minecraft.client.renderer.LevelRenderer
[03Dec2024 13:19:26.336] [Render thread/DEBUG] [mixin/]: mixins.iris.json:fabulous.MixinDisableFabulousGraphics from mod iris: Class version 65 required is higher than the class version supported by the current version of Mixin (JAVA_8 supports class version 52)
[03Dec2024 13:19:26.336] [Render thread/DEBUG] [mixin/]: Mixing shadows.MixinLevelRenderer from mixins.iris.json into net.minecraft.client.renderer.LevelRenderer
[03Dec2024 13:19:26.336] [Render thread/DEBUG] [mixin/]: mixins.iris.json:shadows.MixinLevelRenderer from mod iris: Class version 65 required is higher than the class version supported by the current version of Mixin (JAVA_8 supports class version 52)
[03Dec2024 13:19:26.337] [Render thread/DEBUG] [mixin/]: Mixing shadows.MixinPreventRebuildNearInShadowPass from mixins.iris.json into net.minecraft.client.renderer.LevelRenderer
[03Dec2024 13:19:26.337] [Render thread/DEBUG] [mixin/]: mixins.iris.json:shadows.MixinPreventRebuildNearInShadowPass from mod iris: Class version 65 required is higher than the class version supported by the current version of Mixin (JAVA_8 supports class version 52)
[03Dec2024 13:19:26.374] [Render thread/DEBUG] [mixin/]: mixins.iris.vertexformat.json:immediate.MixinLevelRenderer from mod iris->@Inject::iris$immediateStateBeginLevelRender(Lcom/mojang/blaze3d/resource/GraphicsResourceAllocator;Lnet/minecraft/client/DeltaTracker;ZLnet/minecraft/client/Camera;Lnet/minecraft/client/renderer/GameRenderer;Lnet/minecraft/client/renderer/LightTexture;Lorg/joml/Matrix4f;Lorg/joml/Matrix4f;Lorg/spongepowered/asm/mixin/injection/callback/CallbackInfo;)V doesn't use it's CallbackInfo
[03Dec2024 13:19:26.376] [Render thread/DEBUG] [mixin/]: mixins.iris.vertexformat.json:immediate.MixinLevelRenderer from mod iris->@Inject::iris$immediateStateBeginLevelRender(Lcom/mojang/blaze3d/resource/GraphicsResourceAllocator;Lnet/minecraft/client/DeltaTracker;ZLnet/minecraft/client/Camera;Lnet/minecraft/client/renderer/GameRenderer;Lnet/minecraft/client/renderer/LightTexture;Lorg/joml/Matrix4f;Lorg/joml/Matrix4f;Lorg/spongepowered/asm/mixin/injection/callback/CallbackInfo;)V has 0 override(s) in child classes
[03Dec2024 13:19:26.376] [Render thread/DEBUG] [mixin/]: mixins.iris.vertexformat.json:immediate.MixinLevelRenderer from mod iris->@Inject::iris$immediateStateBeginLevelRender(Lcom/mojang/blaze3d/resource/GraphicsResourceAllocator;Lnet/minecraft/client/DeltaTracker;ZLnet/minecraft/client/Camera;Lnet/minecraft/client/renderer/GameRenderer;Lnet/minecraft/client/renderer/LightTexture;Lorg/joml/Matrix4f;Lorg/joml/Matrix4f;Lorg/spongepowered/asm/mixin/injection/callback/CallbackInfo;)V won't be passed a CallbackInfo as a result
[03Dec2024 13:19:26.376] [Render thread/DEBUG] [mixin/]: mixins.iris.vertexformat.json:immediate.MixinLevelRenderer from mod iris->@Inject::iris$immediateStateEndLevelRender(Lcom/mojang/blaze3d/resource/GraphicsResourceAllocator;Lnet/minecraft/client/DeltaTracker;ZLnet/minecraft/client/Camera;Lnet/minecraft/client/renderer/GameRenderer;Lnet/minecraft/client/renderer/LightTexture;Lorg/joml/Matrix4f;Lorg/joml/Matrix4f;Lorg/spongepowered/asm/mixin/injection/callback/CallbackInfo;)V doesn't use it's CallbackInfo
[03Dec2024 13:19:26.376] [Render thread/DEBUG] [mixin/]: mixins.iris.vertexformat.json:immediate.MixinLevelRenderer from mod iris->@Inject::iris$immediateStateEndLevelRender(Lcom/mojang/blaze3d/resource/GraphicsResourceAllocator;Lnet/minecraft/client/DeltaTracker;ZLnet/minecraft/client/Camera;Lnet/minecraft/client/renderer/GameRenderer;Lnet/minecraft/client/renderer/LightTexture;Lorg/joml/Matrix4f;Lorg/joml/Matrix4f;Lorg/spongepowered/asm/mixin/injection/callback/CallbackInfo;)V has 0 override(s) in child classes
[03Dec2024 13:19:26.376] [Render thread/DEBUG] [mixin/]: mixins.iris.vertexformat.json:immediate.MixinLevelRenderer from mod iris->@Inject::iris$immediateStateEndLevelRender(Lcom/mojang/blaze3d/resource/GraphicsResourceAllocator;Lnet/minecraft/client/DeltaTracker;ZLnet/minecraft/client/Camera;Lnet/minecraft/client/renderer/GameRenderer;Lnet/minecraft/client/renderer/LightTexture;Lorg/joml/Matrix4f;Lorg/joml/Matrix4f;Lorg/spongepowered/asm/mixin/injection/callback/CallbackInfo;)V won't be passed a CallbackInfo as a result
[03Dec2024 13:19:26.376] [Render thread/DEBUG] [mixin/]: iris-batched-entity-rendering.mixins.json:MixinLevelRenderer from mod iris->@Inject::batchedentityrendering$beginLevelRender(Lcom/mojang/blaze3d/resource/GraphicsResourceAllocator;Lnet/minecraft/client/DeltaTracker;ZLnet/minecraft/client/Camera;Lnet/minecraft/client/renderer/GameRenderer;Lnet/minecraft/client/renderer/LightTexture;Lorg/joml/Matrix4f;Lorg/joml/Matrix4f;Lorg/spongepowered/asm/mixin/injection/callback/CallbackInfo;)V doesn't use it's CallbackInfo
[03Dec2024 13:19:26.376] [Render thread/DEBUG] [mixin/]: iris-batched-entity-rendering.mixins.json:MixinLevelRenderer from mod iris->@Inject::batchedentityrendering$beginLevelRender(Lcom/mojang/blaze3d/resource/GraphicsResourceAllocator;Lnet/minecraft/client/DeltaTracker;ZLnet/minecraft/client/Camera;Lnet/minecraft/client/renderer/GameRenderer;Lnet/minecraft/client/renderer/LightTexture;Lorg/joml/Matrix4f;Lorg/joml/Matrix4f;Lorg/spongepowered/asm/mixin/injection/callback/CallbackInfo;)V has 0 override(s) in child classes
[03Dec2024 13:19:26.376] [Render thread/DEBUG] [mixin/]: iris-batched-entity-rendering.mixins.json:MixinLevelRenderer from mod iris->@Inject::batchedentityrendering$beginLevelRender(Lcom/mojang/blaze3d/resource/GraphicsResourceAllocator;Lnet/minecraft/client/DeltaTracker;ZLnet/minecraft/client/Camera;Lnet/minecraft/client/renderer/GameRenderer;Lnet/minecraft/client/renderer/LightTexture;Lorg/joml/Matrix4f;Lorg/joml/Matrix4f;Lorg/spongepowered/asm/mixin/injection/callback/CallbackInfo;)V won't be passed a CallbackInfo as a result
[03Dec2024 13:19:26.376] [Render thread/DEBUG] [mixin/]: iris-batched-entity-rendering.mixins.json:MixinLevelRenderer from mod iris->@Inject::batchedentityrendering$preRenderEntity(Lcom/mojang/blaze3d/vertex/PoseStack;Lnet/minecraft/client/renderer/MultiBufferSource$BufferSource;Lnet/minecraft/client/Camera;Lnet/minecraft/client/DeltaTracker;Ljava/util/List;Lorg/spongepowered/asm/mixin/injection/callback/CallbackInfo;)V doesn't use it's CallbackInfo
[03Dec2024 13:19:26.376] [Render thread/DEBUG] [mixin/]: iris-batched-entity-rendering.mixins.json:MixinLevelRenderer from mod iris->@Inject::batchedentityrendering$preRenderEntity(Lcom/mojang/blaze3d/vertex/PoseStack;Lnet/minecraft/client/renderer/MultiBufferSource$BufferSource;Lnet/minecraft/client/Camera;Lnet/minecraft/client/DeltaTracker;Ljava/util/List;Lorg/spongepowered/asm/mixin/injection/callback/CallbackInfo;)V has 0 override(s) in child classes
[03Dec2024 13:19:26.376] [Render thread/DEBUG] [mixin/]: iris-batched-entity-rendering.mixins.json:MixinLevelRenderer from mod iris->@Inject::batchedentityrendering$preRenderEntity(Lcom/mojang/blaze3d/vertex/PoseStack;Lnet/minecraft/client/renderer/MultiBufferSource$BufferSource;Lnet/minecraft/client/Camera;Lnet/minecraft/client/DeltaTracker;Ljava/util/List;Lorg/spongepowered/asm/mixin/injection/callback/CallbackInfo;)V won't be passed a CallbackInfo as a result
[03Dec2024 13:19:26.376] [Render thread/DEBUG] [mixin/]: iris-batched-entity-rendering.mixins.json:MixinLevelRenderer from mod iris->@Inject::batchedentityrendering$postRenderEntity(Lcom/mojang/blaze3d/vertex/PoseStack;Lnet/minecraft/client/renderer/MultiBufferSource$BufferSource;Lnet/minecraft/client/Camera;Lnet/minecraft/client/DeltaTracker;Ljava/util/List;Lorg/spongepowered/asm/mixin/injection/callback/CallbackInfo;)V doesn't use it's CallbackInfo
[03Dec2024 13:19:26.376] [Render thread/DEBUG] [mixin/]: iris-batched-entity-rendering.mixins.json:MixinLevelRenderer from mod iris->@Inject::batchedentityrendering$postRenderEntity(Lcom/mojang/blaze3d/vertex/PoseStack;Lnet/minecraft/client/renderer/MultiBufferSource$BufferSource;Lnet/minecraft/client/Camera;Lnet/minecraft/client/DeltaTracker;Ljava/util/List;Lorg/spongepowered/asm/mixin/injection/callback/CallbackInfo;)V has 0 override(s) in child classes
[03Dec2024 13:19:26.376] [Render thread/DEBUG] [mixin/]: iris-batched-entity-rendering.mixins.json:MixinLevelRenderer from mod iris->@Inject::batchedentityrendering$postRenderEntity(Lcom/mojang/blaze3d/vertex/PoseStack;Lnet/minecraft/client/renderer/MultiBufferSource$BufferSource;Lnet/minecraft/client/Camera;Lnet/minecraft/client/DeltaTracker;Ljava/util/List;Lorg/spongepowered/asm/mixin/injection/callback/CallbackInfo;)V won't be passed a CallbackInfo as a result
[03Dec2024 13:19:26.376] [Render thread/DEBUG] [mixin/]: iris-batched-entity-rendering.mixins.json:MixinLevelRenderer from mod iris->@Inject::batchedentityrendering$beginTranslucents(Lorg/spongepowered/asm/mixin/injection/callback/CallbackInfo;)V doesn't use it's CallbackInfo
[03Dec2024 13:19:26.376] [Render thread/DEBUG] [mixin/]: iris-batched-entity-rendering.mixins.json:MixinLevelRenderer from mod iris->@Inject::batchedentityrendering$beginTranslucents(Lorg/spongepowered/asm/mixin/injection/callback/CallbackInfo;)V has 0 override(s) in child classes
[03Dec2024 13:19:26.376] [Render thread/DEBUG] [mixin/]: iris-batched-entity-rendering.mixins.json:MixinLevelRenderer from mod iris->@Inject::batchedentityrendering$beginTranslucents(Lorg/spongepowered/asm/mixin/injection/callback/CallbackInfo;)V won't be passed a CallbackInfo as a result
[03Dec2024 13:19:26.376] [Render thread/DEBUG] [mixin/]: iris-batched-entity-rendering.mixins.json:MixinLevelRenderer from mod iris->@Inject::batchedentityrendering$endTranslucents(Lorg/spongepowered/asm/mixin/injection/callback/CallbackInfo;)V doesn't use it's CallbackInfo
[03Dec2024 13:19:26.376] [Render thread/DEBUG] [mixin/]: iris-batched-entity-rendering.mixins.json:MixinLevelRenderer from mod iris->@Inject::batchedentityrendering$endTranslucents(Lorg/spongepowered/asm/mixin/injection/callback/CallbackInfo;)V has 0 override(s) in child classes
[03Dec2024 13:19:26.376] [Render thread/DEBUG] [mixin/]: iris-batched-entity-rendering.mixins.json:MixinLevelRenderer from mod iris->@Inject::batchedentityrendering$endTranslucents(Lorg/spongepowered/asm/mixin/injection/callback/CallbackInfo;)V won't be passed a CallbackInfo as a result
[03Dec2024 13:19:26.376] [Render thread/DEBUG] [mixin/]: iris-batched-entity-rendering.mixins.json:MixinLevelRenderer from mod iris->@Inject::batchedentityrendering$endLevelRender(Lorg/spongepowered/asm/mixin/injection/callback/CallbackInfo;)V doesn't use it's CallbackInfo
[03Dec2024 13:19:26.376] [Render thread/DEBUG] [mixin/]: iris-batched-entity-rendering.mixins.json:MixinLevelRenderer from mod iris->@Inject::batchedentityrendering$endLevelRender(Lorg/spongepowered/asm/mixin/injection/callback/CallbackInfo;)V has 0 override(s) in child classes
[03Dec2024 13:19:26.376] [Render thread/DEBUG] [mixin/]: iris-batched-entity-rendering.mixins.json:MixinLevelRenderer from mod iris->@Inject::batchedentityrendering$endLevelRender(Lorg/spongepowered/asm/mixin/injection/callback/CallbackInfo;)V won't be passed a CallbackInfo as a result
[03Dec2024 13:19:26.376] [Render thread/DEBUG] [mixin/]: sodium.mixins.json:core.render.world.LevelRendererMixin from mod sodium->@Inject::init(Lnet/minecraft/client/Minecraft;Lnet/minecraft/client/renderer/entity/EntityRenderDispatcher;Lnet/minecraft/client/renderer/blockentity/BlockEntityRenderDispatcher;Lnet/minecraft/client/renderer/RenderBuffers;Lorg/spongepowered/asm/mixin/injection/callback/CallbackInfo;)V doesn't use it's CallbackInfo
[03Dec2024 13:19:26.376] [Render thread/DEBUG] [mixin/]: sodium.mixins.json:core.render.world.LevelRendererMixin from mod sodium->@Inject::init(Lnet/minecraft/client/Minecraft;Lnet/minecraft/client/renderer/entity/EntityRenderDispatcher;Lnet/minecraft/client/renderer/blockentity/BlockEntityRenderDispatcher;Lnet/minecraft/client/renderer/RenderBuffers;Lorg/spongepowered/asm/mixin/injection/callback/CallbackInfo;)V has 0 override(s) in child classes
[03Dec2024 13:19:26.376] [Render thread/DEBUG] [mixin/]: sodium.mixins.json:core.render.world.LevelRendererMixin from mod sodium->@Inject::init(Lnet/minecraft/client/Minecraft;Lnet/minecraft/client/renderer/entity/EntityRenderDispatcher;Lnet/minecraft/client/renderer/blockentity/BlockEntityRenderDispatcher;Lnet/minecraft/client/renderer/RenderBuffers;Lorg/spongepowered/asm/mixin/injection/callback/CallbackInfo;)V won't be passed a CallbackInfo as a result
[03Dec2024 13:19:26.376] [Render thread/DEBUG] [mixin/]: sodium.mixins.json:core.render.world.LevelRendererMixin from mod sodium->@Inject::onWorldChanged(Lnet/minecraft/client/multiplayer/ClientLevel;Lorg/spongepowered/asm/mixin/injection/callback/CallbackInfo;)V doesn't use it's CallbackInfo
[03Dec2024 13:19:26.376] [Render thread/DEBUG] [mixin/]: sodium.mixins.json:core.render.world.LevelRendererMixin from mod sodium->@Inject::onWorldChanged(Lnet/minecraft/client/multiplayer/ClientLevel;Lorg/spongepowered/asm/mixin/injection/callback/CallbackInfo;)V has 0 override(s) in child classes
[03Dec2024 13:19:26.376] [Render thread/DEBUG] [mixin/]: sodium.mixins.json:core.render.world.LevelRendererMixin from mod sodium->@Inject::onWorldChanged(Lnet/minecraft/client/multiplayer/ClientLevel;Lorg/spongepowered/asm/mixin/injection/callback/CallbackInfo;)V won't be passed a CallbackInfo as a result
[03Dec2024 13:19:26.376] [Render thread/DEBUG] [mixin/]: sodium.mixins.json:core.render.world.LevelRendererMixin from mod sodium->@Inject::onTerrainUpdateScheduled(Lorg/spongepowered/asm/mixin/injection/callback/CallbackInfo;)V doesn't use it's CallbackInfo
[03Dec2024 13:19:26.376] [Render thread/DEBUG] [mixin/]: sodium.mixins.json:core.render.world.LevelRendererMixin from mod sodium->@Inject::onTerrainUpdateScheduled(Lorg/spongepowered/asm/mixin/injection/callback/CallbackInfo;)V has 0 override(s) in child classes
[03Dec2024 13:19:26.376] [Render thread/DEBUG] [mixin/]: sodium.mixins.json:core.render.world.LevelRendererMixin from mod sodium->@Inject::onTerrainUpdateScheduled(Lorg/spongepowered/asm/mixin/injection/callback/CallbackInfo;)V won't be passed a CallbackInfo as a result
[03Dec2024 13:19:26.376] [Render thread/DEBUG] [mixin/]: sodium.mixins.json:core.render.world.LevelRendererMixin from mod sodium->@Inject::onReload(Lorg/spongepowered/asm/mixin/injection/callback/CallbackInfo;)V doesn't use it's CallbackInfo
[03Dec2024 13:19:26.376] [Render thread/DEBUG] [mixin/]: sodium.mixins.json:core.render.world.LevelRendererMixin from mod sodium->@Inject::onReload(Lorg/spongepowered/asm/mixin/injection/callback/CallbackInfo;)V has 0 override(s) in child classes
[03Dec2024 13:19:26.376] [Render thread/DEBUG] [mixin/]: sodium.mixins.json:core.render.world.LevelRendererMixin from mod sodium->@Inject::onReload(Lorg/spongepowered/asm/mixin/injection/callback/CallbackInfo;)V won't be passed a CallbackInfo as a result
[03Dec2024 13:19:26.376] [Render thread/DEBUG] [mixin/]: sodium.mixins.json:core.render.world.LevelRendererMixin from mod sodium->@Inject::replaceBlockEntityIteration(Ljava/util/function/Consumer;Lorg/spongepowered/asm/mixin/injection/callback/CallbackInfo;)V does use it's CallbackInfo
[03Dec2024 13:19:26.377] [Render thread/DEBUG] [mixin/]: sodium.mixins.json:features.render.world.clouds.LevelRendererMixin from mod sodium->@Inject::renderCloudsNeo(Lcom/mojang/blaze3d/resource/ResourceHandle;FLnet/minecraft/world/phys/Vec3;Lorg/joml/Matrix4f;Lorg/joml/Matrix4f;ILnet/minecraft/client/CloudStatus;FLorg/spongepowered/asm/mixin/injection/callback/CallbackInfo;)V does use it's CallbackInfo
[03Dec2024 13:19:26.377] [Render thread/DEBUG] [mixin/]: sodium.mixins.json:features.render.world.clouds.LevelRendererMixin from mod sodium->@Inject::onReload(Lnet/minecraft/server/packs/resources/ResourceManager;Lorg/spongepowered/asm/mixin/injection/callback/CallbackInfo;)V doesn't use it's CallbackInfo
[03Dec2024 13:19:26.377] [Render thread/DEBUG] [mixin/]: sodium.mixins.json:features.render.world.clouds.LevelRendererMixin from mod sodium->@Inject::onReload(Lnet/minecraft/server/packs/resources/ResourceManager;Lorg/spongepowered/asm/mixin/injection/callback/CallbackInfo;)V has 0 override(s) in child classes
[03Dec2024 13:19:26.377] [Render thread/DEBUG] [mixin/]: sodium.mixins.json:features.render.world.clouds.LevelRendererMixin from mod sodium->@Inject::onReload(Lnet/minecraft/server/packs/resources/ResourceManager;Lorg/spongepowered/asm/mixin/injection/callback/CallbackInfo;)V won't be passed a CallbackInfo as a result
[03Dec2024 13:19:26.377] [Render thread/DEBUG] [mixin/]: sodium.mixins.json:features.render.world.clouds.LevelRendererMixin from mod sodium->@Inject::onReload(Lorg/spongepowered/asm/mixin/injection/callback/CallbackInfo;)V doesn't use it's CallbackInfo
[03Dec2024 13:19:26.377] [Render thread/DEBUG] [mixin/]: sodium.mixins.json:features.render.world.clouds.LevelRendererMixin from mod sodium->@Inject::onReload(Lorg/spongepowered/asm/mixin/injection/callback/CallbackInfo;)V has 0 override(s) in child classes
[03Dec2024 13:19:26.377] [Render thread/DEBUG] [mixin/]: sodium.mixins.json:features.render.world.clouds.LevelRendererMixin from mod sodium->@Inject::onReload(Lorg/spongepowered/asm/mixin/injection/callback/CallbackInfo;)V won't be passed a CallbackInfo as a result
[03Dec2024 13:19:26.377] [Render thread/DEBUG] [mixin/]: sodium.mixins.json:features.render.world.clouds.LevelRendererMixin from mod sodium->@Inject::onClose(Lorg/spongepowered/asm/mixin/injection/callback/CallbackInfo;)V doesn't use it's CallbackInfo
[03Dec2024 13:19:26.377] [Render thread/DEBUG] [mixin/]: sodium.mixins.json:features.render.world.clouds.LevelRendererMixin from mod sodium->@Inject::onClose(Lorg/spongepowered/asm/mixin/injection/callback/CallbackInfo;)V has 0 override(s) in child classes
[03Dec2024 13:19:26.377] [Render thread/DEBUG] [mixin/]: sodium.mixins.json:features.render.world.clouds.LevelRendererMixin from mod sodium->@Inject::onClose(Lorg/spongepowered/asm/mixin/injection/callback/CallbackInfo;)V won't be passed a CallbackInfo as a result
[03Dec2024 13:19:26.377] [Render thread/DEBUG] [mixin/]: mixins.iris.json:MixinLevelRenderer from mod iris->@Inject::iris$setupPipeline(Lcom/mojang/blaze3d/resource/GraphicsResourceAllocator;Lnet/minecraft/client/DeltaTracker;ZLnet/minecraft/client/Camera;Lnet/minecraft/client/renderer/GameRenderer;Lnet/minecraft/client/renderer/LightTexture;Lorg/joml/Matrix4f;Lorg/joml/Matrix4f;Lorg/spongepowered/asm/mixin/injection/callback/CallbackInfo;)V doesn't use it's CallbackInfo
[03Dec2024 13:19:26.377] [Render thread/DEBUG] [mixin/]: mixins.iris.json:MixinLevelRenderer from mod iris->@Inject::iris$setupPipeline(Lcom/mojang/blaze3d/resource/GraphicsResourceAllocator;Lnet/minecraft/client/DeltaTracker;ZLnet/minecraft/client/Camera;Lnet/minecraft/client/renderer/GameRenderer;Lnet/minecraft/client/renderer/LightTexture;Lorg/joml/Matrix4f;Lorg/joml/Matrix4f;Lorg/spongepowered/asm/mixin/injection/callback/CallbackInfo;)V has 0 override(s) in child classes
[03Dec2024 13:19:26.377] [Render thread/DEBUG] [mixin/]: mixins.iris.json:MixinLevelRenderer from mod iris->@Inject::iris$setupPipeline(Lcom/mojang/blaze3d/resource/GraphicsResourceAllocator;Lnet/minecraft/client/DeltaTracker;ZLnet/minecraft/client/Camera;Lnet/minecraft/client/renderer/GameRenderer;Lnet/minecraft/client/renderer/LightTexture;Lorg/joml/Matrix4f;Lorg/joml/Matrix4f;Lorg/spongepowered/asm/mixin/injection/callback/CallbackInfo;)V won't be passed a CallbackInfo as a result
[03Dec2024 13:19:26.377] [Render thread/DEBUG] [mixin/]: mixins.iris.json:MixinLevelRenderer from mod iris->@Inject::iris$beginLevelRender(Lcom/mojang/blaze3d/resource/GraphicsResourceAllocator;Lnet/minecraft/client/DeltaTracker;ZLnet/minecraft/client/Camera;Lnet/minecraft/client/renderer/GameRenderer;Lnet/minecraft/client/renderer/LightTexture;Lorg/joml/Matrix4f;Lorg/joml/Matrix4f;Lorg/spongepowered/asm/mixin/injection/callback/CallbackInfo;)V doesn't use it's CallbackInfo
[03Dec2024 13:19:26.377] [Render thread/DEBUG] [mixin/]: mixins.iris.json:MixinLevelRenderer from mod iris->@Inject::iris$beginLevelRender(Lcom/mojang/blaze3d/resource/GraphicsResourceAllocator;Lnet/minecraft/client/DeltaTracker;ZLnet/minecraft/client/Camera;Lnet/minecraft/client/renderer/GameRenderer;Lnet/minecraft/client/renderer/LightTexture;Lorg/joml/Matrix4f;Lorg/joml/Matrix4f;Lorg/spongepowered/asm/mixin/injection/callback/CallbackInfo;)V has 0 override(s) in child classes
[03Dec2024 13:19:26.377] [Render thread/DEBUG] [mixin/]: mixins.iris.json:MixinLevelRenderer from mod iris->@Inject::iris$beginLevelRender(Lcom/mojang/blaze3d/resource/GraphicsResourceAllocator;Lnet/minecraft/client/DeltaTracker;ZLnet/minecraft/client/Camera;Lnet/minecraft/client/renderer/GameRenderer;Lnet/minecraft/client/renderer/LightTexture;Lorg/joml/Matrix4f;Lorg/joml/Matrix4f;Lorg/spongepowered/asm/mixin/injection/callback/CallbackInfo;)V won't be passed a CallbackInfo as a result
[03Dec2024 13:19:26.377] [Render thread/DEBUG] [mixin/]: mixins.iris.json:MixinLevelRenderer from mod iris->@Inject::iris$endLevelRender(Lcom/mojang/blaze3d/resource/GraphicsResourceAllocator;Lnet/minecraft/client/DeltaTracker;ZLnet/minecraft/client/Camera;Lnet/minecraft/client/renderer/GameRenderer;Lnet/minecraft/client/renderer/LightTexture;Lorg/joml/Matrix4f;Lorg/joml/Matrix4f;Lorg/spongepowered/asm/mixin/injection/callback/CallbackInfo;)V doesn't use it's CallbackInfo
[03Dec2024 13:19:26.377] [Render thread/DEBUG] [mixin/]: mixins.iris.json:MixinLevelRenderer from mod iris->@Inject::iris$endLevelRender(Lcom/mojang/blaze3d/resource/GraphicsResourceAllocator;Lnet/minecraft/client/DeltaTracker;ZLnet/minecraft/client/Camera;Lnet/minecraft/client/renderer/GameRenderer;Lnet/minecraft/client/renderer/LightTexture;Lorg/joml/Matrix4f;Lorg/joml/Matrix4f;Lorg/spongepowered/asm/mixin/injection/callback/CallbackInfo;)V has 0 override(s) in child classes
[03Dec2024 13:19:26.378] [Render thread/DEBUG] [mixin/]: mixins.iris.json:MixinLevelRenderer from mod iris->@Inject::iris$endLevelRender(Lcom/mojang/blaze3d/resource/GraphicsResourceAllocator;Lnet/minecraft/client/DeltaTracker;ZLnet/minecraft/client/Camera;Lnet/minecraft/client/renderer/GameRenderer;Lnet/minecraft/client/renderer/LightTexture;Lorg/joml/Matrix4f;Lorg/joml/Matrix4f;Lorg/spongepowered/asm/mixin/injection/callback/CallbackInfo;)V won't be passed a CallbackInfo as a result
[03Dec2024 13:19:26.378] [Render thread/DEBUG] [mixin/]: mixins.iris.json:MixinLevelRenderer from mod iris->@Inject::iris$renderTerrainShadows(Lcom/mojang/blaze3d/resource/GraphicsResourceAllocator;Lnet/minecraft/client/DeltaTracker;ZLnet/minecraft/client/Camera;Lnet/minecraft/client/renderer/GameRenderer;Lnet/minecraft/client/renderer/LightTexture;Lorg/joml/Matrix4f;Lorg/joml/Matrix4f;Lorg/spongepowered/asm/mixin/injection/callback/CallbackInfo;)V doesn't use it's CallbackInfo
[03Dec2024 13:19:26.378] [Render thread/DEBUG] [mixin/]: mixins.iris.json:MixinLevelRenderer from mod iris->@Inject::iris$renderTerrainShadows(Lcom/mojang/blaze3d/resource/GraphicsResourceAllocator;Lnet/minecraft/client/DeltaTracker;ZLnet/minecraft/client/Camera;Lnet/minecraft/client/renderer/GameRenderer;Lnet/minecraft/client/renderer/LightTexture;Lorg/joml/Matrix4f;Lorg/joml/Matrix4f;Lorg/spongepowered/asm/mixin/injection/callback/CallbackInfo;)V has 0 override(s) in child classes
[03Dec2024 13:19:26.378] [Render thread/DEBUG] [mixin/]: mixins.iris.json:MixinLevelRenderer from mod iris->@Inject::iris$renderTerrainShadows(Lcom/mojang/blaze3d/resource/GraphicsResourceAllocator;Lnet/minecraft/client/DeltaTracker;ZLnet/minecraft/client/Camera;Lnet/minecraft/client/renderer/GameRenderer;Lnet/minecraft/client/renderer/LightTexture;Lorg/joml/Matrix4f;Lorg/joml/Matrix4f;Lorg/spongepowered/asm/mixin/injection/callback/CallbackInfo;)V won't be passed a CallbackInfo as a result
[03Dec2024 13:19:26.378] [Render thread/DEBUG] [mixin/]: mixins.iris.json:MixinLevelRenderer from mod iris->@Inject::iris$beginSky(Lorg/spongepowered/asm/mixin/injection/callback/CallbackInfo;)V doesn't use it's CallbackInfo
[03Dec2024 13:19:26.378] [Render thread/DEBUG] [mixin/]: mixins.iris.json:MixinLevelRenderer from mod iris->@Inject::iris$beginSky(Lorg/spongepowered/asm/mixin/injection/callback/CallbackInfo;)V has 0 override(s) in child classes
[03Dec2024 13:19:26.378] [Render thread/DEBUG] [mixin/]: mixins.iris.json:MixinLevelRenderer from mod iris->@Inject::iris$beginSky(Lorg/spongepowered/asm/mixin/injection/callback/CallbackInfo;)V won't be passed a CallbackInfo as a result
[03Dec2024 13:19:26.378] [Render thread/DEBUG] [mixin/]: mixins.iris.json:MixinLevelRenderer from mod iris->@Inject::iris$endSky(Lorg/spongepowered/asm/mixin/injection/callback/CallbackInfo;)V doesn't use it's CallbackInfo
[03Dec2024 13:19:26.378] [Render thread/DEBUG] [mixin/]: mixins.iris.json:MixinLevelRenderer from mod iris->@Inject::iris$endSky(Lorg/spongepowered/asm/mixin/injection/callback/CallbackInfo;)V has 0 override(s) in child classes
[03Dec2024 13:19:26.378] [Render thread/DEBUG] [mixin/]: mixins.iris.json:MixinLevelRenderer from mod iris->@Inject::iris$endSky(Lorg/spongepowered/asm/mixin/injection/callback/CallbackInfo;)V won't be passed a CallbackInfo as a result
[03Dec2024 13:19:26.378] [Render thread/DEBUG] [mixin/]: mixins.iris.json:MixinLevelRenderer from mod iris->@Inject::iris$beginClouds(Lorg/spongepowered/asm/mixin/injection/callback/CallbackInfo;)V doesn't use it's CallbackInfo
[03Dec2024 13:19:26.378] [Render thread/DEBUG] [mixin/]: mixins.iris.json:MixinLevelRenderer from mod iris->@Inject::iris$beginClouds(Lorg/spongepowered/asm/mixin/injection/callback/CallbackInfo;)V has 0 override(s) in child classes
[03Dec2024 13:19:26.378] [Render thread/DEBUG] [mixin/]: mixins.iris.json:MixinLevelRenderer from mod iris->@Inject::iris$beginClouds(Lorg/spongepowered/asm/mixin/injection/callback/CallbackInfo;)V won't be passed a CallbackInfo as a result
[03Dec2024 13:19:26.378] [Render thread/DEBUG] [mixin/]: mixins.iris.json:MixinLevelRenderer from mod iris->@Inject::iris$endClouds(Lorg/spongepowered/asm/mixin/injection/callback/CallbackInfo;)V doesn't use it's CallbackInfo
[03Dec2024 13:19:26.378] [Render thread/DEBUG] [mixin/]: mixins.iris.json:MixinLevelRenderer from mod iris->@Inject::iris$endClouds(Lorg/spongepowered/asm/mixin/injection/callback/CallbackInfo;)V has 0 override(s) in child classes
[03Dec2024 13:19:26.378] [Render thread/DEBUG] [mixin/]: mixins.iris.json:MixinLevelRenderer from mod iris->@Inject::iris$endClouds(Lorg/spongepowered/asm/mixin/injection/callback/CallbackInfo;)V won't be passed a CallbackInfo as a result
[03Dec2024 13:19:26.378] [Render thread/DEBUG] [mixin/]: mixins.iris.json:MixinLevelRenderer from mod iris->@Inject::iris$beginTerrainLayer(Lnet/minecraft/client/renderer/RenderType;DDDLorg/joml/Matrix4f;Lorg/joml/Matrix4f;Lorg/spongepowered/asm/mixin/injection/callback/CallbackInfo;)V doesn't use it's CallbackInfo
[03Dec2024 13:19:26.378] [Render thread/DEBUG] [mixin/]: mixins.iris.json:MixinLevelRenderer from mod iris->@Inject::iris$beginTerrainLayer(Lnet/minecraft/client/renderer/RenderType;DDDLorg/joml/Matrix4f;Lorg/joml/Matrix4f;Lorg/spongepowered/asm/mixin/injection/callback/CallbackInfo;)V has 0 override(s) in child classes
[03Dec2024 13:19:26.378] [Render thread/DEBUG] [mixin/]: mixins.iris.json:MixinLevelRenderer from mod iris->@Inject::iris$beginTerrainLayer(Lnet/minecraft/client/renderer/RenderType;DDDLorg/joml/Matrix4f;Lorg/joml/Matrix4f;Lorg/spongepowered/asm/mixin/injection/callback/CallbackInfo;)V won't be passed a CallbackInfo as a result
[03Dec2024 13:19:26.379] [Render thread/DEBUG] [mixin/]: mixins.iris.json:MixinLevelRenderer from mod iris->@Inject::iris$endTerrainLayer(Lnet/minecraft/client/renderer/RenderType;DDDLorg/joml/Matrix4f;Lorg/joml/Matrix4f;Lorg/spongepowered/asm/mixin/injection/callback/CallbackInfo;)V doesn't use it's CallbackInfo
[03Dec2024 13:19:26.379] [Render thread/DEBUG] [mixin/]: mixins.iris.json:MixinLevelRenderer from mod iris->@Inject::iris$endTerrainLayer(Lnet/minecraft/client/renderer/RenderType;DDDLorg/joml/Matrix4f;Lorg/joml/Matrix4f;Lorg/spongepowered/asm/mixin/injection/callback/CallbackInfo;)V has 0 override(s) in child classes
[03Dec2024 13:19:26.379] [Render thread/DEBUG] [mixin/]: mixins.iris.json:MixinLevelRenderer from mod iris->@Inject::iris$endTerrainLayer(Lnet/minecraft/client/renderer/RenderType;DDDLorg/joml/Matrix4f;Lorg/joml/Matrix4f;Lorg/spongepowered/asm/mixin/injection/callback/CallbackInfo;)V won't be passed a CallbackInfo as a result
[03Dec2024 13:19:26.379] [Render thread/DEBUG] [mixin/]: mixins.iris.json:MixinLevelRenderer from mod iris->@Inject::iris$beginWeather(Lorg/spongepowered/asm/mixin/injection/callback/CallbackInfo;)V doesn't use it's CallbackInfo
[03Dec2024 13:19:26.379] [Render thread/DEBUG] [mixin/]: mixins.iris.json:MixinLevelRenderer from mod iris->@Inject::iris$beginWeather(Lorg/spongepowered/asm/mixin/injection/callback/CallbackInfo;)V has 0 override(s) in child classes
[03Dec2024 13:19:26.379] [Render thread/DEBUG] [mixin/]: mixins.iris.json:MixinLevelRenderer from mod iris->@Inject::iris$beginWeather(Lorg/spongepowered/asm/mixin/injection/callback/CallbackInfo;)V won't be passed a CallbackInfo as a result
[03Dec2024 13:19:26.379] [Render thread/DEBUG] [mixin/]: mixins.iris.json:MixinLevelRenderer from mod iris->@Inject::iris$beginWorldBorder(Lorg/spongepowered/asm/mixin/injection/callback/CallbackInfo;)V doesn't use it's CallbackInfo
[03Dec2024 13:19:26.379] [Render thread/DEBUG] [mixin/]: mixins.iris.json:MixinLevelRenderer from mod iris->@Inject::iris$beginWorldBorder(Lorg/spongepowered/asm/mixin/injection/callback/CallbackInfo;)V has 0 override(s) in child classes
[03Dec2024 13:19:26.379] [Render thread/DEBUG] [mixin/]: mixins.iris.json:MixinLevelRenderer from mod iris->@Inject::iris$beginWorldBorder(Lorg/spongepowered/asm/mixin/injection/callback/CallbackInfo;)V won't be passed a CallbackInfo as a result
[03Dec2024 13:19:26.379] [Render thread/DEBUG] [mixin/]: mixins.iris.json:MixinLevelRenderer from mod iris->@Inject::iris$endWeather(Lorg/spongepowered/asm/mixin/injection/callback/CallbackInfo;)V doesn't use it's CallbackInfo
[03Dec2024 13:19:26.379] [Render thread/DEBUG] [mixin/]: mixins.iris.json:MixinLevelRenderer from mod iris->@Inject::iris$endWeather(Lorg/spongepowered/asm/mixin/injection/callback/CallbackInfo;)V has 0 override(s) in child classes
[03Dec2024 13:19:26.379] [Render thread/DEBUG] [mixin/]: mixins.iris.json:MixinLevelRenderer from mod iris->@Inject::iris$endWeather(Lorg/spongepowered/asm/mixin/injection/callback/CallbackInfo;)V won't be passed a CallbackInfo as a result
[03Dec2024 13:19:26.379] [Render thread/DEBUG] [mixin/]: mixins.iris.json:MixinLevelRenderer from mod iris->@Inject::iris$setDebugRenderStage(Lorg/spongepowered/asm/mixin/injection/callback/CallbackInfo;)V doesn't use it's CallbackInfo
[03Dec2024 13:19:26.379] [Render thread/DEBUG] [mixin/]: mixins.iris.json:MixinLevelRenderer from mod iris->@Inject::iris$setDebugRenderStage(Lorg/spongepowered/asm/mixin/injection/callback/CallbackInfo;)V has 0 override(s) in child classes
[03Dec2024 13:19:26.379] [Render thread/DEBUG] [mixin/]: mixins.iris.json:MixinLevelRenderer from mod iris->@Inject::iris$setDebugRenderStage(Lorg/spongepowered/asm/mixin/injection/callback/CallbackInfo;)V won't be passed a CallbackInfo as a result
[03Dec2024 13:19:26.379] [Render thread/DEBUG] [mixin/]: mixins.iris.json:MixinLevelRenderer from mod iris->@Inject::iris$resetDebugRenderStage(Lorg/spongepowered/asm/mixin/injection/callback/CallbackInfo;)V doesn't use it's CallbackInfo
[03Dec2024 13:19:26.379] [Render thread/DEBUG] [mixin/]: mixins.iris.json:MixinLevelRenderer from mod iris->@Inject::iris$resetDebugRenderStage(Lorg/spongepowered/asm/mixin/injection/callback/CallbackInfo;)V has 0 override(s) in child classes
[03Dec2024 13:19:26.379] [Render thread/DEBUG] [mixin/]: mixins.iris.json:MixinLevelRenderer from mod iris->@Inject::iris$resetDebugRenderStage(Lorg/spongepowered/asm/mixin/injection/callback/CallbackInfo;)V won't be passed a CallbackInfo as a result
[03Dec2024 13:19:26.380] [Render thread/DEBUG] [mixin/]: mixins.iris.json:MixinLevelRenderer from mod iris->@Inject::iris$beginTranslucents(Lorg/spongepowered/asm/mixin/injection/callback/CallbackInfo;)V doesn't use it's CallbackInfo
[03Dec2024 13:19:26.380] [Render thread/DEBUG] [mixin/]: mixins.iris.json:MixinLevelRenderer from mod iris->@Inject::iris$beginTranslucents(Lorg/spongepowered/asm/mixin/injection/callback/CallbackInfo;)V has 0 override(s) in child classes
[03Dec2024 13:19:26.380] [Render thread/DEBUG] [mixin/]: mixins.iris.json:MixinLevelRenderer from mod iris->@Inject::iris$beginTranslucents(Lorg/spongepowered/asm/mixin/injection/callback/CallbackInfo;)V won't be passed a CallbackInfo as a result
[03Dec2024 13:19:26.380] [Render thread/DEBUG] [mixin/]: mixins.iris.json:MixinLevelRenderer_Sky from mod iris->@Inject::preRenderSky(Lorg/spongepowered/asm/mixin/injection/callback/CallbackInfo;)V does use it's CallbackInfo
[03Dec2024 13:19:26.380] [Render thread/DEBUG] [mixin/]: mixins.iris.json:fabulous.MixinDisableFabulousGraphics from mod iris->@Inject::iris$disableFabulousGraphicsOnResourceReload(Lorg/spongepowered/asm/mixin/injection/callback/CallbackInfo;)V doesn't use it's CallbackInfo
[03Dec2024 13:19:26.380] [Render thread/DEBUG] [mixin/]: mixins.iris.json:fabulous.MixinDisableFabulousGraphics from mod iris->@Inject::iris$disableFabulousGraphicsOnResourceReload(Lorg/spongepowered/asm/mixin/injection/callback/CallbackInfo;)V has 0 override(s) in child classes
[03Dec2024 13:19:26.380] [Render thread/DEBUG] [mixin/]: mixins.iris.json:fabulous.MixinDisableFabulousGraphics from mod iris->@Inject::iris$disableFabulousGraphicsOnResourceReload(Lorg/spongepowered/asm/mixin/injection/callback/CallbackInfo;)V won't be passed a CallbackInfo as a result
[03Dec2024 13:19:26.380] [Render thread/DEBUG] [mixin/]: mixins.iris.json:fabulous.MixinDisableFabulousGraphics from mod iris->@Inject::iris$disableFabulousGraphicsOnLevelRendererReload(Lorg/spongepowered/asm/mixin/injection/callback/CallbackInfo;)V doesn't use it's CallbackInfo
[03Dec2024 13:19:26.380] [Render thread/DEBUG] [mixin/]: mixins.iris.json:fabulous.MixinDisableFabulousGraphics from mod iris->@Inject::iris$disableFabulousGraphicsOnLevelRendererReload(Lorg/spongepowered/asm/mixin/injection/callback/CallbackInfo;)V has 0 override(s) in child classes
[03Dec2024 13:19:26.380] [Render thread/DEBUG] [mixin/]: mixins.iris.json:fabulous.MixinDisableFabulousGraphics from mod iris->@Inject::iris$disableFabulousGraphicsOnLevelRendererReload(Lorg/spongepowered/asm/mixin/injection/callback/CallbackInfo;)V won't be passed a CallbackInfo as a result
[03Dec2024 13:19:26.380] [Render thread/DEBUG] [mixin/]: mixins.iris.json:shadows.MixinPreventRebuildNearInShadowPass from mod iris->@Inject::iris$preventRebuildNearInShadowPass(Lnet/minecraft/client/Camera;Lnet/minecraft/client/renderer/culling/Frustum;ZZLorg/spongepowered/asm/mixin/injection/callback/CallbackInfo;)V doesn't use it's CallbackInfo
[03Dec2024 13:19:26.380] [Render thread/DEBUG] [mixin/]: mixins.iris.json:shadows.MixinPreventRebuildNearInShadowPass from mod iris->@Inject::iris$preventRebuildNearInShadowPass(Lnet/minecraft/client/Camera;Lnet/minecraft/client/renderer/culling/Frustum;ZZLorg/spongepowered/asm/mixin/injection/callback/CallbackInfo;)V has 0 override(s) in child classes
[03Dec2024 13:19:26.380] [Render thread/DEBUG] [mixin/]: mixins.iris.json:shadows.MixinPreventRebuildNearInShadowPass from mod iris->@Inject::iris$preventRebuildNearInShadowPass(Lnet/minecraft/client/Camera;Lnet/minecraft/client/renderer/culling/Frustum;ZZLorg/spongepowered/asm/mixin/injection/callback/CallbackInfo;)V won't be passed a CallbackInfo as a result
[03Dec2024 13:19:26.389] [Render thread/DEBUG] [mixin/]: Mixing core.render.frustum.FrustumMixin from sodium.mixins.json into net.minecraft.client.renderer.culling.Frustum
[03Dec2024 13:19:26.389] [Render thread/DEBUG] [mixin/]: sodium.mixins.json:core.render.frustum.FrustumMixin from mod sodium: Class version 65 required is higher than the class version supported by the current version of Mixin (JAVA_17 supports class version 61)
[03Dec2024 13:19:26.396] [Render thread/DEBUG] [mixin/]: Mixing MixinSkyRenderer from mixins.iris.json into net.minecraft.client.renderer.SkyRenderer
[03Dec2024 13:19:26.398] [Render thread/DEBUG] [mixin/]: mixins.iris.json:MixinSkyRenderer from mod iris: Class version 65 required is higher than the class version supported by the current version of Mixin (JAVA_8 supports class version 52)
[03Dec2024 13:19:26.401] [Render thread/DEBUG] [mixin/]: mixins.iris.json:MixinSkyRenderer from mod iris->@Inject::iris$renderSky$beginNormalSky(FFFLorg/spongepowered/asm/mixin/injection/callback/CallbackInfo;)V doesn't use it's CallbackInfo
[03Dec2024 13:19:26.401] [Render thread/DEBUG] [mixin/]: mixins.iris.json:MixinSkyRenderer from mod iris->@Inject::iris$renderSky$beginNormalSky(FFFLorg/spongepowered/asm/mixin/injection/callback/CallbackInfo;)V has 0 override(s) in child classes
[03Dec2024 13:19:26.401] [Render thread/DEBUG] [mixin/]: mixins.iris.json:MixinSkyRenderer from mod iris->@Inject::iris$renderSky$beginNormalSky(FFFLorg/spongepowered/asm/mixin/injection/callback/CallbackInfo;)V won't be passed a CallbackInfo as a result
[03Dec2024 13:19:26.401] [Render thread/DEBUG] [mixin/]: mixins.iris.json:MixinSkyRenderer from mod iris->@Inject::iris$beforeDrawSun(FLcom/mojang/blaze3d/vertex/Tesselator;Lcom/mojang/blaze3d/vertex/PoseStack;Lorg/spongepowered/asm/mixin/injection/callback/CallbackInfo;)V does use it's CallbackInfo
[03Dec2024 13:19:26.402] [Render thread/DEBUG] [mixin/]: mixins.iris.json:MixinSkyRenderer from mod iris->@Inject::iris$beforeDrawMoon(IFLcom/mojang/blaze3d/vertex/Tesselator;Lcom/mojang/blaze3d/vertex/PoseStack;Lorg/spongepowered/asm/mixin/injection/callback/CallbackInfo;)V does use it's CallbackInfo
[03Dec2024 13:19:26.402] [Render thread/DEBUG] [mixin/]: mixins.iris.json:MixinSkyRenderer from mod iris->@Inject::iris$setSunRenderStage(FLcom/mojang/blaze3d/vertex/Tesselator;Lcom/mojang/blaze3d/vertex/PoseStack;Lorg/spongepowered/asm/mixin/injection/callback/CallbackInfo;)V doesn't use it's CallbackInfo
[03Dec2024 13:19:26.402] [Render thread/DEBUG] [mixin/]: mixins.iris.json:MixinSkyRenderer from mod iris->@Inject::iris$setSunRenderStage(FLcom/mojang/blaze3d/vertex/Tesselator;Lcom/mojang/blaze3d/vertex/PoseStack;Lorg/spongepowered/asm/mixin/injection/callback/CallbackInfo;)V has 0 override(s) in child classes
[03Dec2024 13:19:26.402] [Render thread/DEBUG] [mixin/]: mixins.iris.json:MixinSkyRenderer from mod iris->@Inject::iris$setSunRenderStage(FLcom/mojang/blaze3d/vertex/Tesselator;Lcom/mojang/blaze3d/vertex/PoseStack;Lorg/spongepowered/asm/mixin/injection/callback/CallbackInfo;)V won't be passed a CallbackInfo as a result
[03Dec2024 13:19:26.402] [Render thread/DEBUG] [mixin/]: mixins.iris.json:MixinSkyRenderer from mod iris->@Inject::iris$setSunsetRenderStage(Lcom/mojang/blaze3d/vertex/PoseStack;Lcom/mojang/blaze3d/vertex/Tesselator;FILorg/spongepowered/asm/mixin/injection/callback/CallbackInfo;)V doesn't use it's CallbackInfo
[03Dec2024 13:19:26.402] [Render thread/DEBUG] [mixin/]: mixins.iris.json:MixinSkyRenderer from mod iris->@Inject::iris$setSunsetRenderStage(Lcom/mojang/blaze3d/vertex/PoseStack;Lcom/mojang/blaze3d/vertex/Tesselator;FILorg/spongepowered/asm/mixin/injection/callback/CallbackInfo;)V has 0 override(s) in child classes
[03Dec2024 13:19:26.402] [Render thread/DEBUG] [mixin/]: mixins.iris.json:MixinSkyRenderer from mod iris->@Inject::iris$setSunsetRenderStage(Lcom/mojang/blaze3d/vertex/PoseStack;Lcom/mojang/blaze3d/vertex/Tesselator;FILorg/spongepowered/asm/mixin/injection/callback/CallbackInfo;)V won't be passed a CallbackInfo as a result
[03Dec2024 13:19:26.402] [Render thread/DEBUG] [mixin/]: mixins.iris.json:MixinSkyRenderer from mod iris->@Inject::iris$setMoonRenderStage(IFLcom/mojang/blaze3d/vertex/Tesselator;Lcom/mojang/blaze3d/vertex/PoseStack;Lorg/spongepowered/asm/mixin/injection/callback/CallbackInfo;)V doesn't use it's CallbackInfo
[03Dec2024 13:19:26.402] [Render thread/DEBUG] [mixin/]: mixins.iris.json:MixinSkyRenderer from mod iris->@Inject::iris$setMoonRenderStage(IFLcom/mojang/blaze3d/vertex/Tesselator;Lcom/mojang/blaze3d/vertex/PoseStack;Lorg/spongepowered/asm/mixin/injection/callback/CallbackInfo;)V has 0 override(s) in child classes
[03Dec2024 13:19:26.402] [Render thread/DEBUG] [mixin/]: mixins.iris.json:MixinSkyRenderer from mod iris->@Inject::iris$setMoonRenderStage(IFLcom/mojang/blaze3d/vertex/Tesselator;Lcom/mojang/blaze3d/vertex/PoseStack;Lorg/spongepowered/asm/mixin/injection/callback/CallbackInfo;)V won't be passed a CallbackInfo as a result
[03Dec2024 13:19:26.402] [Render thread/DEBUG] [mixin/]: mixins.iris.json:MixinSkyRenderer from mod iris->@Inject::iris$setStarRenderStage(Lnet/minecraft/client/renderer/FogParameters;FLcom/mojang/blaze3d/vertex/PoseStack;Lorg/spongepowered/asm/mixin/injection/callback/CallbackInfo;)V doesn't use it's CallbackInfo
[03Dec2024 13:19:26.402] [Render thread/DEBUG] [mixin/]: mixins.iris.json:MixinSkyRenderer from mod iris->@Inject::iris$setStarRenderStage(Lnet/minecraft/client/renderer/FogParameters;FLcom/mojang/blaze3d/vertex/PoseStack;Lorg/spongepowered/asm/mixin/injection/callback/CallbackInfo;)V has 0 override(s) in child classes
[03Dec2024 13:19:26.402] [Render thread/DEBUG] [mixin/]: mixins.iris.json:MixinSkyRenderer from mod iris->@Inject::iris$setStarRenderStage(Lnet/minecraft/client/renderer/FogParameters;FLcom/mojang/blaze3d/vertex/PoseStack;Lorg/spongepowered/asm/mixin/injection/callback/CallbackInfo;)V won't be passed a CallbackInfo as a result
[03Dec2024 13:19:26.402] [Render thread/DEBUG] [mixin/]: mixins.iris.json:MixinSkyRenderer from mod iris->@Inject::iris$setVoidRenderStage(Lcom/mojang/blaze3d/vertex/PoseStack;Lorg/spongepowered/asm/mixin/injection/callback/CallbackInfo;)V doesn't use it's CallbackInfo
[03Dec2024 13:19:26.402] [Render thread/DEBUG] [mixin/]: mixins.iris.json:MixinSkyRenderer from mod iris->@Inject::iris$setVoidRenderStage(Lcom/mojang/blaze3d/vertex/PoseStack;Lorg/spongepowered/asm/mixin/injection/callback/CallbackInfo;)V has 0 override(s) in child classes
[03Dec2024 13:19:26.402] [Render thread/DEBUG] [mixin/]: mixins.iris.json:MixinSkyRenderer from mod iris->@Inject::iris$setVoidRenderStage(Lcom/mojang/blaze3d/vertex/PoseStack;Lorg/spongepowered/asm/mixin/injection/callback/CallbackInfo;)V won't be passed a CallbackInfo as a result
[03Dec2024 13:19:26.402] [Render thread/DEBUG] [mixin/]: mixins.iris.json:MixinSkyRenderer from mod iris->@Inject::iris$renderSky$tiltSun(Lcom/mojang/blaze3d/vertex/PoseStack;Lcom/mojang/blaze3d/vertex/Tesselator;FIFFLnet/minecraft/client/renderer/FogParameters;Lorg/spongepowered/asm/mixin/injection/callback/CallbackInfo;)V doesn't use it's CallbackInfo
[03Dec2024 13:19:26.402] [Render thread/DEBUG] [mixin/]: mixins.iris.json:MixinSkyRenderer from mod iris->@Inject::iris$renderSky$tiltSun(Lcom/mojang/blaze3d/vertex/PoseStack;Lcom/mojang/blaze3d/vertex/Tesselator;FIFFLnet/minecraft/client/renderer/FogParameters;Lorg/spongepowered/asm/mixin/injection/callback/CallbackInfo;)V has 0 override(s) in child classes
[03Dec2024 13:19:26.402] [Render thread/DEBUG] [mixin/]: mixins.iris.json:MixinSkyRenderer from mod iris->@Inject::iris$renderSky$tiltSun(Lcom/mojang/blaze3d/vertex/PoseStack;Lcom/mojang/blaze3d/vertex/Tesselator;FIFFLnet/minecraft/client/renderer/FogParameters;Lorg/spongepowered/asm/mixin/injection/callback/CallbackInfo;)V won't be passed a CallbackInfo as a result
[03Dec2024 13:19:26.413] [Render thread/DEBUG] [mixin/]: Mixing MixinVertexBuffer from mixins.iris.json into com.mojang.blaze3d.vertex.VertexBuffer
[03Dec2024 13:19:26.413] [Render thread/DEBUG] [mixin/]: mixins.iris.json:MixinVertexBuffer from mod iris: Class version 65 required is higher than the class version supported by the current version of Mixin (JAVA_8 supports class version 52)
[03Dec2024 13:19:26.416] [Render thread/DEBUG] [mixin/]: mixins.iris.json:MixinVertexBuffer from mod iris->@Inject::unbindHelper(Lorg/spongepowered/asm/mixin/injection/callback/CallbackInfo;)V doesn't use it's CallbackInfo
[03Dec2024 13:19:26.416] [Render thread/DEBUG] [mixin/]: mixins.iris.json:MixinVertexBuffer from mod iris->@Inject::bindHelper(Lorg/spongepowered/asm/mixin/injection/callback/CallbackInfo;)V doesn't use it's CallbackInfo
[03Dec2024 13:19:26.416] [Render thread/DEBUG] [mixin/]: mixins.iris.json:MixinVertexBuffer from mod iris->@Inject::bindHelper(Lorg/spongepowered/asm/mixin/injection/callback/CallbackInfo;)V has 0 override(s) in child classes
[03Dec2024 13:19:26.416] [Render thread/DEBUG] [mixin/]: mixins.iris.json:MixinVertexBuffer from mod iris->@Inject::bindHelper(Lorg/spongepowered/asm/mixin/injection/callback/CallbackInfo;)V won't be passed a CallbackInfo as a result
[03Dec2024 13:19:26.420] [Render thread/DEBUG] [mixin/]: Mixing block_rendering.MixinBufferBuilder_SeparateAo from mixins.iris.vertexformat.json into com.mojang.blaze3d.vertex.BufferBuilder
[03Dec2024 13:19:26.420] [Render thread/DEBUG] [mixin/]: mixins.iris.vertexformat.json:block_rendering.MixinBufferBuilder_SeparateAo from mod iris: Class version 65 required is higher than the class version supported by the current version of Mixin (JAVA_8 supports class version 52)
[03Dec2024 13:19:26.423] [Render thread/DEBUG] [mixin/]: Mixing core.render.immediate.consumer.BufferBuilderMixin from sodium.mixins.json into com.mojang.blaze3d.vertex.BufferBuilder
[03Dec2024 13:19:26.424] [Render thread/DEBUG] [mixin/]: sodium.mixins.json:core.render.immediate.consumer.BufferBuilderMixin from mod sodium: Class version 65 required is higher than the class version supported by the current version of Mixin (JAVA_17 supports class version 61)
[03Dec2024 13:19:26.425] [Render thread/DEBUG] [mixin/]: Mixing features.render.immediate.buffer_builder.intrinsics.BufferBuilderMixin from sodium.mixins.json into com.mojang.blaze3d.vertex.BufferBuilder
[03Dec2024 13:19:26.425] [Render thread/DEBUG] [mixin/]: sodium.mixins.json:features.render.immediate.buffer_builder.intrinsics.BufferBuilderMixin from mod sodium: Class version 65 required is higher than the class version supported by the current version of Mixin (JAVA_17 supports class version 61)
[03Dec2024 13:19:26.426] [Render thread/DEBUG] [mixin/]: Mixing MixinBufferBuilder from mixins.iris.vertexformat.json into com.mojang.blaze3d.vertex.BufferBuilder
[03Dec2024 13:19:26.427] [Render thread/DEBUG] [mixin/]: mixins.iris.vertexformat.json:MixinBufferBuilder from mod iris: Class version 65 required is higher than the class version supported by the current version of Mixin (JAVA_8 supports class version 52)
[03Dec2024 13:19:26.433] [Render thread/DEBUG] [mixin/]: Mixing MixinBufferBuilder_SegmentRendering from iris-batched-entity-rendering.mixins.json into com.mojang.blaze3d.vertex.BufferBuilder
[03Dec2024 13:19:26.434] [Render thread/DEBUG] [mixin/]: iris-batched-entity-rendering.mixins.json:MixinBufferBuilder_SegmentRendering from mod iris: Class version 65 required is higher than the class version supported by the current version of Mixin (JAVA_8 supports class version 52)
[03Dec2024 13:19:26.441] [Render thread/DEBUG] [mixin/]: mixins.iris.vertexformat.json:MixinBufferBuilder from mod iris->@Inject::injectMidBlock(FFFLorg/spongepowered/asm/mixin/injection/callback/CallbackInfoReturnable;)V doesn't use it's CallbackInfoReturnable
[03Dec2024 13:19:26.441] [Render thread/DEBUG] [mixin/]: mixins.iris.vertexformat.json:MixinBufferBuilder from mod iris->@Inject::injectMidBlock(FFFLorg/spongepowered/asm/mixin/injection/callback/CallbackInfoReturnable;)V has 0 override(s) in child classes
[03Dec2024 13:19:26.441] [Render thread/DEBUG] [mixin/]: mixins.iris.vertexformat.json:MixinBufferBuilder from mod iris->@Inject::injectMidBlock(FFFLorg/spongepowered/asm/mixin/injection/callback/CallbackInfoReturnable;)V won't be passed a CallbackInfoReturnable as a result
[03Dec2024 13:19:26.441] [Render thread/DEBUG] [mixin/]: mixins.iris.vertexformat.json:MixinBufferBuilder from mod iris->@Inject::iris$skipSodiumChange(Lorg/spongepowered/asm/mixin/injection/callback/CallbackInfo;)V doesn't use it's CallbackInfo
[03Dec2024 13:19:26.441] [Render thread/DEBUG] [mixin/]: mixins.iris.vertexformat.json:MixinBufferBuilder from mod iris->@Inject::iris$skipSodiumChange(Lorg/spongepowered/asm/mixin/injection/callback/CallbackInfo;)V has 0 override(s) in child classes
[03Dec2024 13:19:26.441] [Render thread/DEBUG] [mixin/]: mixins.iris.vertexformat.json:MixinBufferBuilder from mod iris->@Inject::iris$skipSodiumChange(Lorg/spongepowered/asm/mixin/injection/callback/CallbackInfo;)V won't be passed a CallbackInfo as a result
[03Dec2024 13:19:26.441] [Render thread/DEBUG] [mixin/]: mixins.iris.vertexformat.json:MixinBufferBuilder from mod iris->@Inject::iris$beforeNext(Lorg/spongepowered/asm/mixin/injection/callback/CallbackInfo;)V doesn't use it's CallbackInfo
[03Dec2024 13:19:26.441] [Render thread/DEBUG] [mixin/]: mixins.iris.vertexformat.json:MixinBufferBuilder from mod iris->@Inject::iris$beforeNext(Lorg/spongepowered/asm/mixin/injection/callback/CallbackInfo;)V has 0 override(s) in child classes
[03Dec2024 13:19:26.441] [Render thread/DEBUG] [mixin/]: mixins.iris.vertexformat.json:MixinBufferBuilder from mod iris->@Inject::iris$beforeNext(Lorg/spongepowered/asm/mixin/injection/callback/CallbackInfo;)V won't be passed a CallbackInfo as a result
[03Dec2024 13:19:26.441] [Render thread/DEBUG] [mixin/]: iris-batched-entity-rendering.mixins.json:MixinBufferBuilder_SegmentRendering from mod iris->@Inject::batchedentityrendering$onNext(Lorg/spongepowered/asm/mixin/injection/callback/CallbackInfo;)V doesn't use it's CallbackInfo
[03Dec2024 13:19:26.441] [Render thread/DEBUG] [mixin/]: iris-batched-entity-rendering.mixins.json:MixinBufferBuilder_SegmentRendering from mod iris->@Inject::batchedentityrendering$onNext(Lorg/spongepowered/asm/mixin/injection/callback/CallbackInfo;)V has 0 override(s) in child classes
[03Dec2024 13:19:26.441] [Render thread/DEBUG] [mixin/]: iris-batched-entity-rendering.mixins.json:MixinBufferBuilder_SegmentRendering from mod iris->@Inject::batchedentityrendering$onNext(Lorg/spongepowered/asm/mixin/injection/callback/CallbackInfo;)V won't be passed a CallbackInfo as a result
[03Dec2024 13:19:26.452] [Render thread/DEBUG] [mixin/]: Mixing features.render.immediate.buffer_builder.sorting.MeshDataMixin from sodium.mixins.json into com.mojang.blaze3d.vertex.MeshData
[03Dec2024 13:19:26.452] [Render thread/DEBUG] [mixin/]: sodium.mixins.json:features.render.immediate.buffer_builder.sorting.MeshDataMixin from mod sodium: Class version 65 required is higher than the class version supported by the current version of Mixin (JAVA_17 supports class version 61)
[03Dec2024 13:19:26.462] [Render thread/DEBUG] [mixin/]: Mixing features.options.weather.LevelRendererMixin from sodium.mixins.json into net.minecraft.client.renderer.WeatherEffectRenderer
[03Dec2024 13:19:26.462] [Render thread/DEBUG] [mixin/]: sodium.mixins.json:features.options.weather.LevelRendererMixin from mod sodium: Class version 65 required is higher than the class version supported by the current version of Mixin (JAVA_17 supports class version 61)
[03Dec2024 13:19:26.463] [Render thread/DEBUG] [mixin/]: Mixing MixinWeatherRenderer from mixins.iris.json into net.minecraft.client.renderer.WeatherEffectRenderer
[03Dec2024 13:19:26.463] [Render thread/DEBUG] [mixin/]: mixins.iris.json:MixinWeatherRenderer from mod iris: Class version 65 required is higher than the class version supported by the current version of Mixin (JAVA_8 supports class version 52)
[03Dec2024 13:19:26.469] [Render thread/DEBUG] [mixin/]: Mixing state_tracking.MixinPostChain from mixins.iris.json into net.minecraft.client.renderer.PostChain
[03Dec2024 13:19:26.469] [Render thread/DEBUG] [mixin/]: mixins.iris.json:state_tracking.MixinPostChain from mod iris: Class version 65 required is higher than the class version supported by the current version of Mixin (JAVA_8 supports class version 52)
[03Dec2024 13:19:26.471] [Render thread/DEBUG] [mixin/]: Mixing MixinSodiumWorldRenderer from mixins.iris.compat.sodium.json into net.caffeinemc.mods.sodium.client.render.SodiumWorldRenderer
[03Dec2024 13:19:26.472] [Render thread/DEBUG] [mixin/]: mixins.iris.compat.sodium.json:MixinSodiumWorldRenderer from mod iris: Class version 65 required is higher than the class version supported by the current version of Mixin (JAVA_8 supports class version 52)
[03Dec2024 13:19:26.472] [Render thread/DEBUG] [mixin/]: Renaming synthetic method lambda$static$0(Lnet/irisshaders/iris/shadows/ShadowRenderer;Lnet/minecraft/client/renderer/RenderBuffers;Lcom/mojang/blaze3d/vertex/PoseStack;Lnet/minecraft/client/Camera;DDDFZZ)I to mdec2fbb$iris$lambda$static$0$0 in mixins.iris.compat.sodium.json:MixinSodiumWorldRenderer from mod iris
[03Dec2024 13:19:26.474] [Render thread/DEBUG] [mixin/]: mixins.iris.compat.sodium.json:MixinSodiumWorldRenderer from mod iris->@Inject::checkRenderShadow(Lcom/mojang/blaze3d/vertex/PoseStack;Lnet/minecraft/client/renderer/RenderBuffers;Lit/unimi/dsi/fastutil/longs/Long2ObjectMap;FLnet/minecraft/client/renderer/MultiBufferSource$BufferSource;DDDLnet/minecraft/client/renderer/blockentity/BlockEntityRenderDispatcher;Lnet/minecraft/world/level/block/entity/BlockEntity;Lnet/minecraft/client/player/LocalPlayer;Lcom/llamalad7/mixinextras/sugar/ref/LocalBooleanRef;Lorg/spongepowered/asm/mixin/injection/callback/CallbackInfo;)V does use it's CallbackInfo
[03Dec2024 13:19:26.477] [Render thread/DEBUG] [mixin/]: Mixing MixinShadowRenderer from mixins.iris.forge.json into net.irisshaders.iris.shadows.ShadowRenderer
[03Dec2024 13:19:26.478] [Render thread/DEBUG] [mixin/]: mixins.iris.forge.json:MixinShadowRenderer from mod iris: Class version 65 required is higher than the class version supported by the current version of Mixin (JAVA_8 supports class version 52)
[03Dec2024 13:19:26.482] [Render thread/DEBUG] [mixin/]: mixins.iris.forge.json:MixinShadowRenderer from mod iris->@Inject::init(Lorg/spongepowered/asm/mixin/injection/callback/CallbackInfo;)V doesn't use it's CallbackInfo
[03Dec2024 13:19:26.483] [Render thread/DEBUG] [mixin/]: mixins.iris.forge.json:MixinShadowRenderer from mod iris->@Inject::render(Lnet/irisshaders/iris/mixin/LevelRendererAccessor;Lnet/minecraft/client/Camera;Lorg/spongepowered/asm/mixin/injection/callback/CallbackInfo;)V doesn't use it's CallbackInfo
[03Dec2024 13:19:26.483] [Render thread/DEBUG] [mixin/]: mixins.iris.forge.json:MixinShadowRenderer from mod iris->@Inject::render(Lnet/irisshaders/iris/mixin/LevelRendererAccessor;Lnet/minecraft/client/Camera;Lorg/spongepowered/asm/mixin/injection/callback/CallbackInfo;)V has 0 override(s) in child classes
[03Dec2024 13:19:26.483] [Render thread/DEBUG] [mixin/]: mixins.iris.forge.json:MixinShadowRenderer from mod iris->@Inject::render(Lnet/irisshaders/iris/mixin/LevelRendererAccessor;Lnet/minecraft/client/Camera;Lorg/spongepowered/asm/mixin/injection/callback/CallbackInfo;)V won't be passed a CallbackInfo as a result
[03Dec2024 13:19:26.497] [Render thread/DEBUG] [mixin/]: Mixing features.gui.hooks.debug.DebugScreenOverlayMixin from sodium.mixins.json into net.minecraft.client.gui.components.DebugScreenOverlay
[03Dec2024 13:19:26.497] [Render thread/DEBUG] [mixin/]: sodium.mixins.json:features.gui.hooks.debug.DebugScreenOverlayMixin from mod sodium: Class version 65 required is higher than the class version supported by the current version of Mixin (JAVA_17 supports class version 61)
[03Dec2024 13:19:26.498] [Render thread/DEBUG] [mixin/]: Mixing MixinDebugScreenOverlay from mixins.iris.json into net.minecraft.client.gui.components.DebugScreenOverlay
[03Dec2024 13:19:26.498] [Render thread/DEBUG] [mixin/]: mixins.iris.json:MixinDebugScreenOverlay from mod iris: Class version 65 required is higher than the class version supported by the current version of Mixin (JAVA_8 supports class version 52)
[03Dec2024 13:19:26.498] [Render thread/DEBUG] [mixin/]: Renaming synthetic method lambda$iris$appendShadowDebugText$1(Ljava/util/List;Lnet/irisshaders/iris/pipeline/WorldRenderingPipeline;)V to mdec2fbb$iris$lambda$iris$appendShadowDebugText$1$0 in mixins.iris.json:MixinDebugScreenOverlay from mod iris
[03Dec2024 13:19:26.498] [Render thread/DEBUG] [mixin/]: Renaming synthetic method lambda$iris$appendShaderPackText$0(Ljava/util/List;Lnet/irisshaders/iris/shaderpack/ShaderPack;)V to mdec2fbb$iris$lambda$iris$appendShaderPackText$0$1 in mixins.iris.json:MixinDebugScreenOverlay from mod iris
[03Dec2024 13:19:26.501] [Render thread/DEBUG] [mixin/]: Mixing DebugHudMixin from fabric-renderer-api-v1.debughud.mixins.json into net.minecraft.client.gui.components.DebugScreenOverlay
[03Dec2024 13:19:26.501] [Render thread/DEBUG] [mixin/]: fabric-renderer-api-v1.debughud.mixins.json:DebugHudMixin from mod fabric_renderer_api_v1: Class version 65 required is higher than the class version supported by the current version of Mixin (JAVA_17 supports class version 61)
[03Dec2024 13:19:26.502] [Render thread/DEBUG] [mixin/]: Mixing MixinDebugScreenOverlay from iris-batched-entity-rendering.mixins.json into net.minecraft.client.gui.components.DebugScreenOverlay
[03Dec2024 13:19:26.502] [Render thread/DEBUG] [mixin/]: iris-batched-entity-rendering.mixins.json:MixinDebugScreenOverlay from mod iris: Class version 65 required is higher than the class version supported by the current version of Mixin (JAVA_8 supports class version 52)
[03Dec2024 13:19:26.506] [Render thread/DEBUG] [mixin/]: mixins.iris.json:MixinDebugScreenOverlay from mod iris->@Inject::iris$appendShaderPackText(Lorg/spongepowered/asm/mixin/injection/callback/CallbackInfoReturnable;)V does use it's CallbackInfoReturnable
[03Dec2024 13:19:26.506] [Render thread/DEBUG] [mixin/]: mixins.iris.json:MixinDebugScreenOverlay from mod iris->@Inject::iris$appendShaderPackText(Lorg/spongepowered/asm/mixin/injection/callback/CallbackInfoReturnable;)V does use it's CallbackInfoReturnable
[03Dec2024 13:19:26.506] [Render thread/DEBUG] [mixin/]: mixins.iris.json:MixinDebugScreenOverlay from mod iris->@Inject::iris$appendShadowDebugText(Lorg/spongepowered/asm/mixin/injection/callback/CallbackInfoReturnable;)V does use it's CallbackInfoReturnable
[03Dec2024 13:19:26.506] [Render thread/DEBUG] [mixin/]: mixins.iris.json:MixinDebugScreenOverlay from mod iris->@Inject::iris$appendShadowDebugText(Lorg/spongepowered/asm/mixin/injection/callback/CallbackInfoReturnable;)V does use it's CallbackInfoReturnable
[03Dec2024 13:19:26.506] [Render thread/DEBUG] [mixin/]: fabric-renderer-api-v1.debughud.mixins.json:DebugHudMixin from mod fabric_renderer_api_v1->@Inject::getLeftText(Lorg/spongepowered/asm/mixin/injection/callback/CallbackInfoReturnable;)V does use it's CallbackInfoReturnable
[03Dec2024 13:19:26.506] [Render thread/DEBUG] [mixin/]: fabric-renderer-api-v1.debughud.mixins.json:DebugHudMixin from mod fabric_renderer_api_v1->@Inject::getLeftText(Lorg/spongepowered/asm/mixin/injection/callback/CallbackInfoReturnable;)V does use it's CallbackInfoReturnable
[03Dec2024 13:19:26.506] [Render thread/DEBUG] [mixin/]: iris-batched-entity-rendering.mixins.json:MixinDebugScreenOverlay from mod iris->@Inject::batchedentityrendering$appendStats(Lorg/spongepowered/asm/mixin/injection/callback/CallbackInfoReturnable;)V does use it's CallbackInfoReturnable
[03Dec2024 13:19:26.506] [Render thread/DEBUG] [mixin/]: iris-batched-entity-rendering.mixins.json:MixinDebugScreenOverlay from mod iris->@Inject::batchedentityrendering$appendStats(Lorg/spongepowered/asm/mixin/injection/callback/CallbackInfoReturnable;)V does use it's CallbackInfoReturnable
[03Dec2024 13:19:26.524] [Render thread/DEBUG] [mixin/]: Mixing MixinChunkBorderRenderer from mixins.iris.json into net.minecraft.client.renderer.debug.ChunkBorderRenderer
[03Dec2024 13:19:26.524] [Render thread/DEBUG] [mixin/]: mixins.iris.json:MixinChunkBorderRenderer from mod iris: Class version 65 required is higher than the class version supported by the current version of Mixin (JAVA_8 supports class version 52)
[03Dec2024 13:19:26.525] [Render thread/DEBUG] [mixin/]: Generating mapped inner class net/minecraft/client/renderer/debug/ChunkBorderRenderer$Anonymous$94dab5ab75924326b74a76fed5f51099 (originally net/irisshaders/iris/mixin/MixinChunkBorderRenderer$1)
[03Dec2024 13:19:26.564] [Render thread/DEBUG] [mixin/]: Mixing core.render.world.EntityRendererAccessor from sodium.mixins.json into net.minecraft.client.renderer.entity.EntityRenderer
[03Dec2024 13:19:26.564] [Render thread/DEBUG] [mixin/]: sodium.mixins.json:core.render.world.EntityRendererAccessor from mod sodium: Class version 65 required is higher than the class version supported by the current version of Mixin (JAVA_17 supports class version 61)
[03Dec2024 13:19:26.564] [Render thread/DEBUG] [mixin/]: Mixing features.render.entity.cull.EntityRendererMixin from sodium.mixins.json into net.minecraft.client.renderer.entity.EntityRenderer
[03Dec2024 13:19:26.564] [Render thread/DEBUG] [mixin/]: sodium.mixins.json:features.render.entity.cull.EntityRendererMixin from mod sodium: Class version 65 required is higher than the class version supported by the current version of Mixin (JAVA_17 supports class version 61)
[03Dec2024 13:19:26.565] [Render thread/DEBUG] [mixin/]: Mixing entity_render_context.MixinEntityRenderer from mixins.iris.json into net.minecraft.client.renderer.entity.EntityRenderer
[03Dec2024 13:19:26.565] [Render thread/DEBUG] [mixin/]: mixins.iris.json:entity_render_context.MixinEntityRenderer from mod iris: Class version 65 required is higher than the class version supported by the current version of Mixin (JAVA_8 supports class version 52)
[03Dec2024 13:19:26.567] [Render thread/DEBUG] [mixin/]: mixins.iris.json:entity_render_context.MixinEntityRenderer from mod iris->@Inject::setNameTagId(Lnet/minecraft/client/renderer/entity/state/EntityRenderState;Lnet/minecraft/network/chat/Component;Lcom/mojang/blaze3d/vertex/PoseStack;Lnet/minecraft/client/renderer/MultiBufferSource;ILorg/spongepowered/asm/mixin/injection/callback/CallbackInfo;)V doesn't use it's CallbackInfo
[03Dec2024 13:19:26.567] [Render thread/DEBUG] [mixin/]: mixins.iris.json:entity_render_context.MixinEntityRenderer from mod iris->@Inject::setNameTagId(Lnet/minecraft/client/renderer/entity/state/EntityRenderState;Lnet/minecraft/network/chat/Component;Lcom/mojang/blaze3d/vertex/PoseStack;Lnet/minecraft/client/renderer/MultiBufferSource;ILorg/spongepowered/asm/mixin/injection/callback/CallbackInfo;)V has 0 override(s) in child classes
[03Dec2024 13:19:26.567] [Render thread/DEBUG] [mixin/]: mixins.iris.json:entity_render_context.MixinEntityRenderer from mod iris->@Inject::setNameTagId(Lnet/minecraft/client/renderer/entity/state/EntityRenderState;Lnet/minecraft/network/chat/Component;Lcom/mojang/blaze3d/vertex/PoseStack;Lnet/minecraft/client/renderer/MultiBufferSource;ILorg/spongepowered/asm/mixin/injection/callback/CallbackInfo;)V won't be passed a CallbackInfo as a result
[03Dec2024 13:19:26.567] [Render thread/DEBUG] [mixin/]: mixins.iris.json:entity_render_context.MixinEntityRenderer from mod iris->@Inject::resetId(Lnet/minecraft/client/renderer/entity/state/EntityRenderState;Lnet/minecraft/network/chat/Component;Lcom/mojang/blaze3d/vertex/PoseStack;Lnet/minecraft/client/renderer/MultiBufferSource;ILorg/spongepowered/asm/mixin/injection/callback/CallbackInfo;)V doesn't use it's CallbackInfo
[03Dec2024 13:19:26.567] [Render thread/DEBUG] [mixin/]: mixins.iris.json:entity_render_context.MixinEntityRenderer from mod iris->@Inject::resetId(Lnet/minecraft/client/renderer/entity/state/EntityRenderState;Lnet/minecraft/network/chat/Component;Lcom/mojang/blaze3d/vertex/PoseStack;Lnet/minecraft/client/renderer/MultiBufferSource;ILorg/spongepowered/asm/mixin/injection/callback/CallbackInfo;)V has 0 override(s) in child classes
[03Dec2024 13:19:26.567] [Render thread/DEBUG] [mixin/]: mixins.iris.json:entity_render_context.MixinEntityRenderer from mod iris->@Inject::resetId(Lnet/minecraft/client/renderer/entity/state/EntityRenderState;Lnet/minecraft/network/chat/Component;Lcom/mojang/blaze3d/vertex/PoseStack;Lnet/minecraft/client/renderer/MultiBufferSource;ILorg/spongepowered/asm/mixin/injection/callback/CallbackInfo;)V won't be passed a CallbackInfo as a result
[03Dec2024 13:19:26.631] [Render thread/INFO] [net.neoforged.neoforge.gametest.GameTestHooks/]: Enabled Gametest Namespaces: [mob_farms]
[03Dec2024 13:19:26.676] [Render thread/DEBUG] [mixin/]: Mixing sky.MixinDimensionSpecialEffects from mixins.iris.json into net.minecraft.client.renderer.DimensionSpecialEffects
[03Dec2024 13:19:26.676] [Render thread/DEBUG] [mixin/]: mixins.iris.json:sky.MixinDimensionSpecialEffects from mod iris: Class version 65 required is higher than the class version supported by the current version of Mixin (JAVA_8 supports class version 52)
[03Dec2024 13:19:26.677] [Render thread/DEBUG] [mixin/]: mixins.iris.json:sky.MixinDimensionSpecialEffects from mod iris->@Inject::iris$getSunriseColor(FLorg/spongepowered/asm/mixin/injection/callback/CallbackInfoReturnable;)V does use it's CallbackInfoReturnable
[03Dec2024 13:19:26.692] [Render thread/DEBUG] [mixin/]: Mixing features.render.entity.ModelPartMixin from sodium.mixins.json into net.minecraft.client.model.geom.ModelPart
[03Dec2024 13:19:26.692] [Render thread/DEBUG] [mixin/]: sodium.mixins.json:features.render.entity.ModelPartMixin from mod sodium: Class version 65 required is higher than the class version supported by the current version of Mixin (JAVA_17 supports class version 61)
[03Dec2024 13:19:26.731] [Render thread/DEBUG] [mixin/]: Mixing features.shader.uniform.ShaderInstanceMixin from sodium.mixins.json into net.minecraft.client.renderer.CompiledShaderProgram
[03Dec2024 13:19:26.731] [Render thread/DEBUG] [mixin/]: sodium.mixins.json:features.shader.uniform.ShaderInstanceMixin from mod sodium: Class version 65 required is higher than the class version supported by the current version of Mixin (JAVA_17 supports class version 61)
[03Dec2024 13:19:26.731] [Render thread/DEBUG] [mixin/]: Mixing MixinCompiledShaderProgram from mixins.iris.json into net.minecraft.client.renderer.CompiledShaderProgram
[03Dec2024 13:19:26.731] [Render thread/DEBUG] [mixin/]: mixins.iris.json:MixinCompiledShaderProgram from mod iris: Class version 65 required is higher than the class version supported by the current version of Mixin (JAVA_8 supports class version 52)
[03Dec2024 13:19:26.733] [Render thread/DEBUG] [mixin/]: mixins.iris.json:MixinCompiledShaderProgram from mod iris->@Inject::iris$lockDepthColorState(Lorg/spongepowered/asm/mixin/injection/callback/CallbackInfo;)V doesn't use it's CallbackInfo
[03Dec2024 13:19:26.733] [Render thread/DEBUG] [mixin/]: mixins.iris.json:MixinCompiledShaderProgram from mod iris->@Inject::iris$lockDepthColorState(Lorg/spongepowered/asm/mixin/injection/callback/CallbackInfo;)V has 0 override(s) in child classes
[03Dec2024 13:19:26.733] [Render thread/DEBUG] [mixin/]: mixins.iris.json:MixinCompiledShaderProgram from mod iris->@Inject::iris$lockDepthColorState(Lorg/spongepowered/asm/mixin/injection/callback/CallbackInfo;)V won't be passed a CallbackInfo as a result
[03Dec2024 13:19:26.733] [Render thread/DEBUG] [mixin/]: mixins.iris.json:MixinCompiledShaderProgram from mod iris->@Inject::onTail(Lorg/spongepowered/asm/mixin/injection/callback/CallbackInfo;)V doesn't use it's CallbackInfo
[03Dec2024 13:19:26.733] [Render thread/DEBUG] [mixin/]: mixins.iris.json:MixinCompiledShaderProgram from mod iris->@Inject::onTail(Lorg/spongepowered/asm/mixin/injection/callback/CallbackInfo;)V has 0 override(s) in child classes
[03Dec2024 13:19:26.733] [Render thread/DEBUG] [mixin/]: mixins.iris.json:MixinCompiledShaderProgram from mod iris->@Inject::onTail(Lorg/spongepowered/asm/mixin/injection/callback/CallbackInfo;)V won't be passed a CallbackInfo as a result
[03Dec2024 13:19:26.733] [Render thread/DEBUG] [mixin/]: mixins.iris.json:MixinCompiledShaderProgram from mod iris->@Inject::iris$unlockDepthColorState(Lorg/spongepowered/asm/mixin/injection/callback/CallbackInfo;)V doesn't use it's CallbackInfo
[03Dec2024 13:19:26.733] [Render thread/DEBUG] [mixin/]: mixins.iris.json:MixinCompiledShaderProgram from mod iris->@Inject::iris$unlockDepthColorState(Lorg/spongepowered/asm/mixin/injection/callback/CallbackInfo;)V has 0 override(s) in child classes
[03Dec2024 13:19:26.733] [Render thread/DEBUG] [mixin/]: mixins.iris.json:MixinCompiledShaderProgram from mod iris->@Inject::iris$unlockDepthColorState(Lorg/spongepowered/asm/mixin/injection/callback/CallbackInfo;)V won't be passed a CallbackInfo as a result
[03Dec2024 13:19:26.736] [Render thread/DEBUG] [mixin/]: Mixing MixinUniform from mixins.iris.json into com.mojang.blaze3d.shaders.Uniform
[03Dec2024 13:19:26.737] [Render thread/DEBUG] [mixin/]: mixins.iris.json:MixinUniform from mod iris: Class version 65 required is higher than the class version supported by the current version of Mixin (JAVA_8 supports class version 52)
[03Dec2024 13:19:26.738] [Render thread/DEBUG] [mixin/]: mixins.iris.json:MixinUniform from mod iris->@Inject::iris$glGetUniformLocation(ILjava/lang/CharSequence;Lorg/spongepowered/asm/mixin/injection/callback/CallbackInfoReturnable;)V does use it's CallbackInfoReturnable
[03Dec2024 13:19:26.794] [Render thread/INFO] [net.minecraft.server.packs.resources.ReloadableResourceManager/]: Reloading ResourceManager: vanilla, mod_resources, mod/sodium, mod/fabric_rendering_data_attachment_v1, mod/mob_farms, mod/iris, mod/fabric_renderer_api_v1, mod/fabric_api_base, mod/neoforge, mod/corelib, mod/fabric_block_view_api_v2
[03Dec2024 13:19:26.808] [Render thread/DEBUG] [mixin/]: Mixing features.gui.hooks.settings.OptionsScreenMixin from sodium.mixins.json into net.minecraft.client.gui.screens.options.OptionsScreen
[03Dec2024 13:19:26.808] [Render thread/DEBUG] [mixin/]: sodium.mixins.json:features.gui.hooks.settings.OptionsScreenMixin from mod sodium: Class version 65 required is higher than the class version supported by the current version of Mixin (JAVA_17 supports class version 61)
[03Dec2024 13:19:26.808] [Render thread/DEBUG] [mixin/]: sodium.mixins.json:features.gui.hooks.settings.OptionsScreenMixin from mod sodium->@Inject::open(Lorg/spongepowered/asm/mixin/injection/callback/CallbackInfoReturnable;)V does use it's CallbackInfoReturnable
[03Dec2024 13:19:26.833] [Render thread/DEBUG] [mixin/]: Mixing SimpleBakedModelAccessor from sodium-forge.mixins.json into net.minecraft.client.resources.model.SimpleBakedModel
[03Dec2024 13:19:26.833] [Render thread/DEBUG] [mixin/]: sodium-forge.mixins.json:SimpleBakedModelAccessor from mod sodium: Class version 65 required is higher than the class version supported by the current version of Mixin (JAVA_17 supports class version 61)
[03Dec2024 13:19:26.840] [Render thread/DEBUG] [mixin/]: Mixing features.textures.SpriteContentsInvoker from sodium.mixins.json into net.minecraft.client.renderer.texture.SpriteContents
[03Dec2024 13:19:26.840] [Render thread/DEBUG] [mixin/]: sodium.mixins.json:features.textures.SpriteContentsInvoker from mod sodium: Class version 65 required is higher than the class version supported by the current version of Mixin (JAVA_17 supports class version 61)
[03Dec2024 13:19:26.840] [Render thread/DEBUG] [mixin/]: Mixing features.textures.animations.tracking.SpriteContentsMixin from sodium.mixins.json into net.minecraft.client.renderer.texture.SpriteContents
[03Dec2024 13:19:26.840] [Render thread/DEBUG] [mixin/]: sodium.mixins.json:features.textures.animations.tracking.SpriteContentsMixin from mod sodium: Class version 65 required is higher than the class version supported by the current version of Mixin (JAVA_17 supports class version 61)
[03Dec2024 13:19:26.841] [Render thread/DEBUG] [mixin/]: Mixing features.textures.animations.upload.SpriteContentsAccessor from sodium.mixins.json into net.minecraft.client.renderer.texture.SpriteContents
[03Dec2024 13:19:26.841] [Render thread/DEBUG] [mixin/]: sodium.mixins.json:features.textures.animations.upload.SpriteContentsAccessor from mod sodium: Class version 65 required is higher than the class version supported by the current version of Mixin (JAVA_17 supports class version 61)
[03Dec2024 13:19:26.841] [Render thread/DEBUG] [mixin/]: Mixing features.textures.mipmaps.SpriteContentsMixin from sodium.mixins.json into net.minecraft.client.renderer.texture.SpriteContents
[03Dec2024 13:19:26.841] [Render thread/DEBUG] [mixin/]: sodium.mixins.json:features.textures.mipmaps.SpriteContentsMixin from mod sodium: Class version 65 required is higher than the class version supported by the current version of Mixin (JAVA_17 supports class version 61)
[03Dec2024 13:19:26.842] [Render thread/DEBUG] [mixin/]: Mixing features.textures.scan.SpriteContentsMixin from sodium.mixins.json into net.minecraft.client.renderer.texture.SpriteContents
[03Dec2024 13:19:26.842] [Render thread/DEBUG] [mixin/]: sodium.mixins.json:features.textures.scan.SpriteContentsMixin from mod sodium: Class version 65 required is higher than the class version supported by the current version of Mixin (JAVA_17 supports class version 61)
[03Dec2024 13:19:26.843] [Render thread/DEBUG] [mixin/]: Mixing texture.MixinSpriteContents from mixins.iris.json into net.minecraft.client.renderer.texture.SpriteContents
[03Dec2024 13:19:26.843] [Render thread/DEBUG] [mixin/]: mixins.iris.json:texture.MixinSpriteContents from mod iris: Class version 65 required is higher than the class version supported by the current version of Mixin (JAVA_8 supports class version 52)
[03Dec2024 13:19:26.844] [Render thread/DEBUG] [mixin/]: Mixing texture.SpriteContentsAccessor from mixins.iris.json into net.minecraft.client.renderer.texture.SpriteContents
[03Dec2024 13:19:26.844] [Render thread/DEBUG] [mixin/]: mixins.iris.json:texture.SpriteContentsAccessor from mod iris: Class version 65 required is higher than the class version supported by the current version of Mixin (JAVA_8 supports class version 52)
[03Dec2024 13:19:26.844] [Render thread/DEBUG] [mixin/]: Mixing texture.pbr.MixinSpriteContents from mixins.iris.json into net.minecraft.client.renderer.texture.SpriteContents
[03Dec2024 13:19:26.844] [Render thread/DEBUG] [mixin/]: mixins.iris.json:texture.pbr.MixinSpriteContents from mod iris: Class version 65 required is higher than the class version supported by the current version of Mixin (JAVA_8 supports class version 52)
[03Dec2024 13:19:26.851] [Render thread/DEBUG] [mixin/]: mixins.iris.json:texture.MixinSpriteContents from mod iris->@Inject::onReturnCreateTicker(Lorg/spongepowered/asm/mixin/injection/callback/CallbackInfoReturnable;)V does use it's CallbackInfoReturnable
[03Dec2024 13:19:26.851] [Render thread/DEBUG] [mixin/]: mixins.iris.json:texture.pbr.MixinSpriteContents from mod iris->@Inject::iris$onTailClose(Lorg/spongepowered/asm/mixin/injection/callback/CallbackInfo;)V doesn't use it's CallbackInfo
[03Dec2024 13:19:26.851] [Render thread/DEBUG] [mixin/]: mixins.iris.json:texture.pbr.MixinSpriteContents from mod iris->@Inject::iris$onTailClose(Lorg/spongepowered/asm/mixin/injection/callback/CallbackInfo;)V has 0 override(s) in child classes
[03Dec2024 13:19:26.851] [Render thread/DEBUG] [mixin/]: mixins.iris.json:texture.pbr.MixinSpriteContents from mod iris->@Inject::iris$onTailClose(Lorg/spongepowered/asm/mixin/injection/callback/CallbackInfo;)V won't be passed a CallbackInfo as a result
[03Dec2024 13:19:26.851] [Render thread/DEBUG] [mixin/]: mixins.iris.json:texture.pbr.MixinSpriteContents from mod iris->@Inject::iris$onTailMarkActive(Lorg/spongepowered/asm/mixin/injection/callback/CallbackInfo;)V doesn't use it's CallbackInfo
[03Dec2024 13:19:26.851] [Render thread/DEBUG] [mixin/]: mixins.iris.json:texture.pbr.MixinSpriteContents from mod iris->@Inject::iris$onTailMarkActive(Lorg/spongepowered/asm/mixin/injection/callback/CallbackInfo;)V has 0 override(s) in child classes
[03Dec2024 13:19:26.851] [Render thread/DEBUG] [mixin/]: mixins.iris.json:texture.pbr.MixinSpriteContents from mod iris->@Inject::iris$onTailMarkActive(Lorg/spongepowered/asm/mixin/injection/callback/CallbackInfo;)V won't be passed a CallbackInfo as a result
[03Dec2024 13:19:26.862] [Render thread/DEBUG] [mixin/]: Mixing features.textures.animations.tracking.SpriteContentsFrameInfoAccessor from sodium.mixins.json into net.minecraft.client.renderer.texture.SpriteContents$FrameInfo
[03Dec2024 13:19:26.862] [Render thread/DEBUG] [mixin/]: sodium.mixins.json:features.textures.animations.tracking.SpriteContentsFrameInfoAccessor from mod sodium: Class version 65 required is higher than the class version supported by the current version of Mixin (JAVA_17 supports class version 61)
[03Dec2024 13:19:26.862] [Render thread/DEBUG] [mixin/]: Mixing features.textures.animations.upload.SpriteContentsFrameInfoAccessor from sodium.mixins.json into net.minecraft.client.renderer.texture.SpriteContents$FrameInfo
[03Dec2024 13:19:26.862] [Render thread/DEBUG] [mixin/]: sodium.mixins.json:features.textures.animations.upload.SpriteContentsFrameInfoAccessor from mod sodium: Class version 65 required is higher than the class version supported by the current version of Mixin (JAVA_17 supports class version 61)
[03Dec2024 13:19:26.863] [Render thread/DEBUG] [mixin/]: Mixing texture.SpriteContentsFrameInfoAccessor from mixins.iris.json into net.minecraft.client.renderer.texture.SpriteContents$FrameInfo
[03Dec2024 13:19:26.863] [Render thread/DEBUG] [mixin/]: mixins.iris.json:texture.SpriteContentsFrameInfoAccessor from mod iris: Class version 65 required is higher than the class version supported by the current version of Mixin (JAVA_8 supports class version 52)
[03Dec2024 13:19:26.863] [Render thread/DEBUG] [mixin/]: Unexpected: Registered method getTime()I in net.minecraft.client.renderer.texture.SpriteContents$FrameInfo was not merged
[03Dec2024 13:19:26.863] [Render thread/DEBUG] [mixin/]: Unexpected: Registered method getIndex()I in net.minecraft.client.renderer.texture.SpriteContents$FrameInfo was not merged
[03Dec2024 13:19:26.863] [Render thread/DEBUG] [mixin/]: Unexpected: Registered method getTime()I in net.minecraft.client.renderer.texture.SpriteContents$FrameInfo was not merged
[03Dec2024 13:19:26.888] [resourceLoad/INFO] [net.minecraft.client.gui.font.providers.UnihexProvider/]: Found unifont_all_no_pua-15.1.05.hex, loading
[03Dec2024 13:19:26.889] [resourceLoad/INFO] [net.minecraft.client.gui.font.providers.UnihexProvider/]: Found unifont_jp_patch-15.1.05.hex, loading
[03Dec2024 13:19:26.963] [resourceLoad/DEBUG] [mixin/]: Mixing texture.pbr.MixinDirectoryLister from mixins.iris.json into net.minecraft.client.renderer.texture.atlas.sources.DirectoryLister
[03Dec2024 13:19:26.965] [resourceLoad/DEBUG] [mixin/]: mixins.iris.json:texture.pbr.MixinDirectoryLister from mod iris: Class version 65 required is higher than the class version supported by the current version of Mixin (JAVA_8 supports class version 52)
[03Dec2024 13:19:26.965] [resourceLoad/DEBUG] [mixin/]: Renaming synthetic method lambda$iris$modifyForEachAction$0(Lnet/minecraft/server/packs/resources/ResourceManager;Ljava/util/function/BiConsumer;Lnet/minecraft/resources/ResourceLocation;Lnet/minecraft/server/packs/resources/Resource;)V to mdec2fbb$iris$lambda$iris$modifyForEachAction$0$0 in mixins.iris.json:texture.pbr.MixinDirectoryLister from mod iris
[03Dec2024 13:19:26.969] [resourceLoad/DEBUG] [mixin/]: ArgsClassGenerator assigning org.spongepowered.asm.synthetic.args.Args$1 for descriptor (Ljava/util/function/BiConsumer;)V
[03Dec2024 13:19:26.972] [Render thread/DEBUG] [net.neoforged.fml.DeferredWorkQueue/LOADING]: Dispatching synchronous work for work queue Common setup: 1 jobs
[03Dec2024 13:19:26.973] [Render thread/DEBUG] [net.neoforged.fml.DeferredWorkQueue/LOADING]: Synchronous work queue completed in 731.3 μs
[03Dec2024 13:19:27.029] [resourceLoad/DEBUG] [mixin/]: Mixing features.textures.animations.tracking.AnimatedTextureAccessor from sodium.mixins.json into net.minecraft.client.renderer.texture.SpriteContents$AnimatedTexture
[03Dec2024 13:19:27.030] [resourceLoad/DEBUG] [mixin/]: sodium.mixins.json:features.textures.animations.tracking.AnimatedTextureAccessor from mod sodium: Class version 65 required is higher than the class version supported by the current version of Mixin (JAVA_17 supports class version 61)
[03Dec2024 13:19:27.030] [resourceLoad/DEBUG] [mixin/]: Mixing features.textures.animations.upload.SpriteContentsAnimatedTextureAccessor from sodium.mixins.json into net.minecraft.client.renderer.texture.SpriteContents$AnimatedTexture
[03Dec2024 13:19:27.030] [resourceLoad/DEBUG] [mixin/]: sodium.mixins.json:features.textures.animations.upload.SpriteContentsAnimatedTextureAccessor from mod sodium: Class version 65 required is higher than the class version supported by the current version of Mixin (JAVA_17 supports class version 61)
[03Dec2024 13:19:27.030] [resourceLoad/DEBUG] [mixin/]: Mixing texture.SpriteContentsAnimatedTextureAccessor from mixins.iris.json into net.minecraft.client.renderer.texture.SpriteContents$AnimatedTexture
[03Dec2024 13:19:27.030] [resourceLoad/DEBUG] [mixin/]: mixins.iris.json:texture.SpriteContentsAnimatedTextureAccessor from mod iris: Class version 65 required is higher than the class version supported by the current version of Mixin (JAVA_8 supports class version 52)
[03Dec2024 13:19:27.033] [resourceLoad/DEBUG] [mixin/]: Unexpected: Registered method getFrames()Ljava/util/List; in net.minecraft.client.renderer.texture.SpriteContents$AnimatedTexture was not merged
[03Dec2024 13:19:27.033] [resourceLoad/DEBUG] [mixin/]: Unexpected: Registered method getFrames()Ljava/util/List; in net.minecraft.client.renderer.texture.SpriteContents$AnimatedTexture was not merged
[03Dec2024 13:19:27.041] [resourceLoad/DEBUG] [mixin/]: Mixing features.textures.mipmaps.MipmapGeneratorMixin from sodium.mixins.json into net.minecraft.client.renderer.texture.MipmapGenerator
[03Dec2024 13:19:27.041] [resourceLoad/DEBUG] [mixin/]: sodium.mixins.json:features.textures.mipmaps.MipmapGeneratorMixin from mod sodium: Class version 65 required is higher than the class version supported by the current version of Mixin (JAVA_17 supports class version 61)
[03Dec2024 13:19:27.285] [resourceLoad/DEBUG] [mixin/]: Mixing shadows.MixinBeaconRenderer from mixins.iris.json into net.minecraft.client.renderer.blockentity.BeaconRenderer
[03Dec2024 13:19:27.285] [resourceLoad/DEBUG] [mixin/]: mixins.iris.json:shadows.MixinBeaconRenderer from mod iris: Class version 65 required is higher than the class version supported by the current version of Mixin (JAVA_8 supports class version 52)
[03Dec2024 13:19:27.287] [resourceLoad/DEBUG] [mixin/]: mixins.iris.json:shadows.MixinBeaconRenderer from mod iris->@Inject::iris$noLightBeamInShadowPass(Lcom/mojang/blaze3d/vertex/PoseStack;Lnet/minecraft/client/renderer/MultiBufferSource;Lnet/minecraft/resources/ResourceLocation;FFJIIIFFLorg/spongepowered/asm/mixin/injection/callback/CallbackInfo;)V does use it's CallbackInfo
[03Dec2024 13:19:27.292] [resourceLoad/DEBUG] [mixin/]: Mixing MixinBannerRenderer from iris-batched-entity-rendering.mixins.json into net.minecraft.client.renderer.blockentity.BannerRenderer
[03Dec2024 13:19:27.292] [resourceLoad/DEBUG] [mixin/]: iris-batched-entity-rendering.mixins.json:MixinBannerRenderer from mod iris: Class version 65 required is higher than the class version supported by the current version of Mixin (JAVA_8 supports class version 52)
[03Dec2024 13:19:27.293] [resourceLoad/DEBUG] [mixin/]: Renaming synthetic method lambda$iris$wrapBufferSource$0(Lnet/minecraft/client/renderer/RenderType;)Lnet/minecraft/client/renderer/RenderType; to mdec2fbb$iris$lambda$iris$wrapBufferSource$0$0 in iris-batched-entity-rendering.mixins.json:MixinBannerRenderer from mod iris
[03Dec2024 13:19:27.296] [resourceLoad/DEBUG] [mixin/]: iris-batched-entity-rendering.mixins.json:MixinBannerRenderer from mod iris->@Inject::iris$endRenderingCanvas(Lcom/mojang/blaze3d/vertex/PoseStack;Lnet/minecraft/client/renderer/MultiBufferSource;IILnet/minecraft/client/model/geom/ModelPart;Lnet/minecraft/client/resources/model/Material;ZLnet/minecraft/world/item/DyeColor;Lnet/minecraft/world/level/block/entity/BannerPatternLayers;ZZLorg/spongepowered/asm/mixin/injection/callback/CallbackInfo;)V doesn't use it's CallbackInfo
[03Dec2024 13:19:27.602] [resourceLoad/DEBUG] [mixin/]: Mixing core.model.quad.BakedQuadMixin from sodium-forge.mixins.json into net.minecraft.client.renderer.block.model.BakedQuad
[03Dec2024 13:19:27.603] [resourceLoad/DEBUG] [mixin/]: sodium-forge.mixins.json:core.model.quad.BakedQuadMixin from mod sodium: Class version 65 required is higher than the class version supported by the current version of Mixin (JAVA_17 supports class version 61)
[03Dec2024 13:19:27.608] [resourceLoad/DEBUG] [mixin/]: sodium-forge.mixins.json:core.model.quad.BakedQuadMixin from mod sodium->@Inject::init([IILnet/minecraft/core/Direction;Lnet/minecraft/client/renderer/texture/TextureAtlasSprite;ZIZLorg/spongepowered/asm/mixin/injection/callback/CallbackInfo;)V doesn't use it's CallbackInfo
[03Dec2024 13:19:27.609] [resourceLoad/DEBUG] [mixin/]: sodium-forge.mixins.json:core.model.quad.BakedQuadMixin from mod sodium->@Inject::init([IILnet/minecraft/core/Direction;Lnet/minecraft/client/renderer/texture/TextureAtlasSprite;ZIZLorg/spongepowered/asm/mixin/injection/callback/CallbackInfo;)V has 0 override(s) in child classes
[03Dec2024 13:19:27.609] [resourceLoad/DEBUG] [mixin/]: sodium-forge.mixins.json:core.model.quad.BakedQuadMixin from mod sodium->@Inject::init([IILnet/minecraft/core/Direction;Lnet/minecraft/client/renderer/texture/TextureAtlasSprite;ZIZLorg/spongepowered/asm/mixin/injection/callback/CallbackInfo;)V won't be passed a CallbackInfo as a result
[03Dec2024 13:19:27.617] [resourceLoad/DEBUG] [mixin/]: Mixing features.model.MultiPartBakedModelMixin from sodium-forge.mixins.json into net.minecraft.client.resources.model.MultiPartBakedModel
[03Dec2024 13:19:27.618] [resourceLoad/DEBUG] [mixin/]: sodium-forge.mixins.json:features.model.MultiPartBakedModelMixin from mod sodium: Class version 65 required is higher than the class version supported by the current version of Mixin (JAVA_17 supports class version 61)
[03Dec2024 13:19:27.618] [resourceLoad/DEBUG] [mixin/]: Renaming synthetic method lambda$getRenderTypes$2(I)[Lnet/minecraft/client/resources/model/BakedModel; to mdec2fbb$sodium$lambda$getRenderTypes$2$0 in sodium-forge.mixins.json:features.model.MultiPartBakedModelMixin from mod sodium
[03Dec2024 13:19:27.619] [resourceLoad/DEBUG] [mixin/]: Renaming synthetic method lambda$getQuads$1(I)[Lnet/minecraft/client/resources/model/BakedModel; to mdec2fbb$sodium$lambda$getQuads$1$1 in sodium-forge.mixins.json:features.model.MultiPartBakedModelMixin from mod sodium
[03Dec2024 13:19:27.619] [resourceLoad/DEBUG] [mixin/]: Renaming synthetic method lambda$storeClassInfo$0(Lnet/minecraft/client/resources/model/MultiPartBakedModel$Selector;)Z to mdec2fbb$sodium$lambda$storeClassInfo$0$2 in sodium-forge.mixins.json:features.model.MultiPartBakedModelMixin from mod sodium
[03Dec2024 13:19:27.622] [resourceLoad/DEBUG] [mixin/]: Mixing client.MultipartBakedModelMixin from fabric-renderer-api-v1.mixins.json into net.minecraft.client.resources.model.MultiPartBakedModel
[03Dec2024 13:19:27.623] [resourceLoad/DEBUG] [mixin/]: fabric-renderer-api-v1.mixins.json:client.MultipartBakedModelMixin from mod fabric_renderer_api_v1: Class version 65 required is higher than the class version supported by the current version of Mixin (JAVA_17 supports class version 61)
[03Dec2024 13:19:27.623] [resourceLoad/DEBUG] [mixin/]: Renaming synthetic method lambda$emitBlockQuads$0(Lnet/minecraft/util/RandomSource;J)Lnet/minecraft/util/RandomSource; to mdec2fbb$fabric_renderer_api_v1$lambda$emitBlockQuads$0$3 in fabric-renderer-api-v1.mixins.json:client.MultipartBakedModelMixin from mod fabric_renderer_api_v1
[03Dec2024 13:19:27.630] [resourceLoad/DEBUG] [mixin/]: sodium-forge.mixins.json:features.model.MultiPartBakedModelMixin from mod sodium->@Inject::storeClassInfo(Ljava/util/List;Lorg/spongepowered/asm/mixin/injection/callback/CallbackInfo;)V doesn't use it's CallbackInfo
[03Dec2024 13:19:27.630] [resourceLoad/DEBUG] [mixin/]: sodium-forge.mixins.json:features.model.MultiPartBakedModelMixin from mod sodium->@Inject::storeClassInfo(Ljava/util/List;Lorg/spongepowered/asm/mixin/injection/callback/CallbackInfo;)V has 0 override(s) in child classes
[03Dec2024 13:19:27.630] [resourceLoad/DEBUG] [mixin/]: sodium-forge.mixins.json:features.model.MultiPartBakedModelMixin from mod sodium->@Inject::storeClassInfo(Ljava/util/List;Lorg/spongepowered/asm/mixin/injection/callback/CallbackInfo;)V won't be passed a CallbackInfo as a result
[03Dec2024 13:19:27.630] [resourceLoad/DEBUG] [mixin/]: fabric-renderer-api-v1.mixins.json:client.MultipartBakedModelMixin from mod fabric_renderer_api_v1->@Inject::onInit(Ljava/util/List;Lorg/spongepowered/asm/mixin/injection/callback/CallbackInfo;)V doesn't use it's CallbackInfo
[03Dec2024 13:19:27.630] [resourceLoad/DEBUG] [mixin/]: fabric-renderer-api-v1.mixins.json:client.MultipartBakedModelMixin from mod fabric_renderer_api_v1->@Inject::onInit(Ljava/util/List;Lorg/spongepowered/asm/mixin/injection/callback/CallbackInfo;)V has 0 override(s) in child classes
[03Dec2024 13:19:27.630] [resourceLoad/DEBUG] [mixin/]: fabric-renderer-api-v1.mixins.json:client.MultipartBakedModelMixin from mod fabric_renderer_api_v1->@Inject::onInit(Ljava/util/List;Lorg/spongepowered/asm/mixin/injection/callback/CallbackInfo;)V won't be passed a CallbackInfo as a result
[03Dec2024 13:19:27.661] [resourceLoad/DEBUG] [mixin/]: Mixing features.model.WeightedBakedModelMixin from sodium-forge.mixins.json into net.minecraft.client.resources.model.WeightedBakedModel
[03Dec2024 13:19:27.662] [resourceLoad/DEBUG] [mixin/]: sodium-forge.mixins.json:features.model.WeightedBakedModelMixin from mod sodium: Class version 65 required is higher than the class version supported by the current version of Mixin (JAVA_17 supports class version 61)
[03Dec2024 13:19:27.662] [resourceLoad/DEBUG] [mixin/]: Mixing client.WeightedBakedModelMixin from fabric-renderer-api-v1.mixins.json into net.minecraft.client.resources.model.WeightedBakedModel
[03Dec2024 13:19:27.662] [resourceLoad/DEBUG] [mixin/]: fabric-renderer-api-v1.mixins.json:client.WeightedBakedModelMixin from mod fabric_renderer_api_v1: Class version 65 required is higher than the class version supported by the current version of Mixin (JAVA_17 supports class version 61)
[03Dec2024 13:19:27.663] [resourceLoad/DEBUG] [mixin/]: Renaming synthetic method lambda$emitItemQuads$1(Ljava/util/function/Supplier;)Lnet/minecraft/util/RandomSource; to mdec2fbb$fabric_renderer_api_v1$lambda$emitItemQuads$1$0 in fabric-renderer-api-v1.mixins.json:client.WeightedBakedModelMixin from mod fabric_renderer_api_v1
[03Dec2024 13:19:27.663] [resourceLoad/DEBUG] [mixin/]: Renaming synthetic method lambda$emitBlockQuads$0(Ljava/util/function/Supplier;)Lnet/minecraft/util/RandomSource; to mdec2fbb$fabric_renderer_api_v1$lambda$emitBlockQuads$0$1 in fabric-renderer-api-v1.mixins.json:client.WeightedBakedModelMixin from mod fabric_renderer_api_v1
[03Dec2024 13:19:27.666] [resourceLoad/DEBUG] [mixin/]: fabric-renderer-api-v1.mixins.json:client.WeightedBakedModelMixin from mod fabric_renderer_api_v1->@Inject::onInit(Lnet/minecraft/util/random/SimpleWeightedRandomList;Lorg/spongepowered/asm/mixin/injection/callback/CallbackInfo;)V doesn't use it's CallbackInfo
[03Dec2024 13:19:27.666] [resourceLoad/DEBUG] [mixin/]: fabric-renderer-api-v1.mixins.json:client.WeightedBakedModelMixin from mod fabric_renderer_api_v1->@Inject::onInit(Lnet/minecraft/util/random/SimpleWeightedRandomList;Lorg/spongepowered/asm/mixin/injection/callback/CallbackInfo;)V has 0 override(s) in child classes
[03Dec2024 13:19:27.666] [resourceLoad/DEBUG] [mixin/]: fabric-renderer-api-v1.mixins.json:client.WeightedBakedModelMixin from mod fabric_renderer_api_v1->@Inject::onInit(Lnet/minecraft/util/random/SimpleWeightedRandomList;Lorg/spongepowered/asm/mixin/injection/callback/CallbackInfo;)V won't be passed a CallbackInfo as a result
[03Dec2024 13:19:27.683] [resourceLoad/DEBUG] [mixin/]: Mixing ChunkRenderTypeSetAccessor from sodium-forge.mixins.json into net.neoforged.neoforge.client.ChunkRenderTypeSet
[03Dec2024 13:19:27.683] [resourceLoad/DEBUG] [mixin/]: sodium-forge.mixins.json:ChunkRenderTypeSetAccessor from mod sodium: Class version 65 required is higher than the class version supported by the current version of Mixin (JAVA_17 supports class version 61)
[03Dec2024 13:19:27.683] [resourceLoad/DEBUG] [mixin/]: Renaming @Invoker method create(Ljava/util/BitSet;)Lnet/neoforged/neoforge/client/ChunkRenderTypeSet; to create$sodium_$md$ec2fbb$0 in sodium-forge.mixins.json:ChunkRenderTypeSetAccessor from mod sodium
[03Dec2024 13:19:28.141] [resourceLoad/WARN] [net.minecraft.client.resources.model.ModelManager/]: Missing textures in model neoforge:bucket_milk#inventory:
    minecraft:textures/atlas/blocks.png:neoforge:items/bucket_base
    minecraft:textures/atlas/blocks.png:neoforge:items/bucket_cover
    minecraft:textures/atlas/blocks.png:neoforge:items/bucket_fluid
[03Dec2024 13:19:28.432] [Render thread/WARN] [net.minecraft.client.sounds.SoundEngine/]: Missing sound for event: minecraft:block.spawner.fall
[03Dec2024 13:19:28.587] [Render thread/INFO] [com.mojang.blaze3d.audio.Library/]: OpenAL initialized on device OpenAL Soft on Speakers (Realtek(R) Audio)
[03Dec2024 13:19:28.588] [Render thread/INFO] [net.minecraft.client.sounds.SoundEngine/SOUNDS]: Sound engine started
[03Dec2024 13:19:28.763] [Render thread/INFO] [net.minecraft.client.renderer.texture.TextureAtlas/]: Created: 1024x512x4 minecraft:textures/atlas/blocks.png-atlas
[03Dec2024 13:19:28.765] [Render thread/DEBUG] [mixin/]: Mixing features.textures.animations.tracking.SpriteContentsTickerMixin from sodium.mixins.json into net.minecraft.client.renderer.texture.SpriteContents$Ticker
[03Dec2024 13:19:28.767] [Render thread/DEBUG] [mixin/]: sodium.mixins.json:features.textures.animations.tracking.SpriteContentsTickerMixin from mod sodium: Class version 65 required is higher than the class version supported by the current version of Mixin (JAVA_17 supports class version 61)
[03Dec2024 13:19:28.769] [Render thread/DEBUG] [mixin/]: Mixing features.textures.animations.upload.SpriteContentsTickerAccessor from sodium.mixins.json into net.minecraft.client.renderer.texture.SpriteContents$Ticker
[03Dec2024 13:19:28.769] [Render thread/DEBUG] [mixin/]: sodium.mixins.json:features.textures.animations.upload.SpriteContentsTickerAccessor from mod sodium: Class version 65 required is higher than the class version supported by the current version of Mixin (JAVA_17 supports class version 61)
[03Dec2024 13:19:28.769] [Render thread/DEBUG] [mixin/]: Mixing texture.SpriteContentsTickerAccessor from mixins.iris.json into net.minecraft.client.renderer.texture.SpriteContents$Ticker
[03Dec2024 13:19:28.769] [Render thread/DEBUG] [mixin/]: mixins.iris.json:texture.SpriteContentsTickerAccessor from mod iris: Class version 65 required is higher than the class version supported by the current version of Mixin (JAVA_8 supports class version 52)
[03Dec2024 13:19:28.772] [Render thread/DEBUG] [mixin/]: sodium.mixins.json:features.textures.animations.tracking.SpriteContentsTickerMixin from mod sodium->@Inject::assignParent(Lnet/minecraft/client/renderer/texture/SpriteContents;Lnet/minecraft/client/renderer/texture/SpriteContents$AnimatedTexture;Lnet/minecraft/client/renderer/texture/SpriteContents$InterpolationData;Lorg/spongepowered/asm/mixin/injection/callback/CallbackInfo;)V doesn't use it's CallbackInfo
[03Dec2024 13:19:28.772] [Render thread/DEBUG] [mixin/]: sodium.mixins.json:features.textures.animations.tracking.SpriteContentsTickerMixin from mod sodium->@Inject::assignParent(Lnet/minecraft/client/renderer/texture/SpriteContents;Lnet/minecraft/client/renderer/texture/SpriteContents$AnimatedTexture;Lnet/minecraft/client/renderer/texture/SpriteContents$InterpolationData;Lorg/spongepowered/asm/mixin/injection/callback/CallbackInfo;)V has 0 override(s) in child classes
[03Dec2024 13:19:28.772] [Render thread/DEBUG] [mixin/]: sodium.mixins.json:features.textures.animations.tracking.SpriteContentsTickerMixin from mod sodium->@Inject::assignParent(Lnet/minecraft/client/renderer/texture/SpriteContents;Lnet/minecraft/client/renderer/texture/SpriteContents$AnimatedTexture;Lnet/minecraft/client/renderer/texture/SpriteContents$InterpolationData;Lorg/spongepowered/asm/mixin/injection/callback/CallbackInfo;)V won't be passed a CallbackInfo as a result
[03Dec2024 13:19:28.772] [Render thread/DEBUG] [mixin/]: sodium.mixins.json:features.textures.animations.tracking.SpriteContentsTickerMixin from mod sodium->@Inject::preTick(Lorg/spongepowered/asm/mixin/injection/callback/CallbackInfo;)V does use it's CallbackInfo
[03Dec2024 13:19:28.772] [Render thread/DEBUG] [mixin/]: sodium.mixins.json:features.textures.animations.tracking.SpriteContentsTickerMixin from mod sodium->@Inject::postTick(Lorg/spongepowered/asm/mixin/injection/callback/CallbackInfo;)V doesn't use it's CallbackInfo
[03Dec2024 13:19:28.772] [Render thread/DEBUG] [mixin/]: sodium.mixins.json:features.textures.animations.tracking.SpriteContentsTickerMixin from mod sodium->@Inject::postTick(Lorg/spongepowered/asm/mixin/injection/callback/CallbackInfo;)V has 0 override(s) in child classes
[03Dec2024 13:19:28.773] [Render thread/DEBUG] [mixin/]: sodium.mixins.json:features.textures.animations.tracking.SpriteContentsTickerMixin from mod sodium->@Inject::postTick(Lorg/spongepowered/asm/mixin/injection/callback/CallbackInfo;)V won't be passed a CallbackInfo as a result
[03Dec2024 13:19:28.773] [Render thread/DEBUG] [mixin/]: Unexpected: Registered method getAnimationInfo()Lnet/minecraft/client/renderer/texture/SpriteContents$AnimatedTexture; in net.minecraft.client.renderer.texture.SpriteContents$Ticker was not merged
[03Dec2024 13:19:28.775] [Render thread/DEBUG] [mixin/]: Mixing features.textures.animations.upload.SpriteContentsInterpolationMixin from sodium.mixins.json into net.minecraft.client.renderer.texture.SpriteContents$InterpolationData
[03Dec2024 13:19:28.775] [Render thread/DEBUG] [mixin/]: sodium.mixins.json:features.textures.animations.upload.SpriteContentsInterpolationMixin from mod sodium: Class version 65 required is higher than the class version supported by the current version of Mixin (JAVA_17 supports class version 61)
[03Dec2024 13:19:28.780] [Render thread/DEBUG] [mixin/]: sodium.mixins.json:features.textures.animations.upload.SpriteContentsInterpolationMixin from mod sodium->@Inject::assignParent(Lnet/minecraft/client/renderer/texture/SpriteContents;Lorg/spongepowered/asm/mixin/injection/callback/CallbackInfo;)V doesn't use it's CallbackInfo
[03Dec2024 13:19:28.790] [Render thread/INFO] [net.minecraft.client.renderer.texture.TextureAtlas/]: Created: 256x256x4 minecraft:textures/atlas/signs.png-atlas
[03Dec2024 13:19:28.790] [Render thread/INFO] [net.minecraft.client.renderer.texture.TextureAtlas/]: Created: 512x512x4 minecraft:textures/atlas/banner_patterns.png-atlas
[03Dec2024 13:19:28.791] [Render thread/INFO] [net.minecraft.client.renderer.texture.TextureAtlas/]: Created: 512x512x4 minecraft:textures/atlas/shield_patterns.png-atlas
[03Dec2024 13:19:28.796] [Render thread/INFO] [net.minecraft.client.renderer.texture.TextureAtlas/]: Created: 1024x1024x4 minecraft:textures/atlas/armor_trims.png-atlas
[03Dec2024 13:19:28.805] [Render thread/INFO] [net.minecraft.client.renderer.texture.TextureAtlas/]: Created: 256x256x4 minecraft:textures/atlas/chest.png-atlas
[03Dec2024 13:19:28.805] [Render thread/INFO] [net.minecraft.client.renderer.texture.TextureAtlas/]: Created: 128x64x4 minecraft:textures/atlas/decorated_pot.png-atlas
[03Dec2024 13:19:28.806] [Render thread/INFO] [net.minecraft.client.renderer.texture.TextureAtlas/]: Created: 512x256x4 minecraft:textures/atlas/beds.png-atlas
[03Dec2024 13:19:28.806] [Render thread/INFO] [net.minecraft.client.renderer.texture.TextureAtlas/]: Created: 512x256x4 minecraft:textures/atlas/shulker_boxes.png-atlas
[03Dec2024 13:19:28.868] [Render thread/DEBUG] [mixin/]: Mixing features.render.entity.CubeMixin from sodium.mixins.json into net.minecraft.client.model.geom.ModelPart$Cube
[03Dec2024 13:19:28.868] [Render thread/DEBUG] [mixin/]: sodium.mixins.json:features.render.entity.CubeMixin from mod sodium: Class version 65 required is higher than the class version supported by the current version of Mixin (JAVA_17 supports class version 61)
[03Dec2024 13:19:28.870] [Render thread/DEBUG] [mixin/]: sodium.mixins.json:features.render.entity.CubeMixin from mod sodium->@Inject::onCompile(Lcom/mojang/blaze3d/vertex/PoseStack$Pose;Lcom/mojang/blaze3d/vertex/VertexConsumer;IIILorg/spongepowered/asm/mixin/injection/callback/CallbackInfo;)V does use it's CallbackInfo
[03Dec2024 13:19:28.882] [Render thread/INFO] [net.minecraft.client.renderer.texture.TextureAtlas/]: Created: 64x64x0 minecraft:textures/atlas/map_decorations.png-atlas
[03Dec2024 13:19:28.885] [Render thread/DEBUG] [mixin/]: Mixing entity_render_context.MixinEquipmentLayerRenderer from mixins.iris.json into net.minecraft.client.renderer.entity.layers.EquipmentLayerRenderer
[03Dec2024 13:19:28.885] [Render thread/DEBUG] [mixin/]: mixins.iris.json:entity_render_context.MixinEquipmentLayerRenderer from mod iris: Class version 65 required is higher than the class version supported by the current version of Mixin (JAVA_8 supports class version 52)
[03Dec2024 13:19:28.889] [Render thread/DEBUG] [mixin/]: mixins.iris.json:entity_render_context.MixinEquipmentLayerRenderer from mod iris->@Inject::changeId(Lorg/spongepowered/asm/mixin/injection/callback/CallbackInfo;)V doesn't use it's CallbackInfo
[03Dec2024 13:19:28.889] [Render thread/DEBUG] [mixin/]: mixins.iris.json:entity_render_context.MixinEquipmentLayerRenderer from mod iris->@Inject::changeId(Lorg/spongepowered/asm/mixin/injection/callback/CallbackInfo;)V has 0 override(s) in child classes
[03Dec2024 13:19:28.890] [Render thread/DEBUG] [mixin/]: mixins.iris.json:entity_render_context.MixinEquipmentLayerRenderer from mod iris->@Inject::changeId(Lorg/spongepowered/asm/mixin/injection/callback/CallbackInfo;)V won't be passed a CallbackInfo as a result
[03Dec2024 13:19:28.890] [Render thread/DEBUG] [mixin/]: mixins.iris.json:entity_render_context.MixinEquipmentLayerRenderer from mod iris->@Inject::changeTrimTemp(Lorg/spongepowered/asm/mixin/injection/callback/CallbackInfo;)V doesn't use it's CallbackInfo
[03Dec2024 13:19:28.890] [Render thread/DEBUG] [mixin/]: mixins.iris.json:entity_render_context.MixinEquipmentLayerRenderer from mod iris->@Inject::changeTrimTemp(Lorg/spongepowered/asm/mixin/injection/callback/CallbackInfo;)V has 0 override(s) in child classes
[03Dec2024 13:19:28.890] [Render thread/DEBUG] [mixin/]: mixins.iris.json:entity_render_context.MixinEquipmentLayerRenderer from mod iris->@Inject::changeTrimTemp(Lorg/spongepowered/asm/mixin/injection/callback/CallbackInfo;)V won't be passed a CallbackInfo as a result
[03Dec2024 13:19:28.890] [Render thread/DEBUG] [mixin/]: mixins.iris.json:entity_render_context.MixinEquipmentLayerRenderer from mod iris->@Inject::changeTrimTemp2(Lorg/spongepowered/asm/mixin/injection/callback/CallbackInfo;)V doesn't use it's CallbackInfo
[03Dec2024 13:19:28.890] [Render thread/DEBUG] [mixin/]: mixins.iris.json:entity_render_context.MixinEquipmentLayerRenderer from mod iris->@Inject::changeTrimTemp2(Lorg/spongepowered/asm/mixin/injection/callback/CallbackInfo;)V has 0 override(s) in child classes
[03Dec2024 13:19:28.890] [Render thread/DEBUG] [mixin/]: mixins.iris.json:entity_render_context.MixinEquipmentLayerRenderer from mod iris->@Inject::changeTrimTemp2(Lorg/spongepowered/asm/mixin/injection/callback/CallbackInfo;)V won't be passed a CallbackInfo as a result
[03Dec2024 13:19:28.890] [Render thread/DEBUG] [mixin/]: mixins.iris.json:entity_render_context.MixinEquipmentLayerRenderer from mod iris->@Inject::changeId2(Lorg/spongepowered/asm/mixin/injection/callback/CallbackInfo;)V doesn't use it's CallbackInfo
[03Dec2024 13:19:28.890] [Render thread/DEBUG] [mixin/]: mixins.iris.json:entity_render_context.MixinEquipmentLayerRenderer from mod iris->@Inject::changeId2(Lorg/spongepowered/asm/mixin/injection/callback/CallbackInfo;)V has 0 override(s) in child classes
[03Dec2024 13:19:28.890] [Render thread/DEBUG] [mixin/]: mixins.iris.json:entity_render_context.MixinEquipmentLayerRenderer from mod iris->@Inject::changeId2(Lorg/spongepowered/asm/mixin/injection/callback/CallbackInfo;)V won't be passed a CallbackInfo as a result
[03Dec2024 13:19:28.903] [Render thread/DEBUG] [mixin/]: Mixing entity_render_context.MixinElytraLayer from mixins.iris.json into net.minecraft.client.renderer.entity.layers.WingsLayer
[03Dec2024 13:19:28.904] [Render thread/DEBUG] [mixin/]: mixins.iris.json:entity_render_context.MixinElytraLayer from mod iris: Class version 65 required is higher than the class version supported by the current version of Mixin (JAVA_8 supports class version 52)
[03Dec2024 13:19:28.908] [Render thread/DEBUG] [mixin/]: mixins.iris.json:entity_render_context.MixinElytraLayer from mod iris->@Inject::changeId(Lcom/mojang/blaze3d/vertex/PoseStack;Lnet/minecraft/client/renderer/MultiBufferSource;ILnet/minecraft/client/renderer/entity/state/HumanoidRenderState;FFLorg/spongepowered/asm/mixin/injection/callback/CallbackInfo;)V doesn't use it's CallbackInfo
[03Dec2024 13:19:28.908] [Render thread/DEBUG] [mixin/]: mixins.iris.json:entity_render_context.MixinElytraLayer from mod iris->@Inject::changeId(Lcom/mojang/blaze3d/vertex/PoseStack;Lnet/minecraft/client/renderer/MultiBufferSource;ILnet/minecraft/client/renderer/entity/state/HumanoidRenderState;FFLorg/spongepowered/asm/mixin/injection/callback/CallbackInfo;)V has 0 override(s) in child classes
[03Dec2024 13:19:28.908] [Render thread/DEBUG] [mixin/]: mixins.iris.json:entity_render_context.MixinElytraLayer from mod iris->@Inject::changeId(Lcom/mojang/blaze3d/vertex/PoseStack;Lnet/minecraft/client/renderer/MultiBufferSource;ILnet/minecraft/client/renderer/entity/state/HumanoidRenderState;FFLorg/spongepowered/asm/mixin/injection/callback/CallbackInfo;)V won't be passed a CallbackInfo as a result
[03Dec2024 13:19:28.908] [Render thread/DEBUG] [mixin/]: mixins.iris.json:entity_render_context.MixinElytraLayer from mod iris->@Inject::changeId2(Lorg/spongepowered/asm/mixin/injection/callback/CallbackInfo;)V doesn't use it's CallbackInfo
[03Dec2024 13:19:28.908] [Render thread/DEBUG] [mixin/]: mixins.iris.json:entity_render_context.MixinElytraLayer from mod iris->@Inject::changeId2(Lorg/spongepowered/asm/mixin/injection/callback/CallbackInfo;)V has 0 override(s) in child classes
[03Dec2024 13:19:28.908] [Render thread/DEBUG] [mixin/]: mixins.iris.json:entity_render_context.MixinElytraLayer from mod iris->@Inject::changeId2(Lorg/spongepowered/asm/mixin/injection/callback/CallbackInfo;)V won't be passed a CallbackInfo as a result
[03Dec2024 13:19:28.926] [Render thread/DEBUG] [mixin/]: Mixing entity_render_context.MixinEnderDragonRenderer from mixins.iris.json into net.minecraft.client.renderer.entity.EnderDragonRenderer
[03Dec2024 13:19:28.926] [Render thread/DEBUG] [mixin/]: mixins.iris.json:entity_render_context.MixinEnderDragonRenderer from mod iris: Class version 65 required is higher than the class version supported by the current version of Mixin (JAVA_8 supports class version 52)
[03Dec2024 13:19:28.927] [Render thread/DEBUG] [mixin/]: mixins.iris.json:entity_render_context.MixinEnderDragonRenderer from mod iris->@Inject::changeId(FFFFLcom/mojang/blaze3d/vertex/PoseStack;Lnet/minecraft/client/renderer/MultiBufferSource;ILorg/spongepowered/asm/mixin/injection/callback/CallbackInfo;)V doesn't use it's CallbackInfo
[03Dec2024 13:19:28.927] [Render thread/DEBUG] [mixin/]: mixins.iris.json:entity_render_context.MixinEnderDragonRenderer from mod iris->@Inject::changeId2(Lorg/spongepowered/asm/mixin/injection/callback/CallbackInfo;)V doesn't use it's CallbackInfo
[03Dec2024 13:19:28.932] [Render thread/DEBUG] [mixin/]: Mixing MixinFishingHookRenderer from iris-batched-entity-rendering.mixins.json into net.minecraft.client.renderer.entity.FishingHookRenderer
[03Dec2024 13:19:28.932] [Render thread/DEBUG] [mixin/]: iris-batched-entity-rendering.mixins.json:MixinFishingHookRenderer from mod iris: Class version 65 required is higher than the class version supported by the current version of Mixin (JAVA_8 supports class version 52)
[03Dec2024 13:19:28.933] [Render thread/DEBUG] [mixin/]: iris-batched-entity-rendering.mixins.json:MixinFishingHookRenderer from mod iris->@Inject::capture(Lnet/minecraft/client/renderer/entity/state/FishingHookRenderState;Lcom/mojang/blaze3d/vertex/PoseStack;Lnet/minecraft/client/renderer/MultiBufferSource;ILorg/spongepowered/asm/mixin/injection/callback/CallbackInfo;)V doesn't use it's CallbackInfo
[03Dec2024 13:19:28.933] [Render thread/DEBUG] [mixin/]: iris-batched-entity-rendering.mixins.json:MixinFishingHookRenderer from mod iris->@Inject::capture(Lnet/minecraft/client/renderer/entity/state/FishingHookRenderState;Lcom/mojang/blaze3d/vertex/PoseStack;Lnet/minecraft/client/renderer/MultiBufferSource;ILorg/spongepowered/asm/mixin/injection/callback/CallbackInfo;)V has 0 override(s) in child classes
[03Dec2024 13:19:28.933] [Render thread/DEBUG] [mixin/]: iris-batched-entity-rendering.mixins.json:MixinFishingHookRenderer from mod iris->@Inject::capture(Lnet/minecraft/client/renderer/entity/state/FishingHookRenderState;Lcom/mojang/blaze3d/vertex/PoseStack;Lnet/minecraft/client/renderer/MultiBufferSource;ILorg/spongepowered/asm/mixin/injection/callback/CallbackInfo;)V won't be passed a CallbackInfo as a result
[03Dec2024 13:19:28.939] [Render thread/DEBUG] [mixin/]: Mixing entity_render_context.MixinHorseArmorLayer from mixins.iris.json into net.minecraft.client.renderer.entity.layers.HorseArmorLayer
[03Dec2024 13:19:28.939] [Render thread/DEBUG] [mixin/]: mixins.iris.json:entity_render_context.MixinHorseArmorLayer from mod iris: Class version 65 required is higher than the class version supported by the current version of Mixin (JAVA_8 supports class version 52)
[03Dec2024 13:19:28.940] [Render thread/DEBUG] [mixin/]: mixins.iris.json:entity_render_context.MixinHorseArmorLayer from mod iris->@Inject::changeId(Lcom/mojang/blaze3d/vertex/PoseStack;Lnet/minecraft/client/renderer/MultiBufferSource;ILnet/minecraft/client/renderer/entity/state/HorseRenderState;FFLorg/spongepowered/asm/mixin/injection/callback/CallbackInfo;)V doesn't use it's CallbackInfo
[03Dec2024 13:19:28.940] [Render thread/DEBUG] [mixin/]: mixins.iris.json:entity_render_context.MixinHorseArmorLayer from mod iris->@Inject::changeId(Lcom/mojang/blaze3d/vertex/PoseStack;Lnet/minecraft/client/renderer/MultiBufferSource;ILnet/minecraft/client/renderer/entity/state/HorseRenderState;FFLorg/spongepowered/asm/mixin/injection/callback/CallbackInfo;)V has 0 override(s) in child classes
[03Dec2024 13:19:28.940] [Render thread/DEBUG] [mixin/]: mixins.iris.json:entity_render_context.MixinHorseArmorLayer from mod iris->@Inject::changeId(Lcom/mojang/blaze3d/vertex/PoseStack;Lnet/minecraft/client/renderer/MultiBufferSource;ILnet/minecraft/client/renderer/entity/state/HorseRenderState;FFLorg/spongepowered/asm/mixin/injection/callback/CallbackInfo;)V won't be passed a CallbackInfo as a result
[03Dec2024 13:19:28.940] [Render thread/DEBUG] [mixin/]: mixins.iris.json:entity_render_context.MixinHorseArmorLayer from mod iris->@Inject::changeId2(Lorg/spongepowered/asm/mixin/injection/callback/CallbackInfo;)V doesn't use it's CallbackInfo
[03Dec2024 13:19:28.940] [Render thread/DEBUG] [mixin/]: mixins.iris.json:entity_render_context.MixinHorseArmorLayer from mod iris->@Inject::changeId2(Lorg/spongepowered/asm/mixin/injection/callback/CallbackInfo;)V has 0 override(s) in child classes
[03Dec2024 13:19:28.940] [Render thread/DEBUG] [mixin/]: mixins.iris.json:entity_render_context.MixinHorseArmorLayer from mod iris->@Inject::changeId2(Lorg/spongepowered/asm/mixin/injection/callback/CallbackInfo;)V won't be passed a CallbackInfo as a result
[03Dec2024 13:19:28.944] [Render thread/DEBUG] [mixin/]: Mixing MixinLightningBoltRenderer from mixins.iris.json into net.minecraft.client.renderer.entity.LightningBoltRenderer
[03Dec2024 13:19:28.944] [Render thread/DEBUG] [mixin/]: mixins.iris.json:MixinLightningBoltRenderer from mod iris: Class version 65 required is higher than the class version supported by the current version of Mixin (JAVA_8 supports class version 52)
[03Dec2024 13:19:28.995] [Render thread/DEBUG] [mixin/]: Mixing entity_render_context.MixinCapeLayer from mixins.iris.json into net.minecraft.client.renderer.entity.layers.CapeLayer
[03Dec2024 13:19:28.995] [Render thread/DEBUG] [mixin/]: mixins.iris.json:entity_render_context.MixinCapeLayer from mod iris: Class version 65 required is higher than the class version supported by the current version of Mixin (JAVA_8 supports class version 52)
[03Dec2024 13:19:28.996] [Render thread/DEBUG] [mixin/]: mixins.iris.json:entity_render_context.MixinCapeLayer from mod iris->@Inject::changeId(Lcom/mojang/blaze3d/vertex/PoseStack;Lnet/minecraft/client/renderer/MultiBufferSource;ILnet/minecraft/client/renderer/entity/state/PlayerRenderState;FFLorg/spongepowered/asm/mixin/injection/callback/CallbackInfo;)V doesn't use it's CallbackInfo
[03Dec2024 13:19:28.996] [Render thread/DEBUG] [mixin/]: mixins.iris.json:entity_render_context.MixinCapeLayer from mod iris->@Inject::changeId(Lcom/mojang/blaze3d/vertex/PoseStack;Lnet/minecraft/client/renderer/MultiBufferSource;ILnet/minecraft/client/renderer/entity/state/PlayerRenderState;FFLorg/spongepowered/asm/mixin/injection/callback/CallbackInfo;)V has 0 override(s) in child classes
[03Dec2024 13:19:28.996] [Render thread/DEBUG] [mixin/]: mixins.iris.json:entity_render_context.MixinCapeLayer from mod iris->@Inject::changeId(Lcom/mojang/blaze3d/vertex/PoseStack;Lnet/minecraft/client/renderer/MultiBufferSource;ILnet/minecraft/client/renderer/entity/state/PlayerRenderState;FFLorg/spongepowered/asm/mixin/injection/callback/CallbackInfo;)V won't be passed a CallbackInfo as a result
[03Dec2024 13:19:28.996] [Render thread/DEBUG] [mixin/]: mixins.iris.json:entity_render_context.MixinCapeLayer from mod iris->@Inject::changeId2(Lorg/spongepowered/asm/mixin/injection/callback/CallbackInfo;)V doesn't use it's CallbackInfo
[03Dec2024 13:19:28.996] [Render thread/DEBUG] [mixin/]: mixins.iris.json:entity_render_context.MixinCapeLayer from mod iris->@Inject::changeId2(Lorg/spongepowered/asm/mixin/injection/callback/CallbackInfo;)V has 0 override(s) in child classes
[03Dec2024 13:19:28.996] [Render thread/DEBUG] [mixin/]: mixins.iris.json:entity_render_context.MixinCapeLayer from mod iris->@Inject::changeId2(Lorg/spongepowered/asm/mixin/injection/callback/CallbackInfo;)V won't be passed a CallbackInfo as a result
[03Dec2024 13:19:28.999] [Render thread/INFO] [net.minecraft.client.renderer.texture.TextureAtlas/]: Created: 512x256x0 minecraft:textures/atlas/particles.png-atlas
[03Dec2024 13:19:29.000] [Render thread/INFO] [net.minecraft.client.renderer.texture.TextureAtlas/]: Created: 512x256x0 minecraft:textures/atlas/paintings.png-atlas
[03Dec2024 13:19:29.000] [Render thread/INFO] [net.minecraft.client.renderer.texture.TextureAtlas/]: Created: 256x128x0 minecraft:textures/atlas/mob_effects.png-atlas
[03Dec2024 13:19:29.000] [Render thread/INFO] [net.minecraft.client.renderer.texture.TextureAtlas/]: Created: 1024x512x0 minecraft:textures/atlas/gui.png-atlas
[03Dec2024 13:19:29.003] [Render thread/INFO] [net.neoforged.neoforge.client.entity.animation.json.AnimationLoader/]: Loaded 0 entity animations
[03Dec2024 13:19:29.018] [Render thread/INFO] [Iris/]: Creating pipeline for dimension minecraft:overworld
[03Dec2024 13:19:29.020] [Render thread/DEBUG] [mixin/]: Mixing MixinGlRenderDevice from mixins.iris.compat.sodium.json into net.caffeinemc.mods.sodium.client.gl.device.GLRenderDevice$ImmediateDrawCommandList
[03Dec2024 13:19:29.020] [Render thread/DEBUG] [mixin/]: mixins.iris.compat.sodium.json:MixinGlRenderDevice from mod iris: Class version 65 required is higher than the class version supported by the current version of Mixin (JAVA_8 supports class version 52)
[03Dec2024 13:19:36.307] [Render thread/DEBUG] [net.neoforged.neoforge.network.DualStackUtils/]: Detected IPv6 address: "0:0:0:0:0:0:0:0"
[03Dec2024 13:19:52.386] [Render thread/INFO] [net.minecraft.client.gui.screens.ConnectScreen/]: Connecting to 50978, 25565
[03Dec2024 13:19:57.027] [Server Connector #1/DEBUG] [net.neoforged.neoforge.network.DualStackUtils/]: Detected IPv4 address: "0.0.199.34"
[03Dec2024 13:19:57.037] [Server Connector #1/DEBUG] [io.netty.channel.MultithreadEventLoopGroup/]: -Dio.netty.eventLoopThreads: 24
[03Dec2024 13:19:57.042] [Server Connector #1/DEBUG] [io.netty.util.concurrent.GlobalEventExecutor/]: -Dio.netty.globalEventExecutor.quietPeriodSeconds: 1
[03Dec2024 13:19:57.049] [Server Connector #1/DEBUG] [io.netty.channel.nio.NioEventLoop/]: -Dio.netty.noKeySetOptimization: false
[03Dec2024 13:19:57.049] [Server Connector #1/DEBUG] [io.netty.channel.nio.NioEventLoop/]: -Dio.netty.selectorAutoRebuildThreshold: 512
[03Dec2024 13:19:57.052] [Server Connector #1/DEBUG] [io.netty.util.internal.PlatformDependent/]: org.jctools-core.MpscChunkedArrayQueue: available
[03Dec2024 13:19:57.085] [Server Connector #1/DEBUG] [io.netty.channel.DefaultChannelId/]: -Dio.netty.processId: 22424 (auto-detected)
[03Dec2024 13:19:57.087] [Server Connector #1/DEBUG] [io.netty.util.NetUtil/]: -Djava.net.preferIPv4Stack: true
[03Dec2024 13:19:57.087] [Server Connector #1/DEBUG] [io.netty.util.NetUtil/]: -Djava.net.preferIPv6Addresses: false
[03Dec2024 13:19:57.090] [Server Connector #1/DEBUG] [io.netty.util.NetUtilInitializations/]: Loopback interface: loopback_0 (Software Loopback Interface 1, 0:0:0:0:0:0:0:1)
[03Dec2024 13:19:57.090] [Server Connector #1/DEBUG] [io.netty.util.NetUtil/]: Failed to get SOMAXCONN from sysctl and file \proc\sys\net\core\somaxconn. Default: 200
[03Dec2024 13:19:57.091] [Server Connector #1/DEBUG] [io.netty.channel.DefaultChannelId/]: -Dio.netty.machineId: bc:ec:a0:ff:fe:46:1f:ef (auto-detected)
[03Dec2024 13:19:57.116] [Server Connector #1/ERROR] [net.minecraft.client.gui.screens.ConnectScreen/]: Couldn't connect to server
io.netty.channel.AbstractChannel$AnnotatedSocketException: Network is unreachable: getsockopt: 0.0.199.34/0.0.199.34:25565
Caused by: java.net.SocketException: Network is unreachable: getsockopt
	at java.base/sun.nio.ch.Net.pollConnect(Native Method) ~[?:?]
	at java.base/sun.nio.ch.Net.pollConnectNow(Net.java:682) ~[?:?]
	at java.base/sun.nio.ch.SocketChannelImpl.finishConnect(SocketChannelImpl.java:973) ~[?:?]
	at MC-BOOTSTRAP/io.netty.transport@4.1.97.Final/io.netty.channel.socket.nio.NioSocketChannel.doFinishConnect(NioSocketChannel.java:337) ~[netty-transport-4.1.97.Final.jar%23153!/:4.1.97.Final]
	at MC-BOOTSTRAP/io.netty.transport@4.1.97.Final/io.netty.channel.nio.AbstractNioChannel$AbstractNioUnsafe.finishConnect(AbstractNioChannel.java:334) ~[netty-transport-4.1.97.Final.jar%23153!/:4.1.97.Final]
	at MC-BOOTSTRAP/io.netty.transport@4.1.97.Final/io.netty.channel.nio.NioEventLoop.processSelectedKey(NioEventLoop.java:776) ~[netty-transport-4.1.97.Final.jar%23153!/:4.1.97.Final]
	at MC-BOOTSTRAP/io.netty.transport@4.1.97.Final/io.netty.channel.nio.NioEventLoop.processSelectedKeysOptimized(NioEventLoop.java:724) ~[netty-transport-4.1.97.Final.jar%23153!/:4.1.97.Final]
	at MC-BOOTSTRAP/io.netty.transport@4.1.97.Final/io.netty.channel.nio.NioEventLoop.processSelectedKeys(NioEventLoop.java:650) ~[netty-transport-4.1.97.Final.jar%23153!/:4.1.97.Final]
	at MC-BOOTSTRAP/io.netty.transport@4.1.97.Final/io.netty.channel.nio.NioEventLoop.run(NioEventLoop.java:562) ~[netty-transport-4.1.97.Final.jar%23153!/:4.1.97.Final]
	at MC-BOOTSTRAP/io.netty.common@4.1.97.Final/io.netty.util.concurrent.SingleThreadEventExecutor$4.run(SingleThreadEventExecutor.java:997) ~[netty-common-4.1.97.Final.jar%23148!/:4.1.97.Final]
	at MC-BOOTSTRAP/io.netty.common@4.1.97.Final/io.netty.util.internal.ThreadExecutorMap$2.run(ThreadExecutorMap.java:74) ~[netty-common-4.1.97.Final.jar%23148!/:4.1.97.Final]
	at java.base/java.lang.Thread.run(Thread.java:1583) ~[?:?]
