<<<<<<< Updated upstream
[03Dec2024 13:19:16.822] [main/INFO] [cpw.mods.modlauncher.Launcher/MODLAUNCHER]: ModLauncher running: args [--launchTarget, forgeclientuserdev, --version, 21.3.11-beta, --assetIndex, 18, --assetsDir, C:\\Users\\Admin\\.gradle\\caches\\neoformruntime\\assets, --gameDir, ., --fml.neoForgeVersion, 21.3.11-beta, --fml.fmlVersion, 5.0.1, --fml.mcVersion, 1.21.3, --fml.neoFormVersion, 20241023.131943]
[03Dec2024 13:19:16.825] [main/INFO] [cpw.mods.modlauncher.Launcher/MODLAUNCHER]: JVM identified as Oracle Corporation Java HotSpot(TM) 64-Bit Server VM 21.0.3+7-LTS-152
[03Dec2024 13:19:16.827] [main/INFO] [cpw.mods.modlauncher.Launcher/MODLAUNCHER]: ModLauncher 11.0.4+main.d2e20e43 starting: java version 21.0.3 by Oracle Corporation; OS Windows 11 arch amd64 version 10.0
[03Dec2024 13:19:16.960] [main/INFO] [net.neoforged.fml.loading.ImmediateWindowHandler/]: Loading ImmediateWindowProvider fmlearlywindow
[03Dec2024 13:19:17.069] [main/INFO] [EARLYDISPLAY/]: Trying GL version 4.6
[03Dec2024 13:19:17.518] [main/INFO] [EARLYDISPLAY/]: Requested GL version 4.6 got version 4.6
[03Dec2024 13:19:17.614] [main/INFO] [mixin/]: SpongePowered MIXIN Subsystem Version=0.8.7 Source=union:/C:/Users/Admin/.gradle/caches/modules-2/files-2.1/net.fabricmc/sponge-mixin/0.15.2+mixin.0.8.7/2af2f021d8e02a0220dc27a7a72b4666d66d44ca/sponge-mixin-0.15.2+mixin.0.8.7.jar%23155!/ Service=ModLauncher Env=CLIENT
[03Dec2024 13:19:17.794] [pool-2-thread-1/INFO] [EARLYDISPLAY/]: GL info: AMD Radeon(TM) 760M GL version 4.6.0 Core Profile Context 24.10.27.01.240627, ATI Technologies Inc.
[03Dec2024 13:19:17.977] [main/INFO] [net.neoforged.fml.loading.moddiscovery.locators.JarInJarDependencyLocator/]: Found 9 dependencies adding them to mods collection
[03Dec2024 13:19:17.980] [main/INFO] [net.neoforged.fml.loading.moddiscovery.ModDiscoverer/]: 
=======
[24Nov2024 15:49:29.649] [main/INFO] [cpw.mods.modlauncher.Launcher/MODLAUNCHER]: ModLauncher running: args [--launchTarget, forgeclientuserdev, --version, 21.3.11-beta, --assetIndex, 18, --assetsDir, C:\\Users\\Traee\\.gradle\\caches\\neoformruntime\\assets, --gameDir, ., --fml.neoForgeVersion, 21.3.11-beta, --fml.fmlVersion, 5.0.1, --fml.mcVersion, 1.21.3, --fml.neoFormVersion, 20241023.131943]
[24Nov2024 15:49:29.654] [main/INFO] [cpw.mods.modlauncher.Launcher/MODLAUNCHER]: JVM identified as Oracle Corporation Java HotSpot(TM) 64-Bit Server VM 21.0.3+7-LTS-152
[24Nov2024 15:49:29.655] [main/INFO] [cpw.mods.modlauncher.Launcher/MODLAUNCHER]: ModLauncher 11.0.4+main.d2e20e43 starting: java version 21.0.3 by Oracle Corporation; OS Windows 11 arch amd64 version 10.0
[24Nov2024 15:49:29.795] [main/INFO] [net.neoforged.fml.loading.ImmediateWindowHandler/]: Loading ImmediateWindowProvider fmlearlywindow
[24Nov2024 15:49:29.925] [main/INFO] [EARLYDISPLAY/]: Trying GL version 4.6
[24Nov2024 15:49:30.161] [main/INFO] [EARLYDISPLAY/]: Requested GL version 4.6 got version 4.6
[24Nov2024 15:49:30.247] [main/INFO] [mixin/]: SpongePowered MIXIN Subsystem Version=0.8.7 Source=union:/C:/Users/Traee/.gradle/caches/modules-2/files-2.1/net.fabricmc/sponge-mixin/0.15.2+mixin.0.8.7/2af2f021d8e02a0220dc27a7a72b4666d66d44ca/sponge-mixin-0.15.2+mixin.0.8.7.jar%23155!/ Service=ModLauncher Env=CLIENT
[24Nov2024 15:49:30.407] [pool-2-thread-1/INFO] [EARLYDISPLAY/]: GL info: AMD Radeon(TM) 760M GL version 4.6.0 Core Profile Context 24.10.27.01.240627, ATI Technologies Inc.
[24Nov2024 15:49:30.591] [main/INFO] [net.neoforged.fml.loading.moddiscovery.locators.JarInJarDependencyLocator/]: Found 9 dependencies adding them to mods collection
[24Nov2024 15:49:30.592] [main/INFO] [net.neoforged.fml.loading.moddiscovery.ModDiscoverer/]: 
>>>>>>> Stashed changes
     Mod List:
		Name Version (Mod Id)

		Corelib 1.21.3-2.1.5 (corelib)
		Fabric Rendering API 3.3.0+1.21.2-pre1 (fabric_renderer_api_v1)
		Forgified Fabric API Base 0.4.42+d1308ded19 (fabric_api_base)
		Forgified Fabric BlockView API (v2) 1.0.10+9afaaf8c19 (fabric_block_view_api_v2)
		Forgified Fabric Rendering Data Attachment (v1) 0.3.48+73761d2e19 (fabric_rendering_data_attachment_v1)
		Iris 1.8.0-beta.6+mc1.21.2 (iris)
		Minecraft 1.21.3 (minecraft)
		Mob Farms 1 (mob_farms)
		NeoForge 21.3.11-beta (neoforge)
		Sodium 0.6.0-beta.3+mc1.21.2 (sodium)
<<<<<<< Updated upstream
[03Dec2024 13:19:18.557] [main/INFO] [mixin/]: Compatibility level set to JAVA_17
[03Dec2024 13:19:18.580] [main/INFO] [cpw.mods.modlauncher.LaunchServiceHandler/MODLAUNCHER]: Launching target 'forgeclientuserdev' with arguments [--version, 21.3.11-beta, --gameDir, ., --assetsDir, C:\Users\Admin\.gradle\caches\neoformruntime\assets, --assetIndex, 18]
[03Dec2024 13:19:18.651] [main/INFO] [Sodium/]: Loaded configuration file for Sodium: 43 options available, 1 override(s) found
[03Dec2024 13:19:18.652] [main/WARN] [mixin/]: Reference map 'sodium.refmap.json' for sodium-forge.mixins.json could not be read. If this is a development environment you can ignore this message
[03Dec2024 13:19:18.653] [main/WARN] [mixin/]: Reference map 'iris.refmap.json' for mixins.iris.json could not be read. If this is a development environment you can ignore this message
[03Dec2024 13:19:18.654] [main/WARN] [mixin/]: Reference map 'iris.refmap.json' for mixins.iris.fantastic.json could not be read. If this is a development environment you can ignore this message
[03Dec2024 13:19:18.654] [main/WARN] [mixin/]: Reference map 'iris.refmap.json' for mixins.iris.vertexformat.json could not be read. If this is a development environment you can ignore this message
[03Dec2024 13:19:18.654] [main/WARN] [mixin/]: Reference map 'iris.refmap.json' for iris-batched-entity-rendering.mixins.json could not be read. If this is a development environment you can ignore this message
[03Dec2024 13:19:18.655] [main/WARN] [mixin/]: Reference map 'iris.refmap.json' for mixins.iris.compat.sodium.json could not be read. If this is a development environment you can ignore this message
[03Dec2024 13:19:18.803] [main/WARN] [Sodium/]: Force-disabling mixin 'features.render.world.sky.FogRendererMixin' as rule 'mixin.features.render.world.sky' (added by mods [iris]) disables it and children
[03Dec2024 13:19:18.803] [main/WARN] [Sodium/]: Force-disabling mixin 'features.render.world.sky.ClientLevelMixin' as rule 'mixin.features.render.world.sky' (added by mods [iris]) disables it and children
[03Dec2024 13:19:18.804] [main/WARN] [Sodium/]: Force-disabling mixin 'features.render.world.sky.LevelRendererMixin' as rule 'mixin.features.render.world.sky' (added by mods [iris]) disables it and children
[03Dec2024 13:19:19.100] [main/WARN] [mixin/]: Error loading class: mekanism/client/render/entity/RenderFlame (java.lang.ClassNotFoundException: mekanism.client.render.entity.RenderFlame)
[03Dec2024 13:19:19.102] [main/WARN] [mixin/]: Error loading class: mekanism/client/render/armor/MekaSuitArmor (java.lang.ClassNotFoundException: mekanism.client.render.armor.MekaSuitArmor)
[03Dec2024 13:19:19.104] [main/WARN] [mixin/]: Error loading class: blusunrize/immersiveengineering/client/utils/IEGLShaders (java.lang.ClassNotFoundException: blusunrize.immersiveengineering.client.utils.IEGLShaders)
[03Dec2024 13:19:19.181] [main/INFO] [MixinExtras|Service/]: Initializing MixinExtras via com.llamalad7.mixinextras.service.MixinExtrasServiceImpl(version=0.4.1).
[03Dec2024 13:19:20.453] [Datafixer Bootstrap/INFO] [com.mojang.datafixers.DataFixerBuilder/]: 240 Datafixer optimizations took 328 milliseconds
[03Dec2024 13:19:20.555] [main/WARN] [oshi.driver.windows.perfmon.PerfmonDisabled/]: Invalid registry value type detected for PerfOS counters. Should be REG_DWORD. Ignoring: HKEY_LOCAL_MACHINE\SYSTEM\CurrentControlSet\Services\PerfOS\Performance\Disable Performance Counters.
[03Dec2024 13:19:24.837] [main/WARN] [net.minecraft.commands.Commands/]: Ambiguity between arguments [teleport, location] and [teleport, destination] with inputs: [0.1 -0.5 .9, 0 0 0]
[03Dec2024 13:19:24.838] [main/WARN] [net.minecraft.commands.Commands/]: Ambiguity between arguments [teleport, location] and [teleport, targets] with inputs: [0.1 -0.5 .9, 0 0 0]
[03Dec2024 13:19:24.841] [main/WARN] [net.minecraft.commands.Commands/]: Ambiguity between arguments [teleport, destination] and [teleport, targets] with inputs: [Player, 0123, @e, dd12be42-52a9-4a91-a8a1-11c01849e498]
[03Dec2024 13:19:24.843] [main/WARN] [net.minecraft.commands.Commands/]: Ambiguity between arguments [teleport, targets] and [teleport, destination] with inputs: [Player, 0123, dd12be42-52a9-4a91-a8a1-11c01849e498]
[03Dec2024 13:19:24.844] [main/WARN] [net.minecraft.commands.Commands/]: Ambiguity between arguments [teleport, targets, location] and [teleport, targets, destination] with inputs: [0.1 -0.5 .9, 0 0 0]
[03Dec2024 13:19:25.032] [Render thread/WARN] [net.minecraft.server.packs.VanillaPackResourcesBuilder/]: Assets URL 'union:/D:/MCreatorWorkspaces/mobFarms/MobFarms/build/moddev/artifacts/neoforge-21.3.11-beta-minecraft.jar%23211!/assets/.mcassetsroot' uses unexpected schema
[03Dec2024 13:19:25.033] [Render thread/WARN] [net.minecraft.server.packs.VanillaPackResourcesBuilder/]: Assets URL 'union:/D:/MCreatorWorkspaces/mobFarms/MobFarms/build/moddev/artifacts/neoforge-21.3.11-beta-minecraft.jar%23211!/data/.mcassetsroot' uses unexpected schema
[03Dec2024 13:19:25.056] [Render thread/INFO] [com.mojang.authlib.yggdrasil.YggdrasilAuthenticationService/]: Environment: Environment[sessionHost=https://sessionserver.mojang.com, servicesHost=https://api.minecraftservices.com, name=PROD]
[03Dec2024 13:19:25.067] [Render thread/INFO] [net.minecraft.client.Minecraft/]: Setting user: Dev
[03Dec2024 13:19:25.170] [Render thread/INFO] [net.minecraft.client.Minecraft/]: Backend library: LWJGL version 3.3.3+5
[03Dec2024 13:19:25.214] [Render thread/INFO] [com.mojang.blaze3d.platform.Window/]: OpenGL Vendor: ATI Technologies Inc.
[03Dec2024 13:19:25.214] [Render thread/INFO] [com.mojang.blaze3d.platform.Window/]: OpenGL Renderer: AMD Radeon(TM) 760M
[03Dec2024 13:19:25.214] [Render thread/INFO] [com.mojang.blaze3d.platform.Window/]: OpenGL Version: 4.6.0 Core Profile Context 24.10.27.01.240627
[03Dec2024 13:19:25.418] [Render thread/INFO] [Iris/]: Debug functionality is disabled.
[03Dec2024 13:19:25.424] [Render thread/INFO] [Iris/]: OpenGL 4.5 detected, enabling DSA.
[03Dec2024 13:19:25.468] [Render thread/INFO] [Iris/]: Shaders are disabled because no valid shaderpack is selected
[03Dec2024 13:19:25.546] [modloading-worker-0/INFO] [net.neoforged.neoforge.common.NeoForgeMod/NEOFORGE-MOD]: NeoForge mod loading, version 21.3.11-beta, for MC 1.21.3
[03Dec2024 13:19:25.731] [ForkJoinPool.commonPool-worker-4/WARN] [Iris/]: [Iris Update Check] This version doesn't have an update index, skipping.
[03Dec2024 13:19:26.317] [Render thread/INFO] [Iris/]: Hardware information:
[03Dec2024 13:19:26.318] [Render thread/INFO] [Iris/]: CPU: 12x AMD Ryzen 5 7640HS w/ Radeon 760M Graphics 
[03Dec2024 13:19:26.318] [Render thread/INFO] [Iris/]: GPU: AMD Radeon(TM) 760M (Supports OpenGL 4.6.0 Core Profile Context 24.10.27.01.240627)
[03Dec2024 13:19:26.318] [Render thread/INFO] [Iris/]: OS: Windows 11 (10.0)
[03Dec2024 13:19:26.631] [Render thread/INFO] [net.neoforged.neoforge.gametest.GameTestHooks/]: Enabled Gametest Namespaces: [mob_farms]
[03Dec2024 13:19:26.794] [Render thread/INFO] [net.minecraft.server.packs.resources.ReloadableResourceManager/]: Reloading ResourceManager: vanilla, mod_resources, mod/sodium, mod/fabric_rendering_data_attachment_v1, mod/mob_farms, mod/iris, mod/fabric_renderer_api_v1, mod/fabric_api_base, mod/neoforge, mod/corelib, mod/fabric_block_view_api_v2
[03Dec2024 13:19:26.888] [resourceLoad/INFO] [net.minecraft.client.gui.font.providers.UnihexProvider/]: Found unifont_all_no_pua-15.1.05.hex, loading
[03Dec2024 13:19:26.889] [resourceLoad/INFO] [net.minecraft.client.gui.font.providers.UnihexProvider/]: Found unifont_jp_patch-15.1.05.hex, loading
[03Dec2024 13:19:28.141] [resourceLoad/WARN] [net.minecraft.client.resources.model.ModelManager/]: Missing textures in model neoforge:bucket_milk#inventory:
    minecraft:textures/atlas/blocks.png:neoforge:items/bucket_base
    minecraft:textures/atlas/blocks.png:neoforge:items/bucket_cover
    minecraft:textures/atlas/blocks.png:neoforge:items/bucket_fluid
[03Dec2024 13:19:28.432] [Render thread/WARN] [net.minecraft.client.sounds.SoundEngine/]: Missing sound for event: minecraft:block.spawner.fall
[03Dec2024 13:19:28.587] [Render thread/INFO] [com.mojang.blaze3d.audio.Library/]: OpenAL initialized on device OpenAL Soft on Speakers (Realtek(R) Audio)
[03Dec2024 13:19:28.588] [Render thread/INFO] [net.minecraft.client.sounds.SoundEngine/SOUNDS]: Sound engine started
[03Dec2024 13:19:28.763] [Render thread/INFO] [net.minecraft.client.renderer.texture.TextureAtlas/]: Created: 1024x512x4 minecraft:textures/atlas/blocks.png-atlas
[03Dec2024 13:19:28.790] [Render thread/INFO] [net.minecraft.client.renderer.texture.TextureAtlas/]: Created: 256x256x4 minecraft:textures/atlas/signs.png-atlas
[03Dec2024 13:19:28.790] [Render thread/INFO] [net.minecraft.client.renderer.texture.TextureAtlas/]: Created: 512x512x4 minecraft:textures/atlas/banner_patterns.png-atlas
[03Dec2024 13:19:28.791] [Render thread/INFO] [net.minecraft.client.renderer.texture.TextureAtlas/]: Created: 512x512x4 minecraft:textures/atlas/shield_patterns.png-atlas
[03Dec2024 13:19:28.796] [Render thread/INFO] [net.minecraft.client.renderer.texture.TextureAtlas/]: Created: 1024x1024x4 minecraft:textures/atlas/armor_trims.png-atlas
[03Dec2024 13:19:28.805] [Render thread/INFO] [net.minecraft.client.renderer.texture.TextureAtlas/]: Created: 256x256x4 minecraft:textures/atlas/chest.png-atlas
[03Dec2024 13:19:28.805] [Render thread/INFO] [net.minecraft.client.renderer.texture.TextureAtlas/]: Created: 128x64x4 minecraft:textures/atlas/decorated_pot.png-atlas
[03Dec2024 13:19:28.806] [Render thread/INFO] [net.minecraft.client.renderer.texture.TextureAtlas/]: Created: 512x256x4 minecraft:textures/atlas/beds.png-atlas
[03Dec2024 13:19:28.806] [Render thread/INFO] [net.minecraft.client.renderer.texture.TextureAtlas/]: Created: 512x256x4 minecraft:textures/atlas/shulker_boxes.png-atlas
[03Dec2024 13:19:28.882] [Render thread/INFO] [net.minecraft.client.renderer.texture.TextureAtlas/]: Created: 64x64x0 minecraft:textures/atlas/map_decorations.png-atlas
[03Dec2024 13:19:28.999] [Render thread/INFO] [net.minecraft.client.renderer.texture.TextureAtlas/]: Created: 512x256x0 minecraft:textures/atlas/particles.png-atlas
[03Dec2024 13:19:29.000] [Render thread/INFO] [net.minecraft.client.renderer.texture.TextureAtlas/]: Created: 512x256x0 minecraft:textures/atlas/paintings.png-atlas
[03Dec2024 13:19:29.000] [Render thread/INFO] [net.minecraft.client.renderer.texture.TextureAtlas/]: Created: 256x128x0 minecraft:textures/atlas/mob_effects.png-atlas
[03Dec2024 13:19:29.000] [Render thread/INFO] [net.minecraft.client.renderer.texture.TextureAtlas/]: Created: 1024x512x0 minecraft:textures/atlas/gui.png-atlas
[03Dec2024 13:19:29.003] [Render thread/INFO] [net.neoforged.neoforge.client.entity.animation.json.AnimationLoader/]: Loaded 0 entity animations
[03Dec2024 13:19:29.018] [Render thread/INFO] [Iris/]: Creating pipeline for dimension minecraft:overworld
[03Dec2024 13:19:52.386] [Render thread/INFO] [net.minecraft.client.gui.screens.ConnectScreen/]: Connecting to 50978, 25565
[03Dec2024 13:19:57.116] [Server Connector #1/ERROR] [net.minecraft.client.gui.screens.ConnectScreen/]: Couldn't connect to server
io.netty.channel.AbstractChannel$AnnotatedSocketException: Network is unreachable: getsockopt: 0.0.199.34/0.0.199.34:25565
Caused by: java.net.SocketException: Network is unreachable: getsockopt
	at java.base/sun.nio.ch.Net.pollConnect(Native Method) ~[?:?]
	at java.base/sun.nio.ch.Net.pollConnectNow(Net.java:682) ~[?:?]
	at java.base/sun.nio.ch.SocketChannelImpl.finishConnect(SocketChannelImpl.java:973) ~[?:?]
	at MC-BOOTSTRAP/io.netty.transport@4.1.97.Final/io.netty.channel.socket.nio.NioSocketChannel.doFinishConnect(NioSocketChannel.java:337) ~[netty-transport-4.1.97.Final.jar%23153!/:4.1.97.Final]
	at MC-BOOTSTRAP/io.netty.transport@4.1.97.Final/io.netty.channel.nio.AbstractNioChannel$AbstractNioUnsafe.finishConnect(AbstractNioChannel.java:334) ~[netty-transport-4.1.97.Final.jar%23153!/:4.1.97.Final]
	at MC-BOOTSTRAP/io.netty.transport@4.1.97.Final/io.netty.channel.nio.NioEventLoop.processSelectedKey(NioEventLoop.java:776) ~[netty-transport-4.1.97.Final.jar%23153!/:4.1.97.Final]
	at MC-BOOTSTRAP/io.netty.transport@4.1.97.Final/io.netty.channel.nio.NioEventLoop.processSelectedKeysOptimized(NioEventLoop.java:724) ~[netty-transport-4.1.97.Final.jar%23153!/:4.1.97.Final]
	at MC-BOOTSTRAP/io.netty.transport@4.1.97.Final/io.netty.channel.nio.NioEventLoop.processSelectedKeys(NioEventLoop.java:650) ~[netty-transport-4.1.97.Final.jar%23153!/:4.1.97.Final]
	at MC-BOOTSTRAP/io.netty.transport@4.1.97.Final/io.netty.channel.nio.NioEventLoop.run(NioEventLoop.java:562) ~[netty-transport-4.1.97.Final.jar%23153!/:4.1.97.Final]
	at MC-BOOTSTRAP/io.netty.common@4.1.97.Final/io.netty.util.concurrent.SingleThreadEventExecutor$4.run(SingleThreadEventExecutor.java:997) ~[netty-common-4.1.97.Final.jar%23148!/:4.1.97.Final]
	at MC-BOOTSTRAP/io.netty.common@4.1.97.Final/io.netty.util.internal.ThreadExecutorMap$2.run(ThreadExecutorMap.java:74) ~[netty-common-4.1.97.Final.jar%23148!/:4.1.97.Final]
	at java.base/java.lang.Thread.run(Thread.java:1583) ~[?:?]
=======
[24Nov2024 15:49:31.138] [main/INFO] [mixin/]: Compatibility level set to JAVA_17
[24Nov2024 15:49:31.166] [main/INFO] [cpw.mods.modlauncher.LaunchServiceHandler/MODLAUNCHER]: Launching target 'forgeclientuserdev' with arguments [--version, 21.3.11-beta, --gameDir, ., --assetsDir, C:\Users\Traee\.gradle\caches\neoformruntime\assets, --assetIndex, 18]
[24Nov2024 15:49:31.219] [main/INFO] [Sodium/]: Loaded configuration file for Sodium: 43 options available, 1 override(s) found
[24Nov2024 15:49:31.220] [main/WARN] [mixin/]: Reference map 'sodium.refmap.json' for sodium-forge.mixins.json could not be read. If this is a development environment you can ignore this message
[24Nov2024 15:49:31.221] [main/WARN] [mixin/]: Reference map 'iris.refmap.json' for mixins.iris.json could not be read. If this is a development environment you can ignore this message
[24Nov2024 15:49:31.222] [main/WARN] [mixin/]: Reference map 'iris.refmap.json' for mixins.iris.fantastic.json could not be read. If this is a development environment you can ignore this message
[24Nov2024 15:49:31.222] [main/WARN] [mixin/]: Reference map 'iris.refmap.json' for mixins.iris.vertexformat.json could not be read. If this is a development environment you can ignore this message
[24Nov2024 15:49:31.222] [main/WARN] [mixin/]: Reference map 'iris.refmap.json' for iris-batched-entity-rendering.mixins.json could not be read. If this is a development environment you can ignore this message
[24Nov2024 15:49:31.222] [main/WARN] [mixin/]: Reference map 'iris.refmap.json' for mixins.iris.compat.sodium.json could not be read. If this is a development environment you can ignore this message
[24Nov2024 15:49:31.331] [main/WARN] [Sodium/]: Force-disabling mixin 'features.render.world.sky.FogRendererMixin' as rule 'mixin.features.render.world.sky' (added by mods [iris]) disables it and children
[24Nov2024 15:49:31.331] [main/WARN] [Sodium/]: Force-disabling mixin 'features.render.world.sky.ClientLevelMixin' as rule 'mixin.features.render.world.sky' (added by mods [iris]) disables it and children
[24Nov2024 15:49:31.332] [main/WARN] [Sodium/]: Force-disabling mixin 'features.render.world.sky.LevelRendererMixin' as rule 'mixin.features.render.world.sky' (added by mods [iris]) disables it and children
[24Nov2024 15:49:31.562] [main/WARN] [mixin/]: Error loading class: mekanism/client/render/entity/RenderFlame (java.lang.ClassNotFoundException: mekanism.client.render.entity.RenderFlame)
[24Nov2024 15:49:31.563] [main/WARN] [mixin/]: Error loading class: mekanism/client/render/armor/MekaSuitArmor (java.lang.ClassNotFoundException: mekanism.client.render.armor.MekaSuitArmor)
[24Nov2024 15:49:31.566] [main/WARN] [mixin/]: Error loading class: blusunrize/immersiveengineering/client/utils/IEGLShaders (java.lang.ClassNotFoundException: blusunrize.immersiveengineering.client.utils.IEGLShaders)
[24Nov2024 15:49:31.639] [main/INFO] [MixinExtras|Service/]: Initializing MixinExtras via com.llamalad7.mixinextras.service.MixinExtrasServiceImpl(version=0.4.1).
[24Nov2024 15:49:32.804] [Datafixer Bootstrap/INFO] [com.mojang.datafixers.DataFixerBuilder/]: 240 Datafixer optimizations took 334 milliseconds
[24Nov2024 15:49:32.874] [main/WARN] [oshi.driver.windows.perfmon.PerfmonDisabled/]: Invalid registry value type detected for PerfOS counters. Should be REG_DWORD. Ignoring: HKEY_LOCAL_MACHINE\SYSTEM\CurrentControlSet\Services\PerfOS\Performance\Disable Performance Counters.
[24Nov2024 15:49:36.633] [main/WARN] [net.minecraft.commands.Commands/]: Ambiguity between arguments [teleport, location] and [teleport, destination] with inputs: [0.1 -0.5 .9, 0 0 0]
[24Nov2024 15:49:36.633] [main/WARN] [net.minecraft.commands.Commands/]: Ambiguity between arguments [teleport, location] and [teleport, targets] with inputs: [0.1 -0.5 .9, 0 0 0]
[24Nov2024 15:49:36.635] [main/WARN] [net.minecraft.commands.Commands/]: Ambiguity between arguments [teleport, destination] and [teleport, targets] with inputs: [Player, 0123, @e, dd12be42-52a9-4a91-a8a1-11c01849e498]
[24Nov2024 15:49:36.637] [main/WARN] [net.minecraft.commands.Commands/]: Ambiguity between arguments [teleport, targets] and [teleport, destination] with inputs: [Player, 0123, dd12be42-52a9-4a91-a8a1-11c01849e498]
[24Nov2024 15:49:36.638] [main/WARN] [net.minecraft.commands.Commands/]: Ambiguity between arguments [teleport, targets, location] and [teleport, targets, destination] with inputs: [0.1 -0.5 .9, 0 0 0]
[24Nov2024 15:49:36.788] [Render thread/WARN] [net.minecraft.server.packs.VanillaPackResourcesBuilder/]: Assets URL 'union:/D:/MCreatorWorkspaces/mobFarms/MobFarms/build/moddev/artifacts/neoforge-21.3.11-beta-minecraft.jar%23211!/assets/.mcassetsroot' uses unexpected schema
[24Nov2024 15:49:36.788] [Render thread/WARN] [net.minecraft.server.packs.VanillaPackResourcesBuilder/]: Assets URL 'union:/D:/MCreatorWorkspaces/mobFarms/MobFarms/build/moddev/artifacts/neoforge-21.3.11-beta-minecraft.jar%23211!/data/.mcassetsroot' uses unexpected schema
[24Nov2024 15:49:36.809] [Render thread/INFO] [com.mojang.authlib.yggdrasil.YggdrasilAuthenticationService/]: Environment: Environment[sessionHost=https://sessionserver.mojang.com, servicesHost=https://api.minecraftservices.com, name=PROD]
[24Nov2024 15:49:36.820] [Render thread/INFO] [net.minecraft.client.Minecraft/]: Setting user: Dev
[24Nov2024 15:49:36.937] [Render thread/INFO] [net.minecraft.client.Minecraft/]: Backend library: LWJGL version 3.3.3+5
[24Nov2024 15:49:36.982] [Render thread/INFO] [com.mojang.blaze3d.platform.Window/]: OpenGL Vendor: ATI Technologies Inc.
[24Nov2024 15:49:36.982] [Render thread/INFO] [com.mojang.blaze3d.platform.Window/]: OpenGL Renderer: AMD Radeon(TM) 760M
[24Nov2024 15:49:36.982] [Render thread/INFO] [com.mojang.blaze3d.platform.Window/]: OpenGL Version: 4.6.0 Core Profile Context 24.10.27.01.240627
[24Nov2024 15:49:37.134] [Render thread/INFO] [Iris/]: Debug functionality is disabled.
[24Nov2024 15:49:37.141] [Render thread/INFO] [Iris/]: OpenGL 4.5 detected, enabling DSA.
[24Nov2024 15:49:37.180] [Render thread/INFO] [Iris/]: Shaders are disabled because no valid shaderpack is selected
[24Nov2024 15:49:37.287] [modloading-worker-0/INFO] [net.neoforged.neoforge.common.NeoForgeMod/NEOFORGE-MOD]: NeoForge mod loading, version 21.3.11-beta, for MC 1.21.3
[24Nov2024 15:49:37.539] [ForkJoinPool.commonPool-worker-4/WARN] [Iris/]: [Iris Update Check] This version doesn't have an update index, skipping.
[24Nov2024 15:49:38.010] [Render thread/INFO] [Iris/]: Hardware information:
[24Nov2024 15:49:38.010] [Render thread/INFO] [Iris/]: CPU: 12x AMD Ryzen 5 7640HS w/ Radeon 760M Graphics 
[24Nov2024 15:49:38.010] [Render thread/INFO] [Iris/]: GPU: AMD Radeon(TM) 760M (Supports OpenGL 4.6.0 Core Profile Context 24.10.27.01.240627)
[24Nov2024 15:49:38.010] [Render thread/INFO] [Iris/]: OS: Windows 11 (10.0)
[24Nov2024 15:49:38.261] [Render thread/INFO] [net.neoforged.neoforge.gametest.GameTestHooks/]: Enabled Gametest Namespaces: [mob_farms]
[24Nov2024 15:49:38.369] [Render thread/INFO] [net.minecraft.server.packs.resources.ReloadableResourceManager/]: Reloading ResourceManager: vanilla, mod_resources, mod/sodium, mod/fabric_rendering_data_attachment_v1, mod/mob_farms, mod/iris, mod/fabric_renderer_api_v1, mod/fabric_api_base, mod/neoforge, mod/corelib, mod/fabric_block_view_api_v2
[24Nov2024 15:49:38.462] [resourceLoad/INFO] [net.minecraft.client.gui.font.providers.UnihexProvider/]: Found unifont_all_no_pua-15.1.05.hex, loading
[24Nov2024 15:49:38.462] [resourceLoad/INFO] [net.minecraft.client.gui.font.providers.UnihexProvider/]: Found unifont_jp_patch-15.1.05.hex, loading
[24Nov2024 15:49:39.462] [resourceLoad/WARN] [net.minecraft.client.resources.model.ModelManager/]: Missing textures in model neoforge:bucket_milk#inventory:
    minecraft:textures/atlas/blocks.png:neoforge:items/bucket_base
    minecraft:textures/atlas/blocks.png:neoforge:items/bucket_cover
    minecraft:textures/atlas/blocks.png:neoforge:items/bucket_fluid
[24Nov2024 15:49:40.239] [Render thread/WARN] [net.minecraft.client.sounds.SoundEngine/]: Missing sound for event: minecraft:block.spawner.fall
[24Nov2024 15:49:40.833] [Render thread/INFO] [com.mojang.blaze3d.audio.Library/]: OpenAL initialized on device OpenAL Soft on Speakers (Realtek(R) Audio)
[24Nov2024 15:49:40.833] [Render thread/INFO] [net.minecraft.client.sounds.SoundEngine/SOUNDS]: Sound engine started
[24Nov2024 15:49:40.914] [Render thread/INFO] [net.minecraft.client.renderer.texture.TextureAtlas/]: Created: 1024x512x4 minecraft:textures/atlas/blocks.png-atlas
[24Nov2024 15:49:40.930] [Render thread/INFO] [net.minecraft.client.renderer.texture.TextureAtlas/]: Created: 256x256x4 minecraft:textures/atlas/signs.png-atlas
[24Nov2024 15:49:40.930] [Render thread/INFO] [net.minecraft.client.renderer.texture.TextureAtlas/]: Created: 512x512x4 minecraft:textures/atlas/shield_patterns.png-atlas
[24Nov2024 15:49:40.931] [Render thread/INFO] [net.minecraft.client.renderer.texture.TextureAtlas/]: Created: 512x512x4 minecraft:textures/atlas/banner_patterns.png-atlas
[24Nov2024 15:49:40.934] [Render thread/INFO] [net.minecraft.client.renderer.texture.TextureAtlas/]: Created: 1024x1024x4 minecraft:textures/atlas/armor_trims.png-atlas
[24Nov2024 15:49:40.943] [Render thread/INFO] [net.minecraft.client.renderer.texture.TextureAtlas/]: Created: 128x64x4 minecraft:textures/atlas/decorated_pot.png-atlas
[24Nov2024 15:49:40.943] [Render thread/INFO] [net.minecraft.client.renderer.texture.TextureAtlas/]: Created: 256x256x4 minecraft:textures/atlas/chest.png-atlas
[24Nov2024 15:49:40.943] [Render thread/INFO] [net.minecraft.client.renderer.texture.TextureAtlas/]: Created: 512x256x4 minecraft:textures/atlas/beds.png-atlas
[24Nov2024 15:49:40.943] [Render thread/INFO] [net.minecraft.client.renderer.texture.TextureAtlas/]: Created: 512x256x4 minecraft:textures/atlas/shulker_boxes.png-atlas
[24Nov2024 15:49:41.008] [Render thread/INFO] [net.minecraft.client.renderer.texture.TextureAtlas/]: Created: 64x64x0 minecraft:textures/atlas/map_decorations.png-atlas
[24Nov2024 15:49:41.108] [Render thread/INFO] [net.minecraft.client.renderer.texture.TextureAtlas/]: Created: 512x256x0 minecraft:textures/atlas/particles.png-atlas
[24Nov2024 15:49:41.109] [Render thread/INFO] [net.minecraft.client.renderer.texture.TextureAtlas/]: Created: 512x256x0 minecraft:textures/atlas/paintings.png-atlas
[24Nov2024 15:49:41.109] [Render thread/INFO] [net.minecraft.client.renderer.texture.TextureAtlas/]: Created: 256x128x0 minecraft:textures/atlas/mob_effects.png-atlas
[24Nov2024 15:49:41.109] [Render thread/INFO] [net.minecraft.client.renderer.texture.TextureAtlas/]: Created: 1024x512x0 minecraft:textures/atlas/gui.png-atlas
[24Nov2024 15:49:41.111] [Render thread/INFO] [net.neoforged.neoforge.client.entity.animation.json.AnimationLoader/]: Loaded 0 entity animations
[24Nov2024 15:49:41.127] [Render thread/INFO] [Iris/]: Creating pipeline for dimension minecraft:overworld
[24Nov2024 15:49:46.150] [Render thread/ERROR] [net.minecraft.tags.TagLoader/]: Couldn't load tag minecraft:mineable/pickaxe as it is missing following references: 
	mob_farms:zombified_piglin (from mod/mob_farms)
	mob_farms:elder_guardian (from mod/mob_farms)
	mob_farms:illager_farm (from mod/mob_farms)
	mob_farms:wither_skeleton (from mod/mob_farms)
	mob_farms:vex_farm (from mod/mob_farms)
[24Nov2024 15:49:46.499] [Worker-Main-6/ERROR] [net.minecraft.server.packs.resources.SimpleJsonResourceReloadListener/]: Couldn't parse data file 'mob_farms:blocks/aggressive/vex_farm' from 'mob_farms:loot_table/blocks/aggressive/vex_farm.json': DataResult.Error['Unknown registry key in ResourceKey[minecraft:root / minecraft:item]: mob_farms:vex_farm': Optional[Optional[net.minecraft.world.level.storage.loot.LootTable@3720eac]]]
[24Nov2024 15:49:46.551] [Worker-Main-6/ERROR] [net.minecraft.server.packs.resources.SimpleJsonResourceReloadListener/]: Couldn't parse data file 'mob_farms:blocks/passive/tropicalFish_farm' from 'mob_farms:loot_table/blocks/passive/tropicalFish_farm.json': DataResult.Error['Unknown registry key in ResourceKey[minecraft:root / minecraft:item]: mob_farms:tropicalFish_farm': Optional[Optional[net.minecraft.world.level.storage.loot.LootTable@584af47e]]]
[24Nov2024 15:49:46.570] [Worker-Main-6/ERROR] [net.minecraft.server.packs.resources.SimpleJsonResourceReloadListener/]: Couldn't parse data file 'mob_farms:blocks/vex_farm' from 'mob_farms:loot_table/blocks/vex_farm.json': DataResult.Error['Unknown registry key in ResourceKey[minecraft:root / minecraft:item]: mob_farms:vex_farm': Optional[Optional[net.minecraft.world.level.storage.loot.LootTable@80822ed]]]
[24Nov2024 15:49:46.660] [Worker-Main-8/ERROR] [net.minecraft.server.packs.resources.SimpleJsonResourceReloadListener/]: Couldn't parse data file 'mob_farms:aggressive/blaze_farm' from 'mob_farms:recipe/aggressive/blaze_farm.json': DataResult.Error['Map entry '#' : Failed to parse either. First: Input does not contain a key [type]: MapLike[{"item":"minecraft:glass_pane"}]; Second: Failed to parse either. First: Not a string: {"item":"minecraft:glass_pane"}; Second: Failed to parse either. First: Not a json array: {"item":"minecraft:glass_pane"}; Second: Not a string: {"item":"minecraft:glass_pane"}; Input does not contain a key [neoforge:ingredient_type]: MapLike[{"item":"minecraft:glass_pane"}]']
[24Nov2024 15:49:46.661] [Worker-Main-8/ERROR] [net.minecraft.server.packs.resources.SimpleJsonResourceReloadListener/]: Couldn't parse data file 'mob_farms:aggressive/creeper_farm' from 'mob_farms:recipe/aggressive/creeper_farm.json': DataResult.Error['Map entry 'G' : Failed to parse either. First: Input does not contain a key [type]: MapLike[{"tag":"c:glass_panes/colorless"}]; Second: Failed to parse either. First: Not a string: {"tag":"c:glass_panes/colorless"}; Second: Failed to parse either. First: Not a json array: {"tag":"c:glass_panes/colorless"}; Second: Not a string: {"tag":"c:glass_panes/colorless"}; Input does not contain a key [neoforge:ingredient_type]: MapLike[{"tag":"c:glass_panes/colorless"}]']
[24Nov2024 15:49:46.661] [Worker-Main-8/ERROR] [net.minecraft.server.packs.resources.SimpleJsonResourceReloadListener/]: Couldn't parse data file 'mob_farms:aggressive/drowned_farm' from 'mob_farms:recipe/aggressive/drowned_farm.json': DataResult.Error['Map entry '#' : Failed to parse either. First: Input does not contain a key [type]: MapLike[{"item":"minecraft:glass_pane"}]; Second: Failed to parse either. First: Not a string: {"item":"minecraft:glass_pane"}; Second: Failed to parse either. First: Not a json array: {"item":"minecraft:glass_pane"}; Second: Not a string: {"item":"minecraft:glass_pane"}; Input does not contain a key [neoforge:ingredient_type]: MapLike[{"item":"minecraft:glass_pane"}]']
[24Nov2024 15:49:46.662] [Worker-Main-8/ERROR] [net.minecraft.server.packs.resources.SimpleJsonResourceReloadListener/]: Couldn't parse data file 'mob_farms:aggressive/elder_guardian_farm' from 'mob_farms:recipe/aggressive/elder_guardian_farm.json': DataResult.Error['Map entry '#' : Failed to parse either. First: Input does not contain a key [type]: MapLike[{"item":"minecraft:glass_pane"}]; Second: Failed to parse either. First: Not a string: {"item":"minecraft:glass_pane"}; Second: Failed to parse either. First: Not a json array: {"item":"minecraft:glass_pane"}; Second: Not a string: {"item":"minecraft:glass_pane"}; Input does not contain a key [neoforge:ingredient_type]: MapLike[{"item":"minecraft:glass_pane"}]']
[24Nov2024 15:49:46.662] [Worker-Main-8/ERROR] [net.minecraft.server.packs.resources.SimpleJsonResourceReloadListener/]: Couldn't parse data file 'mob_farms:aggressive/evoker_farm' from 'mob_farms:recipe/aggressive/evoker_farm.json': DataResult.Error['Map entry '#' : Failed to parse either. First: Input does not contain a key [type]: MapLike[{"item":"minecraft:glass_pane"}]; Second: Failed to parse either. First: Not a string: {"item":"minecraft:glass_pane"}; Second: Failed to parse either. First: Not a json array: {"item":"minecraft:glass_pane"}; Second: Not a string: {"item":"minecraft:glass_pane"}; Input does not contain a key [neoforge:ingredient_type]: MapLike[{"item":"minecraft:glass_pane"}]']
[24Nov2024 15:49:46.662] [Worker-Main-8/ERROR] [net.minecraft.server.packs.resources.SimpleJsonResourceReloadListener/]: Couldn't parse data file 'mob_farms:aggressive/ghast_farm' from 'mob_farms:recipe/aggressive/ghast_farm.json': DataResult.Error['Map entry '#' : Failed to parse either. First: Input does not contain a key [type]: MapLike[{"item":"minecraft:glass_pane"}]; Second: Failed to parse either. First: Not a string: {"item":"minecraft:glass_pane"}; Second: Failed to parse either. First: Not a json array: {"item":"minecraft:glass_pane"}; Second: Not a string: {"item":"minecraft:glass_pane"}; Input does not contain a key [neoforge:ingredient_type]: MapLike[{"item":"minecraft:glass_pane"}]']
[24Nov2024 15:49:46.663] [Worker-Main-8/ERROR] [net.minecraft.server.packs.resources.SimpleJsonResourceReloadListener/]: Couldn't parse data file 'mob_farms:aggressive/guardian_farm' from 'mob_farms:recipe/aggressive/guardian_farm.json': DataResult.Error['Map entry '#' : Failed to parse either. First: Input does not contain a key [type]: MapLike[{"item":"minecraft:glass_pane"}]; Second: Failed to parse either. First: Not a string: {"item":"minecraft:glass_pane"}; Second: Failed to parse either. First: Not a json array: {"item":"minecraft:glass_pane"}; Second: Not a string: {"item":"minecraft:glass_pane"}; Input does not contain a key [neoforge:ingredient_type]: MapLike[{"item":"minecraft:glass_pane"}]']
[24Nov2024 15:49:46.663] [Worker-Main-8/ERROR] [net.minecraft.server.packs.resources.SimpleJsonResourceReloadListener/]: Couldn't parse data file 'mob_farms:aggressive/hoglin_farm' from 'mob_farms:recipe/aggressive/hoglin_farm.json': DataResult.Error['Map entry '#' : Failed to parse either. First: Input does not contain a key [type]: MapLike[{"item":"minecraft:glass_pane"}]; Second: Failed to parse either. First: Not a string: {"item":"minecraft:glass_pane"}; Second: Failed to parse either. First: Not a json array: {"item":"minecraft:glass_pane"}; Second: Not a string: {"item":"minecraft:glass_pane"}; Input does not contain a key [neoforge:ingredient_type]: MapLike[{"item":"minecraft:glass_pane"}]']
[24Nov2024 15:49:46.663] [Worker-Main-8/ERROR] [net.minecraft.server.packs.resources.SimpleJsonResourceReloadListener/]: Couldn't parse data file 'mob_farms:aggressive/magma_cube_farm' from 'mob_farms:recipe/aggressive/magma_cube_farm.json': DataResult.Error['Map entry '#' : Failed to parse either. First: Input does not contain a key [type]: MapLike[{"item":"minecraft:glass_pane"}]; Second: Failed to parse either. First: Not a string: {"item":"minecraft:glass_pane"}; Second: Failed to parse either. First: Not a json array: {"item":"minecraft:glass_pane"}; Second: Not a string: {"item":"minecraft:glass_pane"}; Input does not contain a key [neoforge:ingredient_type]: MapLike[{"item":"minecraft:glass_pane"}]']
[24Nov2024 15:49:46.663] [Worker-Main-8/ERROR] [net.minecraft.server.packs.resources.SimpleJsonResourceReloadListener/]: Couldn't parse data file 'mob_farms:aggressive/phantom_farm' from 'mob_farms:recipe/aggressive/phantom_farm.json': DataResult.Error['Map entry '#' : Failed to parse either. First: Input does not contain a key [type]: MapLike[{"item":"minecraft:glass_pane"}]; Second: Failed to parse either. First: Not a string: {"item":"minecraft:glass_pane"}; Second: Failed to parse either. First: Not a json array: {"item":"minecraft:glass_pane"}; Second: Not a string: {"item":"minecraft:glass_pane"}; Input does not contain a key [neoforge:ingredient_type]: MapLike[{"item":"minecraft:glass_pane"}]']
[24Nov2024 15:49:46.664] [Worker-Main-8/ERROR] [net.minecraft.server.packs.resources.SimpleJsonResourceReloadListener/]: Couldn't parse data file 'mob_farms:aggressive/pillager_farm' from 'mob_farms:recipe/aggressive/pillager_farm.json': DataResult.Error['Map entry '#' : Failed to parse either. First: Input does not contain a key [type]: MapLike[{"item":"minecraft:glass_pane"}]; Second: Failed to parse either. First: Not a string: {"item":"minecraft:glass_pane"}; Second: Failed to parse either. First: Not a json array: {"item":"minecraft:glass_pane"}; Second: Not a string: {"item":"minecraft:glass_pane"}; Input does not contain a key [neoforge:ingredient_type]: MapLike[{"item":"minecraft:glass_pane"}]']
[24Nov2024 15:49:46.664] [Worker-Main-8/ERROR] [net.minecraft.server.packs.resources.SimpleJsonResourceReloadListener/]: Couldn't parse data file 'mob_farms:aggressive/shulker_farm' from 'mob_farms:recipe/aggressive/shulker_farm.json': DataResult.Error['Map entry '#' : Failed to parse either. First: Input does not contain a key [type]: MapLike[{"item":"minecraft:glass_pane"}]; Second: Failed to parse either. First: Not a string: {"item":"minecraft:glass_pane"}; Second: Failed to parse either. First: Not a json array: {"item":"minecraft:glass_pane"}; Second: Not a string: {"item":"minecraft:glass_pane"}; Input does not contain a key [neoforge:ingredient_type]: MapLike[{"item":"minecraft:glass_pane"}]']
[24Nov2024 15:49:46.664] [Worker-Main-8/ERROR] [net.minecraft.server.packs.resources.SimpleJsonResourceReloadListener/]: Couldn't parse data file 'mob_farms:aggressive/skeleton_farm' from 'mob_farms:recipe/aggressive/skeleton_farm.json': DataResult.Error['Map entry '#' : Failed to parse either. First: Input does not contain a key [type]: MapLike[{"item":"minecraft:glass_pane"}]; Second: Failed to parse either. First: Not a string: {"item":"minecraft:glass_pane"}; Second: Failed to parse either. First: Not a json array: {"item":"minecraft:glass_pane"}; Second: Not a string: {"item":"minecraft:glass_pane"}; Input does not contain a key [neoforge:ingredient_type]: MapLike[{"item":"minecraft:glass_pane"}]']
[24Nov2024 15:49:46.664] [Worker-Main-8/ERROR] [net.minecraft.server.packs.resources.SimpleJsonResourceReloadListener/]: Couldn't parse data file 'mob_farms:aggressive/slime_farm' from 'mob_farms:recipe/aggressive/slime_farm.json': DataResult.Error['Map entry '#' : Failed to parse either. First: Input does not contain a key [type]: MapLike[{"item":"minecraft:glass_pane"}]; Second: Failed to parse either. First: Not a string: {"item":"minecraft:glass_pane"}; Second: Failed to parse either. First: Not a json array: {"item":"minecraft:glass_pane"}; Second: Not a string: {"item":"minecraft:glass_pane"}; Input does not contain a key [neoforge:ingredient_type]: MapLike[{"item":"minecraft:glass_pane"}]']
[24Nov2024 15:49:46.664] [Worker-Main-8/ERROR] [net.minecraft.server.packs.resources.SimpleJsonResourceReloadListener/]: Couldn't parse data file 'mob_farms:aggressive/vindicator1_farm' from 'mob_farms:recipe/aggressive/vindicator1_farm.json': DataResult.Error['Map entry '#' : Failed to parse either. First: Input does not contain a key [type]: MapLike[{"item":"minecraft:glass_pane"}]; Second: Failed to parse either. First: Not a string: {"item":"minecraft:glass_pane"}; Second: Failed to parse either. First: Not a json array: {"item":"minecraft:glass_pane"}; Second: Not a string: {"item":"minecraft:glass_pane"}; Input does not contain a key [neoforge:ingredient_type]: MapLike[{"item":"minecraft:glass_pane"}]']
[24Nov2024 15:49:46.665] [Worker-Main-8/ERROR] [net.minecraft.server.packs.resources.SimpleJsonResourceReloadListener/]: Couldn't parse data file 'mob_farms:aggressive/vindicator2_farm' from 'mob_farms:recipe/aggressive/vindicator2_farm.json': DataResult.Error['Map entry '#' : Failed to parse either. First: Input does not contain a key [type]: MapLike[{"item":"minecraft:glass_pane"}]; Second: Failed to parse either. First: Not a string: {"item":"minecraft:glass_pane"}; Second: Failed to parse either. First: Not a json array: {"item":"minecraft:glass_pane"}; Second: Not a string: {"item":"minecraft:glass_pane"}; Input does not contain a key [neoforge:ingredient_type]: MapLike[{"item":"minecraft:glass_pane"}]']
[24Nov2024 15:49:46.665] [Worker-Main-8/ERROR] [net.minecraft.server.packs.resources.SimpleJsonResourceReloadListener/]: Couldn't parse data file 'mob_farms:aggressive/vindicator_farm' from 'mob_farms:recipe/aggressive/vindicator_farm.json': DataResult.Error['Map entry '#' : Failed to parse either. First: Input does not contain a key [type]: MapLike[{"item":"minecraft:glass_pane"}]; Second: Failed to parse either. First: Not a string: {"item":"minecraft:glass_pane"}; Second: Failed to parse either. First: Not a json array: {"item":"minecraft:glass_pane"}; Second: Not a string: {"item":"minecraft:glass_pane"}; Input does not contain a key [neoforge:ingredient_type]: MapLike[{"item":"minecraft:glass_pane"}]']
[24Nov2024 15:49:46.665] [Worker-Main-8/ERROR] [net.minecraft.server.packs.resources.SimpleJsonResourceReloadListener/]: Couldn't parse data file 'mob_farms:aggressive/warden_farm' from 'mob_farms:recipe/aggressive/warden_farm.json': DataResult.Error['Map entry '#' : Failed to parse either. First: Input does not contain a key [type]: MapLike[{"item":"minecraft:glass_pane"}]; Second: Failed to parse either. First: Not a string: {"item":"minecraft:glass_pane"}; Second: Failed to parse either. First: Not a json array: {"item":"minecraft:glass_pane"}; Second: Not a string: {"item":"minecraft:glass_pane"}; Input does not contain a key [neoforge:ingredient_type]: MapLike[{"item":"minecraft:glass_pane"}]']
[24Nov2024 15:49:46.665] [Worker-Main-8/ERROR] [net.minecraft.server.packs.resources.SimpleJsonResourceReloadListener/]: Couldn't parse data file 'mob_farms:aggressive/witch_farm' from 'mob_farms:recipe/aggressive/witch_farm.json': DataResult.Error['Map entry '#' : Failed to parse either. First: Input does not contain a key [type]: MapLike[{"item":"minecraft:glass_pane"}]; Second: Failed to parse either. First: Not a string: {"item":"minecraft:glass_pane"}; Second: Failed to parse either. First: Not a json array: {"item":"minecraft:glass_pane"}; Second: Not a string: {"item":"minecraft:glass_pane"}; Input does not contain a key [neoforge:ingredient_type]: MapLike[{"item":"minecraft:glass_pane"}]']
[24Nov2024 15:49:46.665] [Worker-Main-8/ERROR] [net.minecraft.server.packs.resources.SimpleJsonResourceReloadListener/]: Couldn't parse data file 'mob_farms:aggressive/wither_farm' from 'mob_farms:recipe/aggressive/wither_farm.json': DataResult.Error['Map entry '#' : Failed to parse either. First: Input does not contain a key [type]: MapLike[{"item":"minecraft:wither_skeleton_skull"}]; Second: Failed to parse either. First: Not a string: {"item":"minecraft:wither_skeleton_skull"}; Second: Failed to parse either. First: Not a json array: {"item":"minecraft:wither_skeleton_skull"}; Second: Not a string: {"item":"minecraft:wither_skeleton_skull"}; Input does not contain a key [neoforge:ingredient_type]: MapLike[{"item":"minecraft:wither_skeleton_skull"}]']
[24Nov2024 15:49:46.666] [Worker-Main-8/ERROR] [net.minecraft.server.packs.resources.SimpleJsonResourceReloadListener/]: Couldn't parse data file 'mob_farms:aggressive/wither_skeleton_farm' from 'mob_farms:recipe/aggressive/wither_skeleton_farm.json': DataResult.Error['Map entry '#' : Failed to parse either. First: Input does not contain a key [type]: MapLike[{"item":"minecraft:glass_pane"}]; Second: Failed to parse either. First: Not a string: {"item":"minecraft:glass_pane"}; Second: Failed to parse either. First: Not a json array: {"item":"minecraft:glass_pane"}; Second: Not a string: {"item":"minecraft:glass_pane"}; Input does not contain a key [neoforge:ingredient_type]: MapLike[{"item":"minecraft:glass_pane"}]']
[24Nov2024 15:49:46.666] [Worker-Main-8/ERROR] [net.minecraft.server.packs.resources.SimpleJsonResourceReloadListener/]: Couldn't parse data file 'mob_farms:aggressive/zoglin_farm' from 'mob_farms:recipe/aggressive/zoglin_farm.json': DataResult.Error['Map entry '#' : Failed to parse either. First: Input does not contain a key [type]: MapLike[{"item":"minecraft:glass_pane"}]; Second: Failed to parse either. First: Not a string: {"item":"minecraft:glass_pane"}; Second: Failed to parse either. First: Not a json array: {"item":"minecraft:glass_pane"}; Second: Not a string: {"item":"minecraft:glass_pane"}; Input does not contain a key [neoforge:ingredient_type]: MapLike[{"item":"minecraft:glass_pane"}]']
[24Nov2024 15:49:46.666] [Worker-Main-8/ERROR] [net.minecraft.server.packs.resources.SimpleJsonResourceReloadListener/]: Couldn't parse data file 'mob_farms:aggressive/zombie_farm' from 'mob_farms:recipe/aggressive/zombie_farm.json': DataResult.Error['Map entry '#' : Failed to parse either. First: Input does not contain a key [type]: MapLike[{"item":"minecraft:glass_pane"}]; Second: Failed to parse either. First: Not a string: {"item":"minecraft:glass_pane"}; Second: Failed to parse either. First: Not a json array: {"item":"minecraft:glass_pane"}; Second: Not a string: {"item":"minecraft:glass_pane"}; Input does not contain a key [neoforge:ingredient_type]: MapLike[{"item":"minecraft:glass_pane"}]']
[24Nov2024 15:49:46.671] [Worker-Main-8/ERROR] [net.minecraft.server.packs.resources.SimpleJsonResourceReloadListener/]: Couldn't parse data file 'mob_farms:blaze_farm' from 'mob_farms:recipe/blaze_farm.json': DataResult.Error['Map entry '#' : Failed to parse either. First: Input does not contain a key [type]: MapLike[{"item":"minecraft:glass_pane"}]; Second: Failed to parse either. First: Not a string: {"item":"minecraft:glass_pane"}; Second: Failed to parse either. First: Not a json array: {"item":"minecraft:glass_pane"}; Second: Not a string: {"item":"minecraft:glass_pane"}; Input does not contain a key [neoforge:ingredient_type]: MapLike[{"item":"minecraft:glass_pane"}]']
[24Nov2024 15:49:46.676] [Worker-Main-8/ERROR] [net.minecraft.server.packs.resources.SimpleJsonResourceReloadListener/]: Couldn't parse data file 'mob_farms:chicken_farm' from 'mob_farms:recipe/chicken_farm.json': DataResult.Error['Map entry '#' : Failed to parse either. First: Input does not contain a key [type]: MapLike[{"item":"minecraft:glass_pane"}]; Second: Failed to parse either. First: Not a string: {"item":"minecraft:glass_pane"}; Second: Failed to parse either. First: Not a json array: {"item":"minecraft:glass_pane"}; Second: Not a string: {"item":"minecraft:glass_pane"}; Input does not contain a key [neoforge:ingredient_type]: MapLike[{"item":"minecraft:glass_pane"}]']
[24Nov2024 15:49:46.679] [Worker-Main-8/ERROR] [net.minecraft.server.packs.resources.SimpleJsonResourceReloadListener/]: Couldn't parse data file 'mob_farms:cod_farm' from 'mob_farms:recipe/cod_farm.json': DataResult.Error['Map entry '#' : Failed to parse either. First: Input does not contain a key [type]: MapLike[{"item":"minecraft:glass_pane"}]; Second: Failed to parse either. First: Not a string: {"item":"minecraft:glass_pane"}; Second: Failed to parse either. First: Not a json array: {"item":"minecraft:glass_pane"}; Second: Not a string: {"item":"minecraft:glass_pane"}; Input does not contain a key [neoforge:ingredient_type]: MapLike[{"item":"minecraft:glass_pane"}]']
[24Nov2024 15:49:46.681] [Worker-Main-8/ERROR] [net.minecraft.server.packs.resources.SimpleJsonResourceReloadListener/]: Couldn't parse data file 'mob_farms:cow_farm' from 'mob_farms:recipe/cow_farm.json': DataResult.Error['Map entry '#' : Failed to parse either. First: Input does not contain a key [type]: MapLike[{"item":"minecraft:glass_pane"}]; Second: Failed to parse either. First: Not a string: {"item":"minecraft:glass_pane"}; Second: Failed to parse either. First: Not a json array: {"item":"minecraft:glass_pane"}; Second: Not a string: {"item":"minecraft:glass_pane"}; Input does not contain a key [neoforge:ingredient_type]: MapLike[{"item":"minecraft:glass_pane"}]']
[24Nov2024 15:49:46.682] [Worker-Main-8/ERROR] [net.minecraft.server.packs.resources.SimpleJsonResourceReloadListener/]: Couldn't parse data file 'mob_farms:creeper_farm' from 'mob_farms:recipe/creeper_farm.json': DataResult.Error['Map entry 'G' : Failed to parse either. First: Input does not contain a key [type]: MapLike[{"tag":"c:glass_panes/colorless"}]; Second: Failed to parse either. First: Not a string: {"tag":"c:glass_panes/colorless"}; Second: Failed to parse either. First: Not a json array: {"tag":"c:glass_panes/colorless"}; Second: Not a string: {"tag":"c:glass_panes/colorless"}; Input does not contain a key [neoforge:ingredient_type]: MapLike[{"tag":"c:glass_panes/colorless"}]']
[24Nov2024 15:49:46.687] [Worker-Main-8/ERROR] [net.minecraft.server.packs.resources.SimpleJsonResourceReloadListener/]: Couldn't parse data file 'mob_farms:drowned_farm' from 'mob_farms:recipe/drowned_farm.json': DataResult.Error['Map entry '#' : Failed to parse either. First: Input does not contain a key [type]: MapLike[{"item":"minecraft:glass_pane"}]; Second: Failed to parse either. First: Not a string: {"item":"minecraft:glass_pane"}; Second: Failed to parse either. First: Not a json array: {"item":"minecraft:glass_pane"}; Second: Not a string: {"item":"minecraft:glass_pane"}; Input does not contain a key [neoforge:ingredient_type]: MapLike[{"item":"minecraft:glass_pane"}]']
[24Nov2024 15:49:46.689] [Worker-Main-8/ERROR] [net.minecraft.server.packs.resources.SimpleJsonResourceReloadListener/]: Couldn't parse data file 'mob_farms:elder_guardian_farm' from 'mob_farms:recipe/elder_guardian_farm.json': DataResult.Error['Map entry '#' : Failed to parse either. First: Input does not contain a key [type]: MapLike[{"item":"minecraft:glass_pane"}]; Second: Failed to parse either. First: Not a string: {"item":"minecraft:glass_pane"}; Second: Failed to parse either. First: Not a json array: {"item":"minecraft:glass_pane"}; Second: Not a string: {"item":"minecraft:glass_pane"}; Input does not contain a key [neoforge:ingredient_type]: MapLike[{"item":"minecraft:glass_pane"}]']
[24Nov2024 15:49:46.691] [Worker-Main-8/ERROR] [net.minecraft.server.packs.resources.SimpleJsonResourceReloadListener/]: Couldn't parse data file 'mob_farms:enderman1_farm' from 'mob_farms:recipe/enderman1_farm.json': DataResult.Error['Map entry '#' : Failed to parse either. First: Input does not contain a key [type]: MapLike[{"item":"minecraft:glass_pane"}]; Second: Failed to parse either. First: Not a string: {"item":"minecraft:glass_pane"}; Second: Failed to parse either. First: Not a json array: {"item":"minecraft:glass_pane"}; Second: Not a string: {"item":"minecraft:glass_pane"}; Input does not contain a key [neoforge:ingredient_type]: MapLike[{"item":"minecraft:glass_pane"}]']
[24Nov2024 15:49:46.691] [Worker-Main-8/ERROR] [net.minecraft.server.packs.resources.SimpleJsonResourceReloadListener/]: Couldn't parse data file 'mob_farms:enderman_farm' from 'mob_farms:recipe/enderman_farm.json': DataResult.Error['Map entry '#' : Failed to parse either. First: Input does not contain a key [type]: MapLike[{"item":"minecraft:glass_pane"}]; Second: Failed to parse either. First: Not a string: {"item":"minecraft:glass_pane"}; Second: Failed to parse either. First: Not a json array: {"item":"minecraft:glass_pane"}; Second: Not a string: {"item":"minecraft:glass_pane"}; Input does not contain a key [neoforge:ingredient_type]: MapLike[{"item":"minecraft:glass_pane"}]']
[24Nov2024 15:49:46.691] [Worker-Main-8/ERROR] [net.minecraft.server.packs.resources.SimpleJsonResourceReloadListener/]: Couldn't parse data file 'mob_farms:evoker_farm' from 'mob_farms:recipe/evoker_farm.json': DataResult.Error['Map entry '#' : Failed to parse either. First: Input does not contain a key [type]: MapLike[{"item":"minecraft:glass_pane"}]; Second: Failed to parse either. First: Not a string: {"item":"minecraft:glass_pane"}; Second: Failed to parse either. First: Not a json array: {"item":"minecraft:glass_pane"}; Second: Not a string: {"item":"minecraft:glass_pane"}; Input does not contain a key [neoforge:ingredient_type]: MapLike[{"item":"minecraft:glass_pane"}]']
[24Nov2024 15:49:46.694] [Worker-Main-8/ERROR] [net.minecraft.server.packs.resources.SimpleJsonResourceReloadListener/]: Couldn't parse data file 'mob_farms:ghast_farm' from 'mob_farms:recipe/ghast_farm.json': DataResult.Error['Map entry '#' : Failed to parse either. First: Input does not contain a key [type]: MapLike[{"item":"minecraft:glass_pane"}]; Second: Failed to parse either. First: Not a string: {"item":"minecraft:glass_pane"}; Second: Failed to parse either. First: Not a json array: {"item":"minecraft:glass_pane"}; Second: Not a string: {"item":"minecraft:glass_pane"}; Input does not contain a key [neoforge:ingredient_type]: MapLike[{"item":"minecraft:glass_pane"}]']
[24Nov2024 15:49:46.695] [Worker-Main-8/ERROR] [net.minecraft.server.packs.resources.SimpleJsonResourceReloadListener/]: Couldn't parse data file 'mob_farms:glow_squid_farm' from 'mob_farms:recipe/glow_squid_farm.json': DataResult.Error['Map entry '#' : Failed to parse either. First: Input does not contain a key [type]: MapLike[{"item":"minecraft:glass_pane"}]; Second: Failed to parse either. First: Not a string: {"item":"minecraft:glass_pane"}; Second: Failed to parse either. First: Not a json array: {"item":"minecraft:glass_pane"}; Second: Not a string: {"item":"minecraft:glass_pane"}; Input does not contain a key [neoforge:ingredient_type]: MapLike[{"item":"minecraft:glass_pane"}]']
[24Nov2024 15:49:46.695] [Worker-Main-8/ERROR] [net.minecraft.server.packs.resources.SimpleJsonResourceReloadListener/]: Couldn't parse data file 'mob_farms:goat_farm' from 'mob_farms:recipe/goat_farm.json': DataResult.Error['Map entry '#' : Failed to parse either. First: Input does not contain a key [type]: MapLike[{"item":"minecraft:glass_pane"}]; Second: Failed to parse either. First: Not a string: {"item":"minecraft:glass_pane"}; Second: Failed to parse either. First: Not a json array: {"item":"minecraft:glass_pane"}; Second: Not a string: {"item":"minecraft:glass_pane"}; Input does not contain a key [neoforge:ingredient_type]: MapLike[{"item":"minecraft:glass_pane"}]']
[24Nov2024 15:49:46.698] [Worker-Main-8/ERROR] [net.minecraft.server.packs.resources.SimpleJsonResourceReloadListener/]: Couldn't parse data file 'mob_farms:guardian_farm' from 'mob_farms:recipe/guardian_farm.json': DataResult.Error['Map entry '#' : Failed to parse either. First: Input does not contain a key [type]: MapLike[{"item":"minecraft:glass_pane"}]; Second: Failed to parse either. First: Not a string: {"item":"minecraft:glass_pane"}; Second: Failed to parse either. First: Not a json array: {"item":"minecraft:glass_pane"}; Second: Not a string: {"item":"minecraft:glass_pane"}; Input does not contain a key [neoforge:ingredient_type]: MapLike[{"item":"minecraft:glass_pane"}]']
[24Nov2024 15:49:46.698] [Worker-Main-8/ERROR] [net.minecraft.server.packs.resources.SimpleJsonResourceReloadListener/]: Couldn't parse data file 'mob_farms:hoglin_farm' from 'mob_farms:recipe/hoglin_farm.json': DataResult.Error['Map entry '#' : Failed to parse either. First: Input does not contain a key [type]: MapLike[{"item":"minecraft:glass_pane"}]; Second: Failed to parse either. First: Not a string: {"item":"minecraft:glass_pane"}; Second: Failed to parse either. First: Not a json array: {"item":"minecraft:glass_pane"}; Second: Not a string: {"item":"minecraft:glass_pane"}; Input does not contain a key [neoforge:ingredient_type]: MapLike[{"item":"minecraft:glass_pane"}]']
[24Nov2024 15:49:46.699] [Worker-Main-8/ERROR] [net.minecraft.server.packs.resources.SimpleJsonResourceReloadListener/]: Couldn't parse data file 'mob_farms:horse_farm' from 'mob_farms:recipe/horse_farm.json': DataResult.Error['Map entry '#' : Failed to parse either. First: Input does not contain a key [type]: MapLike[{"item":"minecraft:glass_pane"}]; Second: Failed to parse either. First: Not a string: {"item":"minecraft:glass_pane"}; Second: Failed to parse either. First: Not a json array: {"item":"minecraft:glass_pane"}; Second: Not a string: {"item":"minecraft:glass_pane"}; Input does not contain a key [neoforge:ingredient_type]: MapLike[{"item":"minecraft:glass_pane"}]']
[24Nov2024 15:49:46.699] [Worker-Main-8/ERROR] [net.minecraft.server.packs.resources.SimpleJsonResourceReloadListener/]: Couldn't parse data file 'mob_farms:iron_farm' from 'mob_farms:recipe/iron_farm.json': DataResult.Error['Map entry 'G' : Failed to parse either. First: Input does not contain a key [type]: MapLike[{"tag":"c:glass_panes/colorless"}]; Second: Failed to parse either. First: Not a string: {"tag":"c:glass_panes/colorless"}; Second: Failed to parse either. First: Not a json array: {"tag":"c:glass_panes/colorless"}; Second: Not a string: {"tag":"c:glass_panes/colorless"}; Input does not contain a key [neoforge:ingredient_type]: MapLike[{"tag":"c:glass_panes/colorless"}]']
[24Nov2024 15:49:46.705] [Worker-Main-8/ERROR] [net.minecraft.server.packs.resources.SimpleJsonResourceReloadListener/]: Couldn't parse data file 'mob_farms:magma_cube_farm' from 'mob_farms:recipe/magma_cube_farm.json': DataResult.Error['Map entry '#' : Failed to parse either. First: Input does not contain a key [type]: MapLike[{"item":"minecraft:glass_pane"}]; Second: Failed to parse either. First: Not a string: {"item":"minecraft:glass_pane"}; Second: Failed to parse either. First: Not a json array: {"item":"minecraft:glass_pane"}; Second: Not a string: {"item":"minecraft:glass_pane"}; Input does not contain a key [neoforge:ingredient_type]: MapLike[{"item":"minecraft:glass_pane"}]']
[24Nov2024 15:49:46.707] [Worker-Main-8/ERROR] [net.minecraft.server.packs.resources.SimpleJsonResourceReloadListener/]: Couldn't parse data file 'mob_farms:mooshroom_farm' from 'mob_farms:recipe/mooshroom_farm.json': DataResult.Error['Map entry '#' : Failed to parse either. First: Input does not contain a key [type]: MapLike[{"item":"minecraft:glass_pane"}]; Second: Failed to parse either. First: Not a string: {"item":"minecraft:glass_pane"}; Second: Failed to parse either. First: Not a json array: {"item":"minecraft:glass_pane"}; Second: Not a string: {"item":"minecraft:glass_pane"}; Input does not contain a key [neoforge:ingredient_type]: MapLike[{"item":"minecraft:glass_pane"}]']
[24Nov2024 15:49:46.710] [Worker-Main-8/ERROR] [net.minecraft.server.packs.resources.SimpleJsonResourceReloadListener/]: Couldn't parse data file 'mob_farms:neutral/enderman1_farm' from 'mob_farms:recipe/neutral/enderman1_farm.json': DataResult.Error['Map entry '#' : Failed to parse either. First: Input does not contain a key [type]: MapLike[{"item":"minecraft:glass_pane"}]; Second: Failed to parse either. First: Not a string: {"item":"minecraft:glass_pane"}; Second: Failed to parse either. First: Not a json array: {"item":"minecraft:glass_pane"}; Second: Not a string: {"item":"minecraft:glass_pane"}; Input does not contain a key [neoforge:ingredient_type]: MapLike[{"item":"minecraft:glass_pane"}]']
[24Nov2024 15:49:46.710] [Worker-Main-8/ERROR] [net.minecraft.server.packs.resources.SimpleJsonResourceReloadListener/]: Couldn't parse data file 'mob_farms:neutral/enderman_farm' from 'mob_farms:recipe/neutral/enderman_farm.json': DataResult.Error['Map entry '#' : Failed to parse either. First: Input does not contain a key [type]: MapLike[{"item":"minecraft:glass_pane"}]; Second: Failed to parse either. First: Not a string: {"item":"minecraft:glass_pane"}; Second: Failed to parse either. First: Not a json array: {"item":"minecraft:glass_pane"}; Second: Not a string: {"item":"minecraft:glass_pane"}; Input does not contain a key [neoforge:ingredient_type]: MapLike[{"item":"minecraft:glass_pane"}]']
[24Nov2024 15:49:46.711] [Worker-Main-8/ERROR] [net.minecraft.server.packs.resources.SimpleJsonResourceReloadListener/]: Couldn't parse data file 'mob_farms:neutral/goat_farm' from 'mob_farms:recipe/neutral/goat_farm.json': DataResult.Error['Map entry '#' : Failed to parse either. First: Input does not contain a key [type]: MapLike[{"item":"minecraft:glass_pane"}]; Second: Failed to parse either. First: Not a string: {"item":"minecraft:glass_pane"}; Second: Failed to parse either. First: Not a json array: {"item":"minecraft:glass_pane"}; Second: Not a string: {"item":"minecraft:glass_pane"}; Input does not contain a key [neoforge:ingredient_type]: MapLike[{"item":"minecraft:glass_pane"}]']
[24Nov2024 15:49:46.711] [Worker-Main-8/ERROR] [net.minecraft.server.packs.resources.SimpleJsonResourceReloadListener/]: Couldn't parse data file 'mob_farms:neutral/iron_farm' from 'mob_farms:recipe/neutral/iron_farm.json': DataResult.Error['Map entry 'G' : Failed to parse either. First: Input does not contain a key [type]: MapLike[{"tag":"c:glass_panes/colorless"}]; Second: Failed to parse either. First: Not a string: {"tag":"c:glass_panes/colorless"}; Second: Failed to parse either. First: Not a json array: {"tag":"c:glass_panes/colorless"}; Second: Not a string: {"tag":"c:glass_panes/colorless"}; Input does not contain a key [neoforge:ingredient_type]: MapLike[{"tag":"c:glass_panes/colorless"}]']
[24Nov2024 15:49:46.711] [Worker-Main-8/ERROR] [net.minecraft.server.packs.resources.SimpleJsonResourceReloadListener/]: Couldn't parse data file 'mob_farms:neutral/piglin_farm' from 'mob_farms:recipe/neutral/piglin_farm.json': DataResult.Error['Map entry '#' : Failed to parse either. First: Input does not contain a key [type]: MapLike[{"item":"minecraft:glass_pane"}]; Second: Failed to parse either. First: Not a string: {"item":"minecraft:glass_pane"}; Second: Failed to parse either. First: Not a json array: {"item":"minecraft:glass_pane"}; Second: Not a string: {"item":"minecraft:glass_pane"}; Input does not contain a key [neoforge:ingredient_type]: MapLike[{"item":"minecraft:glass_pane"}]']
[24Nov2024 15:49:46.711] [Worker-Main-8/ERROR] [net.minecraft.server.packs.resources.SimpleJsonResourceReloadListener/]: Couldn't parse data file 'mob_farms:neutral/spider_farm' from 'mob_farms:recipe/neutral/spider_farm.json': DataResult.Error['Map entry '#' : Failed to parse either. First: Input does not contain a key [type]: MapLike[{"item":"minecraft:glass_pane"}]; Second: Failed to parse either. First: Not a string: {"item":"minecraft:glass_pane"}; Second: Failed to parse either. First: Not a json array: {"item":"minecraft:glass_pane"}; Second: Not a string: {"item":"minecraft:glass_pane"}; Input does not contain a key [neoforge:ingredient_type]: MapLike[{"item":"minecraft:glass_pane"}]']
[24Nov2024 15:49:46.711] [Worker-Main-8/ERROR] [net.minecraft.server.packs.resources.SimpleJsonResourceReloadListener/]: Couldn't parse data file 'mob_farms:neutral/zombified_piglin_farm' from 'mob_farms:recipe/neutral/zombified_piglin_farm.json': DataResult.Error['Map entry '#' : Failed to parse either. First: Input does not contain a key [type]: MapLike[{"item":"minecraft:glass_pane"}]; Second: Failed to parse either. First: Not a string: {"item":"minecraft:glass_pane"}; Second: Failed to parse either. First: Not a json array: {"item":"minecraft:glass_pane"}; Second: Not a string: {"item":"minecraft:glass_pane"}; Input does not contain a key [neoforge:ingredient_type]: MapLike[{"item":"minecraft:glass_pane"}]']
[24Nov2024 15:49:46.713] [Worker-Main-8/ERROR] [net.minecraft.server.packs.resources.SimpleJsonResourceReloadListener/]: Couldn't parse data file 'mob_farms:parrot_farm' from 'mob_farms:recipe/parrot_farm.json': DataResult.Error['Map entry '#' : Failed to parse either. First: Input does not contain a key [type]: MapLike[{"item":"minecraft:glass_pane"}]; Second: Failed to parse either. First: Not a string: {"item":"minecraft:glass_pane"}; Second: Failed to parse either. First: Not a json array: {"item":"minecraft:glass_pane"}; Second: Not a string: {"item":"minecraft:glass_pane"}; Input does not contain a key [neoforge:ingredient_type]: MapLike[{"item":"minecraft:glass_pane"}]']
[24Nov2024 15:49:46.715] [Worker-Main-8/ERROR] [net.minecraft.server.packs.resources.SimpleJsonResourceReloadListener/]: Couldn't parse data file 'mob_farms:passive/chicken_farm' from 'mob_farms:recipe/passive/chicken_farm.json': DataResult.Error['Map entry '#' : Failed to parse either. First: Input does not contain a key [type]: MapLike[{"item":"minecraft:glass_pane"}]; Second: Failed to parse either. First: Not a string: {"item":"minecraft:glass_pane"}; Second: Failed to parse either. First: Not a json array: {"item":"minecraft:glass_pane"}; Second: Not a string: {"item":"minecraft:glass_pane"}; Input does not contain a key [neoforge:ingredient_type]: MapLike[{"item":"minecraft:glass_pane"}]']
[24Nov2024 15:49:46.715] [Worker-Main-8/ERROR] [net.minecraft.server.packs.resources.SimpleJsonResourceReloadListener/]: Couldn't parse data file 'mob_farms:passive/cod_farm' from 'mob_farms:recipe/passive/cod_farm.json': DataResult.Error['Map entry '#' : Failed to parse either. First: Input does not contain a key [type]: MapLike[{"item":"minecraft:glass_pane"}]; Second: Failed to parse either. First: Not a string: {"item":"minecraft:glass_pane"}; Second: Failed to parse either. First: Not a json array: {"item":"minecraft:glass_pane"}; Second: Not a string: {"item":"minecraft:glass_pane"}; Input does not contain a key [neoforge:ingredient_type]: MapLike[{"item":"minecraft:glass_pane"}]']
[24Nov2024 15:49:46.715] [Worker-Main-8/ERROR] [net.minecraft.server.packs.resources.SimpleJsonResourceReloadListener/]: Couldn't parse data file 'mob_farms:passive/cow_farm' from 'mob_farms:recipe/passive/cow_farm.json': DataResult.Error['Map entry '#' : Failed to parse either. First: Input does not contain a key [type]: MapLike[{"item":"minecraft:glass_pane"}]; Second: Failed to parse either. First: Not a string: {"item":"minecraft:glass_pane"}; Second: Failed to parse either. First: Not a json array: {"item":"minecraft:glass_pane"}; Second: Not a string: {"item":"minecraft:glass_pane"}; Input does not contain a key [neoforge:ingredient_type]: MapLike[{"item":"minecraft:glass_pane"}]']
[24Nov2024 15:49:46.715] [Worker-Main-8/ERROR] [net.minecraft.server.packs.resources.SimpleJsonResourceReloadListener/]: Couldn't parse data file 'mob_farms:passive/glow_squid_farm' from 'mob_farms:recipe/passive/glow_squid_farm.json': DataResult.Error['Map entry '#' : Failed to parse either. First: Input does not contain a key [type]: MapLike[{"item":"minecraft:glass_pane"}]; Second: Failed to parse either. First: Not a string: {"item":"minecraft:glass_pane"}; Second: Failed to parse either. First: Not a json array: {"item":"minecraft:glass_pane"}; Second: Not a string: {"item":"minecraft:glass_pane"}; Input does not contain a key [neoforge:ingredient_type]: MapLike[{"item":"minecraft:glass_pane"}]']
[24Nov2024 15:49:46.716] [Worker-Main-8/ERROR] [net.minecraft.server.packs.resources.SimpleJsonResourceReloadListener/]: Couldn't parse data file 'mob_farms:passive/horse_farm' from 'mob_farms:recipe/passive/horse_farm.json': DataResult.Error['Map entry '#' : Failed to parse either. First: Input does not contain a key [type]: MapLike[{"item":"minecraft:glass_pane"}]; Second: Failed to parse either. First: Not a string: {"item":"minecraft:glass_pane"}; Second: Failed to parse either. First: Not a json array: {"item":"minecraft:glass_pane"}; Second: Not a string: {"item":"minecraft:glass_pane"}; Input does not contain a key [neoforge:ingredient_type]: MapLike[{"item":"minecraft:glass_pane"}]']
[24Nov2024 15:49:46.716] [Worker-Main-8/ERROR] [net.minecraft.server.packs.resources.SimpleJsonResourceReloadListener/]: Couldn't parse data file 'mob_farms:passive/mooshroom_farm' from 'mob_farms:recipe/passive/mooshroom_farm.json': DataResult.Error['Map entry '#' : Failed to parse either. First: Input does not contain a key [type]: MapLike[{"item":"minecraft:glass_pane"}]; Second: Failed to parse either. First: Not a string: {"item":"minecraft:glass_pane"}; Second: Failed to parse either. First: Not a json array: {"item":"minecraft:glass_pane"}; Second: Not a string: {"item":"minecraft:glass_pane"}; Input does not contain a key [neoforge:ingredient_type]: MapLike[{"item":"minecraft:glass_pane"}]']
[24Nov2024 15:49:46.716] [Worker-Main-8/ERROR] [net.minecraft.server.packs.resources.SimpleJsonResourceReloadListener/]: Couldn't parse data file 'mob_farms:passive/parrot_farm' from 'mob_farms:recipe/passive/parrot_farm.json': DataResult.Error['Map entry '#' : Failed to parse either. First: Input does not contain a key [type]: MapLike[{"item":"minecraft:glass_pane"}]; Second: Failed to parse either. First: Not a string: {"item":"minecraft:glass_pane"}; Second: Failed to parse either. First: Not a json array: {"item":"minecraft:glass_pane"}; Second: Not a string: {"item":"minecraft:glass_pane"}; Input does not contain a key [neoforge:ingredient_type]: MapLike[{"item":"minecraft:glass_pane"}]']
[24Nov2024 15:49:46.716] [Worker-Main-8/ERROR] [net.minecraft.server.packs.resources.SimpleJsonResourceReloadListener/]: Couldn't parse data file 'mob_farms:passive/pig_farm' from 'mob_farms:recipe/passive/pig_farm.json': DataResult.Error['Map entry '#' : Failed to parse either. First: Input does not contain a key [type]: MapLike[{"item":"minecraft:glass_pane"}]; Second: Failed to parse either. First: Not a string: {"item":"minecraft:glass_pane"}; Second: Failed to parse either. First: Not a json array: {"item":"minecraft:glass_pane"}; Second: Not a string: {"item":"minecraft:glass_pane"}; Input does not contain a key [neoforge:ingredient_type]: MapLike[{"item":"minecraft:glass_pane"}]']
[24Nov2024 15:49:46.716] [Worker-Main-8/ERROR] [net.minecraft.server.packs.resources.SimpleJsonResourceReloadListener/]: Couldn't parse data file 'mob_farms:passive/pufferfish_farm' from 'mob_farms:recipe/passive/pufferfish_farm.json': DataResult.Error['Map entry '#' : Failed to parse either. First: Input does not contain a key [type]: MapLike[{"item":"minecraft:glass_pane"}]; Second: Failed to parse either. First: Not a string: {"item":"minecraft:glass_pane"}; Second: Failed to parse either. First: Not a json array: {"item":"minecraft:glass_pane"}; Second: Not a string: {"item":"minecraft:glass_pane"}; Input does not contain a key [neoforge:ingredient_type]: MapLike[{"item":"minecraft:glass_pane"}]']
[24Nov2024 15:49:46.717] [Worker-Main-8/ERROR] [net.minecraft.server.packs.resources.SimpleJsonResourceReloadListener/]: Couldn't parse data file 'mob_farms:passive/rabbit1_farm' from 'mob_farms:recipe/passive/rabbit1_farm.json': DataResult.Error['Map entry '#' : Failed to parse either. First: Input does not contain a key [type]: MapLike[{"item":"minecraft:glass_pane"}]; Second: Failed to parse either. First: Not a string: {"item":"minecraft:glass_pane"}; Second: Failed to parse either. First: Not a json array: {"item":"minecraft:glass_pane"}; Second: Not a string: {"item":"minecraft:glass_pane"}; Input does not contain a key [neoforge:ingredient_type]: MapLike[{"item":"minecraft:glass_pane"}]']
[24Nov2024 15:49:46.717] [Worker-Main-8/ERROR] [net.minecraft.server.packs.resources.SimpleJsonResourceReloadListener/]: Couldn't parse data file 'mob_farms:passive/rabbit_farm' from 'mob_farms:recipe/passive/rabbit_farm.json': DataResult.Error['Map entry '#' : Failed to parse either. First: Input does not contain a key [type]: MapLike[{"item":"minecraft:glass_pane"}]; Second: Failed to parse either. First: Not a string: {"item":"minecraft:glass_pane"}; Second: Failed to parse either. First: Not a json array: {"item":"minecraft:glass_pane"}; Second: Not a string: {"item":"minecraft:glass_pane"}; Input does not contain a key [neoforge:ingredient_type]: MapLike[{"item":"minecraft:glass_pane"}]']
[24Nov2024 15:49:46.717] [Worker-Main-8/ERROR] [net.minecraft.server.packs.resources.SimpleJsonResourceReloadListener/]: Couldn't parse data file 'mob_farms:passive/salmon_farm' from 'mob_farms:recipe/passive/salmon_farm.json': DataResult.Error['Map entry '#' : Failed to parse either. First: Input does not contain a key [type]: MapLike[{"item":"minecraft:glass_pane"}]; Second: Failed to parse either. First: Not a string: {"item":"minecraft:glass_pane"}; Second: Failed to parse either. First: Not a json array: {"item":"minecraft:glass_pane"}; Second: Not a string: {"item":"minecraft:glass_pane"}; Input does not contain a key [neoforge:ingredient_type]: MapLike[{"item":"minecraft:glass_pane"}]']
[24Nov2024 15:49:46.717] [Worker-Main-8/ERROR] [net.minecraft.server.packs.resources.SimpleJsonResourceReloadListener/]: Couldn't parse data file 'mob_farms:passive/sheep_farm' from 'mob_farms:recipe/passive/sheep_farm.json': DataResult.Error['No key id in MapLike[{"item":"mob_farms:sheep_farm","count":1}]; Map entry '#' : Failed to parse either. First: Input does not contain a key [type]: MapLike[{"item":"minecraft:glass_pane"}]; Second: Failed to parse either. First: Not a string: {"item":"minecraft:glass_pane"}; Second: Failed to parse either. First: Not a json array: {"item":"minecraft:glass_pane"}; Second: Not a string: {"item":"minecraft:glass_pane"}; Input does not contain a key [neoforge:ingredient_type]: MapLike[{"item":"minecraft:glass_pane"}]']
[24Nov2024 15:49:46.717] [Worker-Main-8/ERROR] [net.minecraft.server.packs.resources.SimpleJsonResourceReloadListener/]: Couldn't parse data file 'mob_farms:passive/snow_golem_farm' from 'mob_farms:recipe/passive/snow_golem_farm.json': DataResult.Error['Map entry '#' : Failed to parse either. First: Input does not contain a key [type]: MapLike[{"item":"minecraft:glass_pane"}]; Second: Failed to parse either. First: Not a string: {"item":"minecraft:glass_pane"}; Second: Failed to parse either. First: Not a json array: {"item":"minecraft:glass_pane"}; Second: Not a string: {"item":"minecraft:glass_pane"}; Input does not contain a key [neoforge:ingredient_type]: MapLike[{"item":"minecraft:glass_pane"}]']
[24Nov2024 15:49:46.718] [Worker-Main-8/ERROR] [net.minecraft.server.packs.resources.SimpleJsonResourceReloadListener/]: Couldn't parse data file 'mob_farms:passive/squid_farm' from 'mob_farms:recipe/passive/squid_farm.json': DataResult.Error['Map entry '#' : Failed to parse either. First: Input does not contain a key [type]: MapLike[{"item":"minecraft:glass_pane"}]; Second: Failed to parse either. First: Not a string: {"item":"minecraft:glass_pane"}; Second: Failed to parse either. First: Not a json array: {"item":"minecraft:glass_pane"}; Second: Not a string: {"item":"minecraft:glass_pane"}; Input does not contain a key [neoforge:ingredient_type]: MapLike[{"item":"minecraft:glass_pane"}]']
[24Nov2024 15:49:46.718] [Worker-Main-8/ERROR] [net.minecraft.server.packs.resources.SimpleJsonResourceReloadListener/]: Couldn't parse data file 'mob_farms:passive/strider_farm' from 'mob_farms:recipe/passive/strider_farm.json': DataResult.Error['Map entry '#' : Failed to parse either. First: Input does not contain a key [type]: MapLike[{"item":"minecraft:glass_pane"}]; Second: Failed to parse either. First: Not a string: {"item":"minecraft:glass_pane"}; Second: Failed to parse either. First: Not a json array: {"item":"minecraft:glass_pane"}; Second: Not a string: {"item":"minecraft:glass_pane"}; Input does not contain a key [neoforge:ingredient_type]: MapLike[{"item":"minecraft:glass_pane"}]']
[24Nov2024 15:49:46.718] [Worker-Main-8/ERROR] [net.minecraft.server.packs.resources.SimpleJsonResourceReloadListener/]: Couldn't parse data file 'mob_farms:passive/tropical_fish_farm' from 'mob_farms:recipe/passive/tropical_fish_farm.json': DataResult.Error['Map entry '#' : Failed to parse either. First: Input does not contain a key [type]: MapLike[{"item":"minecraft:glass_pane"}]; Second: Failed to parse either. First: Not a string: {"item":"minecraft:glass_pane"}; Second: Failed to parse either. First: Not a json array: {"item":"minecraft:glass_pane"}; Second: Not a string: {"item":"minecraft:glass_pane"}; Input does not contain a key [neoforge:ingredient_type]: MapLike[{"item":"minecraft:glass_pane"}]']
[24Nov2024 15:49:46.718] [Worker-Main-8/ERROR] [net.minecraft.server.packs.resources.SimpleJsonResourceReloadListener/]: Couldn't parse data file 'mob_farms:passive/turtle1_farm' from 'mob_farms:recipe/passive/turtle1_farm.json': DataResult.Error['Map entry '#' : Failed to parse either. First: Input does not contain a key [type]: MapLike[{"item":"minecraft:glass_pane"}]; Second: Failed to parse either. First: Not a string: {"item":"minecraft:glass_pane"}; Second: Failed to parse either. First: Not a json array: {"item":"minecraft:glass_pane"}; Second: Not a string: {"item":"minecraft:glass_pane"}; Input does not contain a key [neoforge:ingredient_type]: MapLike[{"item":"minecraft:glass_pane"}]']
[24Nov2024 15:49:46.718] [Worker-Main-8/ERROR] [net.minecraft.server.packs.resources.SimpleJsonResourceReloadListener/]: Couldn't parse data file 'mob_farms:passive/turtle_farm' from 'mob_farms:recipe/passive/turtle_farm.json': DataResult.Error['Map entry '#' : Failed to parse either. First: Input does not contain a key [type]: MapLike[{"item":"minecraft:glass_pane"}]; Second: Failed to parse either. First: Not a string: {"item":"minecraft:glass_pane"}; Second: Failed to parse either. First: Not a json array: {"item":"minecraft:glass_pane"}; Second: Not a string: {"item":"minecraft:glass_pane"}; Input does not contain a key [neoforge:ingredient_type]: MapLike[{"item":"minecraft:glass_pane"}]']
[24Nov2024 15:49:46.719] [Worker-Main-8/ERROR] [net.minecraft.server.packs.resources.SimpleJsonResourceReloadListener/]: Couldn't parse data file 'mob_farms:phantom_farm' from 'mob_farms:recipe/phantom_farm.json': DataResult.Error['Map entry '#' : Failed to parse either. First: Input does not contain a key [type]: MapLike[{"item":"minecraft:glass_pane"}]; Second: Failed to parse either. First: Not a string: {"item":"minecraft:glass_pane"}; Second: Failed to parse either. First: Not a json array: {"item":"minecraft:glass_pane"}; Second: Not a string: {"item":"minecraft:glass_pane"}; Input does not contain a key [neoforge:ingredient_type]: MapLike[{"item":"minecraft:glass_pane"}]']
[24Nov2024 15:49:46.719] [Worker-Main-8/ERROR] [net.minecraft.server.packs.resources.SimpleJsonResourceReloadListener/]: Couldn't parse data file 'mob_farms:pig_farm' from 'mob_farms:recipe/pig_farm.json': DataResult.Error['Map entry '#' : Failed to parse either. First: Input does not contain a key [type]: MapLike[{"item":"minecraft:glass_pane"}]; Second: Failed to parse either. First: Not a string: {"item":"minecraft:glass_pane"}; Second: Failed to parse either. First: Not a json array: {"item":"minecraft:glass_pane"}; Second: Not a string: {"item":"minecraft:glass_pane"}; Input does not contain a key [neoforge:ingredient_type]: MapLike[{"item":"minecraft:glass_pane"}]']
[24Nov2024 15:49:46.719] [Worker-Main-8/ERROR] [net.minecraft.server.packs.resources.SimpleJsonResourceReloadListener/]: Couldn't parse data file 'mob_farms:piglin_farm' from 'mob_farms:recipe/piglin_farm.json': DataResult.Error['Map entry '#' : Failed to parse either. First: Input does not contain a key [type]: MapLike[{"item":"minecraft:glass_pane"}]; Second: Failed to parse either. First: Not a string: {"item":"minecraft:glass_pane"}; Second: Failed to parse either. First: Not a json array: {"item":"minecraft:glass_pane"}; Second: Not a string: {"item":"minecraft:glass_pane"}; Input does not contain a key [neoforge:ingredient_type]: MapLike[{"item":"minecraft:glass_pane"}]']
[24Nov2024 15:49:46.719] [Worker-Main-8/ERROR] [net.minecraft.server.packs.resources.SimpleJsonResourceReloadListener/]: Couldn't parse data file 'mob_farms:pillager_farm' from 'mob_farms:recipe/pillager_farm.json': DataResult.Error['Map entry '#' : Failed to parse either. First: Input does not contain a key [type]: MapLike[{"item":"minecraft:glass_pane"}]; Second: Failed to parse either. First: Not a string: {"item":"minecraft:glass_pane"}; Second: Failed to parse either. First: Not a json array: {"item":"minecraft:glass_pane"}; Second: Not a string: {"item":"minecraft:glass_pane"}; Input does not contain a key [neoforge:ingredient_type]: MapLike[{"item":"minecraft:glass_pane"}]']
[24Nov2024 15:49:46.724] [Worker-Main-8/ERROR] [net.minecraft.server.packs.resources.SimpleJsonResourceReloadListener/]: Couldn't parse data file 'mob_farms:pufferfish_farm' from 'mob_farms:recipe/pufferfish_farm.json': DataResult.Error['Map entry '#' : Failed to parse either. First: Input does not contain a key [type]: MapLike[{"item":"minecraft:glass_pane"}]; Second: Failed to parse either. First: Not a string: {"item":"minecraft:glass_pane"}; Second: Failed to parse either. First: Not a json array: {"item":"minecraft:glass_pane"}; Second: Not a string: {"item":"minecraft:glass_pane"}; Input does not contain a key [neoforge:ingredient_type]: MapLike[{"item":"minecraft:glass_pane"}]']
[24Nov2024 15:49:46.734] [Worker-Main-8/ERROR] [net.minecraft.server.packs.resources.SimpleJsonResourceReloadListener/]: Couldn't parse data file 'mob_farms:rabbit1_farm' from 'mob_farms:recipe/rabbit1_farm.json': DataResult.Error['Map entry '#' : Failed to parse either. First: Input does not contain a key [type]: MapLike[{"item":"minecraft:glass_pane"}]; Second: Failed to parse either. First: Not a string: {"item":"minecraft:glass_pane"}; Second: Failed to parse either. First: Not a json array: {"item":"minecraft:glass_pane"}; Second: Not a string: {"item":"minecraft:glass_pane"}; Input does not contain a key [neoforge:ingredient_type]: MapLike[{"item":"minecraft:glass_pane"}]']
[24Nov2024 15:49:46.735] [Worker-Main-8/ERROR] [net.minecraft.server.packs.resources.SimpleJsonResourceReloadListener/]: Couldn't parse data file 'mob_farms:rabbit_farm' from 'mob_farms:recipe/rabbit_farm.json': DataResult.Error['Map entry '#' : Failed to parse either. First: Input does not contain a key [type]: MapLike[{"item":"minecraft:glass_pane"}]; Second: Failed to parse either. First: Not a string: {"item":"minecraft:glass_pane"}; Second: Failed to parse either. First: Not a json array: {"item":"minecraft:glass_pane"}; Second: Not a string: {"item":"minecraft:glass_pane"}; Input does not contain a key [neoforge:ingredient_type]: MapLike[{"item":"minecraft:glass_pane"}]']
[24Nov2024 15:49:46.740] [Worker-Main-8/ERROR] [net.minecraft.server.packs.resources.SimpleJsonResourceReloadListener/]: Couldn't parse data file 'mob_farms:salmon_farm' from 'mob_farms:recipe/salmon_farm.json': DataResult.Error['Map entry '#' : Failed to parse either. First: Input does not contain a key [type]: MapLike[{"item":"minecraft:glass_pane"}]; Second: Failed to parse either. First: Not a string: {"item":"minecraft:glass_pane"}; Second: Failed to parse either. First: Not a json array: {"item":"minecraft:glass_pane"}; Second: Not a string: {"item":"minecraft:glass_pane"}; Input does not contain a key [neoforge:ingredient_type]: MapLike[{"item":"minecraft:glass_pane"}]']
[24Nov2024 15:49:46.741] [Worker-Main-8/ERROR] [net.minecraft.server.packs.resources.SimpleJsonResourceReloadListener/]: Couldn't parse data file 'mob_farms:sheep_farm' from 'mob_farms:recipe/sheep_farm.json': DataResult.Error['No key id in MapLike[{"item":"mob_farms:sheep_farm","count":1}]; Map entry '#' : Failed to parse either. First: Input does not contain a key [type]: MapLike[{"item":"minecraft:glass_pane"}]; Second: Failed to parse either. First: Not a string: {"item":"minecraft:glass_pane"}; Second: Failed to parse either. First: Not a json array: {"item":"minecraft:glass_pane"}; Second: Not a string: {"item":"minecraft:glass_pane"}; Input does not contain a key [neoforge:ingredient_type]: MapLike[{"item":"minecraft:glass_pane"}]']
[24Nov2024 15:49:46.742] [Worker-Main-8/ERROR] [net.minecraft.server.packs.resources.SimpleJsonResourceReloadListener/]: Couldn't parse data file 'mob_farms:shulker_farm' from 'mob_farms:recipe/shulker_farm.json': DataResult.Error['Map entry '#' : Failed to parse either. First: Input does not contain a key [type]: MapLike[{"item":"minecraft:glass_pane"}]; Second: Failed to parse either. First: Not a string: {"item":"minecraft:glass_pane"}; Second: Failed to parse either. First: Not a json array: {"item":"minecraft:glass_pane"}; Second: Not a string: {"item":"minecraft:glass_pane"}; Input does not contain a key [neoforge:ingredient_type]: MapLike[{"item":"minecraft:glass_pane"}]']
[24Nov2024 15:49:46.742] [Worker-Main-8/ERROR] [net.minecraft.server.packs.resources.SimpleJsonResourceReloadListener/]: Couldn't parse data file 'mob_farms:skeleton_farm' from 'mob_farms:recipe/skeleton_farm.json': DataResult.Error['Map entry '#' : Failed to parse either. First: Input does not contain a key [type]: MapLike[{"item":"minecraft:glass_pane"}]; Second: Failed to parse either. First: Not a string: {"item":"minecraft:glass_pane"}; Second: Failed to parse either. First: Not a json array: {"item":"minecraft:glass_pane"}; Second: Not a string: {"item":"minecraft:glass_pane"}; Input does not contain a key [neoforge:ingredient_type]: MapLike[{"item":"minecraft:glass_pane"}]']
[24Nov2024 15:49:46.742] [Worker-Main-8/ERROR] [net.minecraft.server.packs.resources.SimpleJsonResourceReloadListener/]: Couldn't parse data file 'mob_farms:slime_farm' from 'mob_farms:recipe/slime_farm.json': DataResult.Error['Map entry '#' : Failed to parse either. First: Input does not contain a key [type]: MapLike[{"item":"minecraft:glass_pane"}]; Second: Failed to parse either. First: Not a string: {"item":"minecraft:glass_pane"}; Second: Failed to parse either. First: Not a json array: {"item":"minecraft:glass_pane"}; Second: Not a string: {"item":"minecraft:glass_pane"}; Input does not contain a key [neoforge:ingredient_type]: MapLike[{"item":"minecraft:glass_pane"}]']
[24Nov2024 15:49:46.745] [Worker-Main-8/ERROR] [net.minecraft.server.packs.resources.SimpleJsonResourceReloadListener/]: Couldn't parse data file 'mob_farms:snow_golem_farm' from 'mob_farms:recipe/snow_golem_farm.json': DataResult.Error['Map entry '#' : Failed to parse either. First: Input does not contain a key [type]: MapLike[{"item":"minecraft:glass_pane"}]; Second: Failed to parse either. First: Not a string: {"item":"minecraft:glass_pane"}; Second: Failed to parse either. First: Not a json array: {"item":"minecraft:glass_pane"}; Second: Not a string: {"item":"minecraft:glass_pane"}; Input does not contain a key [neoforge:ingredient_type]: MapLike[{"item":"minecraft:glass_pane"}]']
[24Nov2024 15:49:46.745] [Worker-Main-8/ERROR] [net.minecraft.server.packs.resources.SimpleJsonResourceReloadListener/]: Couldn't parse data file 'mob_farms:spider_farm' from 'mob_farms:recipe/spider_farm.json': DataResult.Error['Map entry '#' : Failed to parse either. First: Input does not contain a key [type]: MapLike[{"item":"minecraft:glass_pane"}]; Second: Failed to parse either. First: Not a string: {"item":"minecraft:glass_pane"}; Second: Failed to parse either. First: Not a json array: {"item":"minecraft:glass_pane"}; Second: Not a string: {"item":"minecraft:glass_pane"}; Input does not contain a key [neoforge:ingredient_type]: MapLike[{"item":"minecraft:glass_pane"}]']
[24Nov2024 15:49:46.747] [Worker-Main-8/ERROR] [net.minecraft.server.packs.resources.SimpleJsonResourceReloadListener/]: Couldn't parse data file 'mob_farms:squid_farm' from 'mob_farms:recipe/squid_farm.json': DataResult.Error['Map entry '#' : Failed to parse either. First: Input does not contain a key [type]: MapLike[{"item":"minecraft:glass_pane"}]; Second: Failed to parse either. First: Not a string: {"item":"minecraft:glass_pane"}; Second: Failed to parse either. First: Not a json array: {"item":"minecraft:glass_pane"}; Second: Not a string: {"item":"minecraft:glass_pane"}; Input does not contain a key [neoforge:ingredient_type]: MapLike[{"item":"minecraft:glass_pane"}]']
[24Nov2024 15:49:46.748] [Worker-Main-8/ERROR] [net.minecraft.server.packs.resources.SimpleJsonResourceReloadListener/]: Couldn't parse data file 'mob_farms:strider_farm' from 'mob_farms:recipe/strider_farm.json': DataResult.Error['Map entry '#' : Failed to parse either. First: Input does not contain a key [type]: MapLike[{"item":"minecraft:glass_pane"}]; Second: Failed to parse either. First: Not a string: {"item":"minecraft:glass_pane"}; Second: Failed to parse either. First: Not a json array: {"item":"minecraft:glass_pane"}; Second: Not a string: {"item":"minecraft:glass_pane"}; Input does not contain a key [neoforge:ingredient_type]: MapLike[{"item":"minecraft:glass_pane"}]']
[24Nov2024 15:49:46.751] [Worker-Main-8/ERROR] [net.minecraft.server.packs.resources.SimpleJsonResourceReloadListener/]: Couldn't parse data file 'mob_farms:tropical_fish_farm' from 'mob_farms:recipe/tropical_fish_farm.json': DataResult.Error['Map entry '#' : Failed to parse either. First: Input does not contain a key [type]: MapLike[{"item":"minecraft:glass_pane"}]; Second: Failed to parse either. First: Not a string: {"item":"minecraft:glass_pane"}; Second: Failed to parse either. First: Not a json array: {"item":"minecraft:glass_pane"}; Second: Not a string: {"item":"minecraft:glass_pane"}; Input does not contain a key [neoforge:ingredient_type]: MapLike[{"item":"minecraft:glass_pane"}]']
[24Nov2024 15:49:46.752] [Worker-Main-8/ERROR] [net.minecraft.server.packs.resources.SimpleJsonResourceReloadListener/]: Couldn't parse data file 'mob_farms:turtle1_farm' from 'mob_farms:recipe/turtle1_farm.json': DataResult.Error['Map entry '#' : Failed to parse either. First: Input does not contain a key [type]: MapLike[{"item":"minecraft:glass_pane"}]; Second: Failed to parse either. First: Not a string: {"item":"minecraft:glass_pane"}; Second: Failed to parse either. First: Not a json array: {"item":"minecraft:glass_pane"}; Second: Not a string: {"item":"minecraft:glass_pane"}; Input does not contain a key [neoforge:ingredient_type]: MapLike[{"item":"minecraft:glass_pane"}]']
[24Nov2024 15:49:46.753] [Worker-Main-8/ERROR] [net.minecraft.server.packs.resources.SimpleJsonResourceReloadListener/]: Couldn't parse data file 'mob_farms:turtle_farm' from 'mob_farms:recipe/turtle_farm.json': DataResult.Error['Map entry '#' : Failed to parse either. First: Input does not contain a key [type]: MapLike[{"item":"minecraft:glass_pane"}]; Second: Failed to parse either. First: Not a string: {"item":"minecraft:glass_pane"}; Second: Failed to parse either. First: Not a json array: {"item":"minecraft:glass_pane"}; Second: Not a string: {"item":"minecraft:glass_pane"}; Input does not contain a key [neoforge:ingredient_type]: MapLike[{"item":"minecraft:glass_pane"}]']
[24Nov2024 15:49:46.754] [Worker-Main-8/ERROR] [net.minecraft.server.packs.resources.SimpleJsonResourceReloadListener/]: Couldn't parse data file 'mob_farms:vindicator1_farm' from 'mob_farms:recipe/vindicator1_farm.json': DataResult.Error['Map entry '#' : Failed to parse either. First: Input does not contain a key [type]: MapLike[{"item":"minecraft:glass_pane"}]; Second: Failed to parse either. First: Not a string: {"item":"minecraft:glass_pane"}; Second: Failed to parse either. First: Not a json array: {"item":"minecraft:glass_pane"}; Second: Not a string: {"item":"minecraft:glass_pane"}; Input does not contain a key [neoforge:ingredient_type]: MapLike[{"item":"minecraft:glass_pane"}]']
[24Nov2024 15:49:46.754] [Worker-Main-8/ERROR] [net.minecraft.server.packs.resources.SimpleJsonResourceReloadListener/]: Couldn't parse data file 'mob_farms:vindicator2_farm' from 'mob_farms:recipe/vindicator2_farm.json': DataResult.Error['Map entry '#' : Failed to parse either. First: Input does not contain a key [type]: MapLike[{"item":"minecraft:glass_pane"}]; Second: Failed to parse either. First: Not a string: {"item":"minecraft:glass_pane"}; Second: Failed to parse either. First: Not a json array: {"item":"minecraft:glass_pane"}; Second: Not a string: {"item":"minecraft:glass_pane"}; Input does not contain a key [neoforge:ingredient_type]: MapLike[{"item":"minecraft:glass_pane"}]']
[24Nov2024 15:49:46.754] [Worker-Main-8/ERROR] [net.minecraft.server.packs.resources.SimpleJsonResourceReloadListener/]: Couldn't parse data file 'mob_farms:vindicator_farm' from 'mob_farms:recipe/vindicator_farm.json': DataResult.Error['Map entry '#' : Failed to parse either. First: Input does not contain a key [type]: MapLike[{"item":"minecraft:glass_pane"}]; Second: Failed to parse either. First: Not a string: {"item":"minecraft:glass_pane"}; Second: Failed to parse either. First: Not a json array: {"item":"minecraft:glass_pane"}; Second: Not a string: {"item":"minecraft:glass_pane"}; Input does not contain a key [neoforge:ingredient_type]: MapLike[{"item":"minecraft:glass_pane"}]']
[24Nov2024 15:49:46.756] [Worker-Main-8/ERROR] [net.minecraft.server.packs.resources.SimpleJsonResourceReloadListener/]: Couldn't parse data file 'mob_farms:warden_farm' from 'mob_farms:recipe/warden_farm.json': DataResult.Error['Map entry '#' : Failed to parse either. First: Input does not contain a key [type]: MapLike[{"item":"minecraft:glass_pane"}]; Second: Failed to parse either. First: Not a string: {"item":"minecraft:glass_pane"}; Second: Failed to parse either. First: Not a json array: {"item":"minecraft:glass_pane"}; Second: Not a string: {"item":"minecraft:glass_pane"}; Input does not contain a key [neoforge:ingredient_type]: MapLike[{"item":"minecraft:glass_pane"}]']
[24Nov2024 15:49:46.756] [Worker-Main-10/ERROR] [net.minecraft.server.packs.resources.SimpleJsonResourceReloadListener/]: Couldn't parse data file 'mob_farms:recipe/unlimited_power' from 'mob_farms:advancement/recipe/unlimited_power.json': DataResult.Error['Unknown registry key in ResourceKey[minecraft:root / minecraft:trigger_type]: mobfarms:wither_farm_trigger missed input: {"wither_farm_crafted":{"trigger":"mobfarms:wither_farm_trigger","conditions":{"item":{"items":["mobfarms:wither_farm"]}}}}; Advancement criteria cannot be empty; No key id in MapLike[{"item":"minecraft:nether_star"}]']
[24Nov2024 15:49:46.763] [Worker-Main-8/ERROR] [net.minecraft.server.packs.resources.SimpleJsonResourceReloadListener/]: Couldn't parse data file 'mob_farms:witch_farm' from 'mob_farms:recipe/witch_farm.json': DataResult.Error['Map entry '#' : Failed to parse either. First: Input does not contain a key [type]: MapLike[{"item":"minecraft:glass_pane"}]; Second: Failed to parse either. First: Not a string: {"item":"minecraft:glass_pane"}; Second: Failed to parse either. First: Not a json array: {"item":"minecraft:glass_pane"}; Second: Not a string: {"item":"minecraft:glass_pane"}; Input does not contain a key [neoforge:ingredient_type]: MapLike[{"item":"minecraft:glass_pane"}]']
[24Nov2024 15:49:46.764] [Worker-Main-8/ERROR] [net.minecraft.server.packs.resources.SimpleJsonResourceReloadListener/]: Couldn't parse data file 'mob_farms:wither_farm' from 'mob_farms:recipe/wither_farm.json': DataResult.Error['No key id in MapLike[{"item":"mob_farms:wither_farm","count":1}]; Map entry '#' : Failed to parse either. First: Input does not contain a key [type]: MapLike[{"item":"minecraft:wither_skeleton_skull"}]; Second: Failed to parse either. First: Not a string: {"item":"minecraft:wither_skeleton_skull"}; Second: Failed to parse either. First: Not a json array: {"item":"minecraft:wither_skeleton_skull"}; Second: Not a string: {"item":"minecraft:wither_skeleton_skull"}; Input does not contain a key [neoforge:ingredient_type]: MapLike[{"item":"minecraft:wither_skeleton_skull"}]']
[24Nov2024 15:49:46.764] [Worker-Main-8/ERROR] [net.minecraft.server.packs.resources.SimpleJsonResourceReloadListener/]: Couldn't parse data file 'mob_farms:wither_skeleton_farm' from 'mob_farms:recipe/wither_skeleton_farm.json': DataResult.Error['Map entry '#' : Failed to parse either. First: Input does not contain a key [type]: MapLike[{"item":"minecraft:glass_pane"}]; Second: Failed to parse either. First: Not a string: {"item":"minecraft:glass_pane"}; Second: Failed to parse either. First: Not a json array: {"item":"minecraft:glass_pane"}; Second: Not a string: {"item":"minecraft:glass_pane"}; Input does not contain a key [neoforge:ingredient_type]: MapLike[{"item":"minecraft:glass_pane"}]']
[24Nov2024 15:49:46.766] [Worker-Main-8/ERROR] [net.minecraft.server.packs.resources.SimpleJsonResourceReloadListener/]: Couldn't parse data file 'mob_farms:zoglin_farm' from 'mob_farms:recipe/zoglin_farm.json': DataResult.Error['Map entry '#' : Failed to parse either. First: Input does not contain a key [type]: MapLike[{"item":"minecraft:glass_pane"}]; Second: Failed to parse either. First: Not a string: {"item":"minecraft:glass_pane"}; Second: Failed to parse either. First: Not a json array: {"item":"minecraft:glass_pane"}; Second: Not a string: {"item":"minecraft:glass_pane"}; Input does not contain a key [neoforge:ingredient_type]: MapLike[{"item":"minecraft:glass_pane"}]']
[24Nov2024 15:49:46.766] [Worker-Main-8/ERROR] [net.minecraft.server.packs.resources.SimpleJsonResourceReloadListener/]: Couldn't parse data file 'mob_farms:zombie_farm' from 'mob_farms:recipe/zombie_farm.json': DataResult.Error['Map entry '#' : Failed to parse either. First: Input does not contain a key [type]: MapLike[{"item":"minecraft:glass_pane"}]; Second: Failed to parse either. First: Not a string: {"item":"minecraft:glass_pane"}; Second: Failed to parse either. First: Not a json array: {"item":"minecraft:glass_pane"}; Second: Not a string: {"item":"minecraft:glass_pane"}; Input does not contain a key [neoforge:ingredient_type]: MapLike[{"item":"minecraft:glass_pane"}]']
[24Nov2024 15:49:46.767] [Worker-Main-8/ERROR] [net.minecraft.server.packs.resources.SimpleJsonResourceReloadListener/]: Couldn't parse data file 'mob_farms:zombified_piglin_farm' from 'mob_farms:recipe/zombified_piglin_farm.json': DataResult.Error['Map entry '#' : Failed to parse either. First: Input does not contain a key [type]: MapLike[{"item":"minecraft:glass_pane"}]; Second: Failed to parse either. First: Not a string: {"item":"minecraft:glass_pane"}; Second: Failed to parse either. First: Not a json array: {"item":"minecraft:glass_pane"}; Second: Not a string: {"item":"minecraft:glass_pane"}; Input does not contain a key [neoforge:ingredient_type]: MapLike[{"item":"minecraft:glass_pane"}]']
[24Nov2024 15:49:46.865] [Worker-Main-10/ERROR] [net.minecraft.server.packs.resources.SimpleJsonResourceReloadListener/]: Couldn't parse data file 'mob_farms:unlimited_power' from 'mob_farms:advancement/unlimited_power.json': DataResult.Error['Unknown registry key in ResourceKey[minecraft:root / minecraft:trigger_type]: mobfarms:wither_farm_trigger missed input: {"wither_farm_crafted":{"trigger":"mobfarms:wither_farm_trigger","conditions":{"item":{"items":["mobfarms:wither_farm"]}}}}; Advancement criteria cannot be empty; No key id in MapLike[{"item":"minecraft:nether_star"}]']
[24Nov2024 15:49:46.865] [Render thread/INFO] [net.minecraft.world.item.crafting.RecipeManager/]: Loaded 1337 recipes
[24Nov2024 15:49:46.876] [Render thread/INFO] [net.minecraft.advancements.AdvancementTree/]: Loaded 1448 advancements
[24Nov2024 15:49:46.995] [Server thread/INFO] [net.minecraft.client.server.IntegratedServer/]: Starting integrated minecraft server version 1.21.3
[24Nov2024 15:49:46.996] [Server thread/INFO] [net.minecraft.server.MinecraftServer/]: Generating keypair
[24Nov2024 15:49:47.254] [Server thread/INFO] [net.minecraft.server.MinecraftServer/]: Preparing start region for dimension minecraft:overworld
[24Nov2024 15:49:47.868] [progressListener/INFO] [net.minecraft.server.level.progress.LoggerChunkProgressListener/]: Preparing spawn area: 0%
[24Nov2024 15:49:47.868] [progressListener/INFO] [net.minecraft.server.level.progress.LoggerChunkProgressListener/]: Preparing spawn area: 0%
[24Nov2024 15:49:47.932] [progressListener/INFO] [net.minecraft.server.level.progress.LoggerChunkProgressListener/]: Time elapsed: 675 ms
[24Nov2024 15:49:47.933] [Server thread/INFO] [net.neoforged.neoforge.server.permission.PermissionAPI/]: Successfully initialized permission handler neoforge:default_handler
[24Nov2024 15:49:47.990] [Server thread/INFO] [net.minecraft.client.server.IntegratedServer/]: Changing view distance to 12, from 10
[24Nov2024 15:49:47.992] [Server thread/INFO] [net.minecraft.client.server.IntegratedServer/]: Changing simulation distance to 12, from 0
[24Nov2024 15:49:48.617] [Server thread/INFO] [net.minecraft.server.players.PlayerList/]: Dev[local:E:3d9ae658] logged in with entity id 70 at (38.227551283913776, 94.0, 4.115904089444997)
[24Nov2024 15:49:48.656] [Server thread/INFO] [net.minecraft.server.MinecraftServer/]: Dev joined the game
[24Nov2024 15:49:48.670] [Render thread/INFO] [Iris/]: Reloading pipeline on dimension change: minecraft:overworld => minecraft:overworld
[24Nov2024 15:49:48.670] [Render thread/INFO] [Iris/]: Destroying pipeline minecraft:overworld
[24Nov2024 15:49:48.670] [Render thread/INFO] [Iris/]: Creating pipeline for dimension minecraft:overworld
[24Nov2024 15:49:48.795] [Render thread/INFO] [ChunkBuilder/]: Started 6 worker threads
[24Nov2024 15:49:48.861] [Render thread/INFO] [net.minecraft.advancements.AdvancementTree/]: Loaded 21 advancements
[24Nov2024 15:49:49.385] [Server thread/INFO] [net.minecraft.client.server.IntegratedServer/]: Saving and pausing game...
[24Nov2024 15:49:49.403] [Server thread/INFO] [net.minecraft.server.MinecraftServer/]: Saving chunks for level 'ServerLevel[New World]'/minecraft:overworld
[24Nov2024 15:49:49.437] [Server thread/INFO] [net.minecraft.server.MinecraftServer/]: Saving chunks for level 'ServerLevel[New World]'/minecraft:the_end
[24Nov2024 15:49:49.437] [Server thread/INFO] [net.minecraft.server.MinecraftServer/]: Saving chunks for level 'ServerLevel[New World]'/minecraft:the_nether
[24Nov2024 15:50:06.950] [Server thread/INFO] [net.minecraft.server.MinecraftServer/]: [Dev: Set own game mode to Survival Mode]
[24Nov2024 15:50:06.960] [Render thread/INFO] [net.minecraft.client.gui.components.ChatComponent/]: [System] [CHAT] Set own game mode to Survival Mode
[24Nov2024 15:50:15.514] [Server thread/INFO] [net.minecraft.server.MinecraftServer/]: [Dev: Set own game mode to Creative Mode]
[24Nov2024 15:50:15.520] [Render thread/INFO] [net.minecraft.client.gui.components.ChatComponent/]: [System] [CHAT] Set own game mode to Creative Mode
[24Nov2024 15:50:20.836] [Server thread/INFO] [net.minecraft.client.server.IntegratedServer/]: Saving and pausing game...
[24Nov2024 15:50:20.847] [Server thread/INFO] [net.minecraft.server.MinecraftServer/]: Saving chunks for level 'ServerLevel[New World]'/minecraft:overworld
[24Nov2024 15:50:20.859] [Server thread/INFO] [net.minecraft.server.MinecraftServer/]: Saving chunks for level 'ServerLevel[New World]'/minecraft:the_end
[24Nov2024 15:50:20.860] [Server thread/INFO] [net.minecraft.server.MinecraftServer/]: Saving chunks for level 'ServerLevel[New World]'/minecraft:the_nether
[24Nov2024 15:53:11.954] [Server thread/INFO] [net.minecraft.server.MinecraftServer/]: [Dev: Set own game mode to Survival Mode]
[24Nov2024 15:53:11.961] [Render thread/INFO] [net.minecraft.client.gui.components.ChatComponent/]: [System] [CHAT] Set own game mode to Survival Mode
[24Nov2024 15:53:21.071] [Server thread/INFO] [net.minecraft.server.MinecraftServer/]: [Dev: Set own game mode to Creative Mode]
[24Nov2024 15:53:21.078] [Render thread/INFO] [net.minecraft.client.gui.components.ChatComponent/]: [System] [CHAT] Set own game mode to Creative Mode
[24Nov2024 15:53:26.328] [Server thread/INFO] [net.minecraft.server.MinecraftServer/]: [Dev: Set own game mode to Survival Mode]
[24Nov2024 15:53:26.335] [Render thread/INFO] [net.minecraft.client.gui.components.ChatComponent/]: [System] [CHAT] Set own game mode to Survival Mode
[24Nov2024 15:53:29.129] [Server thread/INFO] [net.minecraft.server.MinecraftServer/]: [Dev: Set own game mode to Creative Mode]
[24Nov2024 15:53:29.135] [Render thread/INFO] [net.minecraft.client.gui.components.ChatComponent/]: [System] [CHAT] Set own game mode to Creative Mode
[24Nov2024 15:53:35.368] [Server thread/INFO] [net.minecraft.server.MinecraftServer/]: Dev has made the advancement [Monster Hunter]
[24Nov2024 15:53:35.374] [Render thread/INFO] [net.minecraft.client.gui.components.ChatComponent/]: [System] [CHAT] Dev has made the advancement [Monster Hunter]
[24Nov2024 15:53:35.400] [Render thread/INFO] [net.minecraft.advancements.AdvancementTree/]: Loaded 60 advancements
[24Nov2024 15:53:37.094] [Render thread/INFO] [net.minecraft.advancements.AdvancementTree/]: Loaded 68 advancements
[24Nov2024 15:53:38.674] [Server thread/INFO] [net.minecraft.server.MinecraftServer/]: [Dev: Set own game mode to Survival Mode]
[24Nov2024 15:53:38.682] [Render thread/INFO] [net.minecraft.client.gui.components.ChatComponent/]: [System] [CHAT] Set own game mode to Survival Mode
[24Nov2024 15:53:41.185] [Server thread/INFO] [net.minecraft.client.server.IntegratedServer/]: Saving and pausing game...
[24Nov2024 15:53:41.195] [Server thread/INFO] [net.minecraft.server.MinecraftServer/]: Saving chunks for level 'ServerLevel[New World]'/minecraft:overworld
[24Nov2024 15:53:41.207] [Server thread/INFO] [net.minecraft.server.MinecraftServer/]: Saving chunks for level 'ServerLevel[New World]'/minecraft:the_end
[24Nov2024 15:53:41.209] [Server thread/INFO] [net.minecraft.server.MinecraftServer/]: Saving chunks for level 'ServerLevel[New World]'/minecraft:the_nether
[24Nov2024 15:53:41.992] [Server thread/INFO] [net.minecraft.server.network.ServerGamePacketListenerImpl/]: Dev lost connection: Disconnected
[24Nov2024 15:53:41.992] [Server thread/INFO] [net.minecraft.server.MinecraftServer/]: Dev left the game
[24Nov2024 15:53:41.999] [Server thread/INFO] [net.minecraft.server.network.ServerCommonPacketListenerImpl/]: Stopping singleplayer server as player logged out
[24Nov2024 15:53:42.047] [Server thread/INFO] [net.minecraft.server.MinecraftServer/]: Stopping server
[24Nov2024 15:53:42.047] [Server thread/INFO] [net.minecraft.server.MinecraftServer/]: Saving players
[24Nov2024 15:53:42.049] [Server thread/INFO] [net.minecraft.server.MinecraftServer/]: Saving worlds
[24Nov2024 15:53:42.743] [Server thread/INFO] [net.minecraft.server.MinecraftServer/]: Saving chunks for level 'ServerLevel[New World]'/minecraft:overworld
[24Nov2024 15:53:42.815] [Server thread/INFO] [net.minecraft.server.MinecraftServer/]: Saving chunks for level 'ServerLevel[New World]'/minecraft:the_end
[24Nov2024 15:53:42.818] [Server thread/INFO] [net.minecraft.server.MinecraftServer/]: Saving chunks for level 'ServerLevel[New World]'/minecraft:the_nether
[24Nov2024 15:53:42.824] [Server thread/INFO] [net.minecraft.server.MinecraftServer/]: ThreadedAnvilChunkStorage (New World (3)): All chunks are saved
[24Nov2024 15:53:42.824] [Server thread/INFO] [net.minecraft.server.MinecraftServer/]: ThreadedAnvilChunkStorage (DIM1): All chunks are saved
[24Nov2024 15:53:42.824] [Server thread/INFO] [net.minecraft.server.MinecraftServer/]: ThreadedAnvilChunkStorage (DIM-1): All chunks are saved
[24Nov2024 15:53:42.824] [Server thread/INFO] [net.minecraft.server.MinecraftServer/]: ThreadedAnvilChunkStorage: All dimensions are saved
[24Nov2024 15:53:42.859] [Render thread/INFO] [ChunkBuilder/]: Stopping worker threads
[24Nov2024 15:53:43.485] [Render thread/INFO] [net.minecraft.client.Minecraft/]: Stopping!
>>>>>>> Stashed changes
